rank,french,pos,gender,english,sentence_fr,sentence_en,ipa
1,le,"det, pro",,"the; him, her, it, them","vive la politique, vive l’amour","long live politics, long live love",lə
2,de,"det, prep",,"of, from, some, any",il ne rêve que d’argent et de plaisirs,he only dreams of money and pleasure,"də, dy, de"
3,un,"adj, det, nm, pro",,"a, an, one",je me suis cassé un ongle,I broke one of my fingernails,œ͂
4,à,prep,,"to, at, in",ils restent à l’école le plus longtemps possible,they remain at school as long as possible,a
5,être,"nm,v",,to be; being,tout le monde veut être beau,everybody wants to be beautiful,ɛtʀ
6,et,conj,,and,et les larmes se remirent à couler,and the tears started flowing again,e
7,en,"adv,prep,pro",,"in, by",je suis retournée en Espagne en septembre,I returned to Spain in September,ɑ͂
8,avoir,"nm,v",,to have,on était six donc tu peux pas avoir une conversation,there were six of us so you can’t have a conversation,avwaʀ
9,que,"adv,conj,pro",,"that, which, who, whom",c’est un soldat. mais que fait-il ici?,it’s a soldier. but what’s he doing here?,kə
10,pour,prep,,"for, in order to",elle jouait pour gagner,she played to win,puʀ
11,dans,prep,,"in, into, from",je reviendrai dans dix minutes,I will return in 10 minutes,dɑ͂
12,ce,"det,pro",,"this, that",je ne déteste pas cet homme,I do not detest this man,sə
13,il,pro,,"he, it",allez voir s’il est blessé,go see if he is injured,il
14,qui,pro,,"who, whom",je ne sais pas à qui m’adresser,I don’t know who to talk to,ki
15,ne,adv,,not,nous ne faisons pas du très bon travail,we are not doing very good work,nə
16,sur,"adj,prep",,"on, upon",t’avais une chance sur un million,you had one chance in a million,syʀ
17,se,pro,,"oneself, himself, herself, itself, themselves","avec ce traité, le Japon se rapproche des Etats-Unis","with this treaty, Japan brings itself closer to the U.S.",sə
18,pas,"adv,nm(pl)",masculine,"not, n’t; footstep","non, ne touchez pas!","no, don’t touch it!",pɑ
19,plus,adv,,"more, no more",il est considérablement plus jeune que moi,he’s considerably younger than I am,ply
20,pouvoir,"nm,v",,"can, to be able to",tu peux jouer de la guitare électrique,you can play electric guitar,puvwaʀ
21,par,prep,,by,il s’y trouvait par hasard,he found himself there by accident,paʀ
22,je,pro,,I,je suis contente de vous revoir,I am happy to see you again,"ʒə, ʒ"
23,avec,prep,,with,vous voulez aller au ciné avec moi?,do you want to go to a movie with me?,avɛk
24,tout,"adv,det,nadj,pro",,"all, very","comme vous voyez, tout est propre","as you see, everything is clean",tu
25,faire,"nm,v",,"to do, make",qu’est-ce qu’il fait?,what’s he doing?,fɛʀ
26,son,"det,nm",masculine,"his, her, its; sound; bran",un ami ingénieur du son m’aide pour les arrangements,a sound engineer friend of mine helped me with the arrangements,sɔ͂
27,mettre,v,,"to put, place",je peux me mettre à votre table?,may I sit at your table?,mɛtʀ
28,autre,"det,nadj(f),pro",,other,il y a un autre problème,there’s another problem,otʀ
29,on,pro,,"one, we",on tire et on pose les questions ensuite,we shoot first and ask questions later,ɔ͂
30,mais,"adv,conj,intj",,but,"je ne suis pas riche, mais je connais la vérité","I’m not rich, but I know the truth",mɛ
31,nous,pro,,"we, us",nous devons nous défendre nous-mêmes,we must defend ourselves,nu
32,comme,"adv,conj",,"like, as","Tony et moi, on est comme des frères","Tony and I, we’re like brothers",kɔm
33,ou,conj,,or,il en reste du café ou pas?,is there some coffee left or not?,u
34,si,"adv,conj,nmi",,"if, whether","aujourd’hui, notre économie va si mal",today our economy is going so poorly,si
35,leur,"det,adj(f),pro",,"them, their, theirs",l’énergie solaire assurait leur survie,solar energy assured their survival,lœʀ
36,y,"adv,nmi,pro",,there,c’est certain qu’on va y aller,it’s for certain that we’ll be going there,igʀɛk
37,dire,"nm,v",,to say,je décrochais le téléphone sans rien dire à personne,I picked up the telephone receiver without saying anything to anyone,diʀ
38,elle,pro,,"she, her",j’étais fou amoureux. elle m’aimait bien,I was head-over-heels in love. she loved me a lot,ɛl
39,devoir,"nm,v",,"to have to, owe; duty",je dois travailler sans la moindre entrave,I must work without the least bit of hindrance,d(ə)vwaʀ
40,avant,"adji,adv,nm,prep",,before,tu vas te pencher en avant,you’re going to lean forward,avɑ͂
41,deux,"det,nmi",,two,il prend le train deux fois par semaine pour affaires,he takes the train on business twice per week,dø
42,même,"adj(f),adv,pro",,"same, even, self",ils ne s’excusent même pas,they don’t even excuse themselves,mɛm
43,prendre,v,,to take,elle lui prit la main,she took him by the hand,pʀɑ͂dʀ
44,aussi,"adv,conj",,"too, also, as",je rêvais aussi de beaucoup voyager,I also dreamed of traveling a lot,osi
45,celui,pro,,"that, the one, he, him",tu es celui que je respecte le plus,you’re the one I respect the most,səlɥi
46,donner,v,,to give,j’aurais donné ma vie pour lui,I would have given my life for him,dɔne
47,bien,"adji,adv,nm",masculine,well,tout va bien maintenant,everything’s going well now,bjɛ͂
48,où,"adv,pro",,where,on ne dit pas où il vit,they aren’t saying where he lives,u
49,fois,nf(pl),feminine,"time, times",lève la main une fois,raise your hand one time,fwa
50,vous,pro,,you,"ici, vous avez une personnalité publique","here, you are a public personality",vu
51,encore,adv,,"again, yet",tu as encore menti à ta femme,you lied once again to your wife,ɑ͂kɔʀ
52,nouveau,"adj,nm",,new,il a construit une nouvelle vie ici,he made a new life for himself here,nuvo
53,aller,"nm,v",,to go,"tu devrais aller te coucher, tu as l’air vanné","you should go to bed, you look wiped out",ale
54,cela,pro,,"that, it",cela demande de l’intégrité et du courage,that requires integrity and courage,s(ə)la
55,entre,prep,,between,je marche entre les maisons,I’m walking between the houses,ɑ͂tʀ
56,premier,"det,nadj",,first,"est-elle la première épouse, la deuxième?","is she the first wife, the second one?",pʀəmje
57,vouloir,"nm,v",,to want,tu veux faire ton chemin. c’est bien,you want to continue on your way. that’s OK,vulwaʀ
58,déjà,adv,,already,les rues étaient déjà pleines de monde,the streets were already full of people,deʒa
59,grand,"adv,nadj",,"great, big, tall",tu es plus grand que je pensais,you’re taller than I thought,"gʀɑ͂, gʀɑ͂d"
60,mon,det,,my,t’aurais pu rencontrer mon copain,you could’ve met my buddy,"mɔ͂, me"
61,me,pro,,"me, to me, myself",reviens me voir dans cinq ou six ans,come back to see me in five or six years,mə
62,moins,"adji(pl),adv,nm(pl),prep",,less,il avait moins d’excuses encore que ses complices,he had even less excuses than his accomplices did,mwɛ͂
63,aucun,"det,adj,pro",,"none, either, neither, not any",trop d’argent et aucun goût,too much money and no taste,"okœ͂, okyn"
64,lui,pro,,"him, her",mais j’ai confiance qu’en lui,but I have confidence in him,lɥi
65,temps,nm(pl),masculine,time,"sur le plan spirituel, le temps n’existe pas","on the spiritual level, time does not exist",tɑ͂
66,très,adv,,very,"j’ai été bonne? très, très bonne","was I good? very, very good",tʀɛ
67,savoir,"nm,v",,to know,je ne savais plus quoi dire,I didn’t know what to say any more,savwaʀ
68,falloir,v,,"to take, require, need","il ne faut pas être raciste, point","there’s no need to be a racist, at all",falwaʀ
69,voir,v,,to see,je tenais seulement à te voir pour te dire ... bonne chance,I just wanted to see you to say ... good luck,vwaʀ
70,quelque,"adv,adj,det",,some,il restera pour quelques mois,he will stay for a few months,kɛlk
71,sans,prep,,without,je fais plus jeune sans maquillage,I look younger without makeup,sɑ͂
72,raison,nf,feminine,reason,"elle a raison, tu sais","she’s right, you know",ʀɛzɔ͂
73,notre,det,,our,notre ville a le sens de la communauté,our city has a sense of community,"nɔtʀ, no"
74,dont,pro,,"whose, of which",on a tout ce dont tu rêvais en ville,everything you dreamed about is available in town,dɔ͂
75,non,"adv,nmi",,"no, not","non, je ne peux pas parler maintenant","no, I can’t talk now",nɔ͂
76,an,nm,masculine,year,j’avais un an à la mort de mon père,I was one year old when my father died,ɑ͂
77,monde,nm,masculine,"world, people",notre ultime but est de reconstruire le monde,our ultimate goal is to remake the world,mɔ͂d
78,jour,nm,masculine,day,"un jour, je retrouverais mes vrais parents","one day, I would find my real parents",ʒuʀ
79,monsieur,nm,masculine,"mister, sir, gentleman","comment allez-vous , monsieur?","how are you, sir?","məsjø, mesjø"
80,demander,v,,to ask for,j’ai un service à vous demander,I would like to ask you to do something for me,d(ə)mɑ͂de
81,alors,adv,,"then, so",et alors? vous revenez quand?,so? when are you coming back ?,alɔʀ
82,après,"adv,prep",,after,il a succombé à ses blessures peu après,he shortly thereafter succumbed to his wounds,apʀɛ
83,trouver,v,,to find,j’ai trouvé du sang. sur le siège avant,I found some blood. on the front seat,tʀuve
84,personne,"nf,pro",feminine,"person, people, anybody, anyone, nobody",il ne parlait à personne en particulier,he was speaking to nobody in particular,pɛʀsɔn
85,rendre,v,,"to render, return, yield, give up",je m’y rendis à 4 heures du matin,I went there at 4 o’clock in the morning,ʀɑ͂dʀ
86,part,nf,feminine,share,je voudrais vous faire part de quelques données,I want to share some data with you,paʀ
87,dernier,nadj,,last,c’est le dernier endroit où vous auriez dû vous rencontrer,that’s the last place you should have met,dɛʀnje
88,venir,v,,to come,venez rencontrer les autres,come meet the others,v(ə)niʀ
89,pendant,"adj,prep,nm",,during; pendant,où t’étais pendant tout ce temps?,where were you all of this time?,pɑ͂dɑ͂
90,passer,v,,to pass,nous sommes passées devant la maison de ma grand-mère,we went past the front of my grandmother’s place,pɑse
91,peu,adv,masculine,little,un secret se dévoile peu à peu,a secret unfolds little by little,pø
92,lequel,pro,,"who, whom, which",il y a bien des points sur lesquels je voudrais faire des commentaires,there are many points on which I would like to comment,"ləkɛl, lakɛl, lekɛl"
93,suite,nf,feminine,"result, follow-up, rest","deux, trois et ainsi de suite","two, three, and so on",sɥit
94,bon,"adj,adv,intj,nm",masculine,good,ce n’est pas le bon moment,it’s not a good time,bɔ͂
95,comprendre,v,,to understand,je comprends que vous soyez fâché,I understand that you’re upset,kɔ͂pʀɑ͂dʀ
96,depuis,"adv,prep",,"since, for",je le connais depuis le lycée,I have known him since high school,dəpɥi
97,point,"adv,nm",masculine,point; at all,je suis d’accord avec ce point de vue,I’m in agreement with that point of view,pwɛ͂
98,ainsi,adv,,thus,qu’est-ce qui le pousse à agir ainsi?,what drives him to act that way?,ɛ͂si
99,heure,nf,feminine,hour,a quelle heure sont-ils partis?,at what time did they leave?,œʀ
100,rester,v,,to stay,"le temps qu’il te reste, trouve une solution","in the remaining time, find a solution",ʀɛste
101,seul,adj,,"alone, only",parler tout seul était signe d’aliénation,talking to oneself was a sign of loneliness,sœl
102,année,nf,feminine,year,il devait se présenter l’année suivante,he had to show up the next year,ane
103,toujours,adv,,always,tu es toujours en retard,you’re always late,tuʒuʀ
104,tenir,v,,to hold,c’est une porte de sécurité. tiens ça,it’s a security door. hold this,t(ə)niʀ
105,porter,"nm,v",,"to wear, carry",il a porté le maillot jaune un jour,he wore the yellow jersey one day,pɔʀte
106,parler,"nm,v",,to speak,je sais de quoi je parle,I know what I’m talking about,paʀle
107,fort,"adv,adj,nm",masculine,strong,c’est une femme forte,she is a strong woman,fɔʀ
108,montrer,v,,to show,c’est une étrange façon de montrer votre reconnaissance,that’s a strange way to show your gratitude,mɔ͂tʀe
109,là,"adv,intj",,"there, here",je n’étais pas passé par là,I hadn’t passed by there,la
110,certain,"adj,det,nm,pro",,"certain, sure",certains ont affirmé que le gouvernement était trop faible,some contend that the government was too weak,"sɛʀtɛ͂, ɛn"
111,fin,"adj,adv,nf,nm",feminine,end; gist; clever person,la fin est importante en toutes choses,the endingisimportantineverything,fɛ͂
112,tu,pro,,you,"a ma place, tu ne le ferais pas","in my position, you would not do it",ty
113,continuer,v,,to continue,tu continues de m’impressionner,you continue to impress me,kɔ͂tinɥe
114,pays,nm(pl),masculine,country,ils vivent dans ce beau pays,they live in this beautiful country,pei
115,trois,"det,nmi",,three,les trois chasseurs étaient en pleine lumière,the three hunters were directly in the light,tʀwɑ
116,penser,"nm,v",,to think,je pense que vous le connaissez bien,I think you know him very well,pɑ͂se
117,lieu,nm,masculine,place,je suis né dans un lieu public,I was born in a public place,ljø
118,partie,nf,feminine,part,il garde la majeure partie de cet argent,he’s keeping most of that money,paʀti
119,quand,"adv,conj",,when,tu aurais dû me tuer quand tu en as eu l’occasion,you should have killed me when you had the chance,kɑ͂
120,suivre,v,,to follow,"les autres, suivez-moi!","everybody else, follow me!",sɥivʀ
121,contre,"adv,nm,prep",,against,"je vois, tu es en colère contre moi",I see you’re angry with me,kɔ͂tʀ
122,sous,prep,,under,juste sous ton nez,right under your nose,su
123,côté,nm,masculine,side,il s’arrête à côté du fauteuil,he stops beside the armchair,kote
124,ensemble,"adv,nm",masculine,together,on n’a jamais été si bien ensemble,we’ve never gotten along so well together,ɑ͂sɑ͂bl
125,chose,"adj(f),nf",feminine,thing,les choses pourraient bien changer à l’avenir,things could change in the future,ʃoz
126,enfant,"nm,nf,adj(f)",masc / fem,child,mes enfants sont en vie,my children are alive,ɑ͂fɑ͂
127,cause,nf,feminine,cause,ces hallucinations ont une cause,these hallucinations have a cause,koz
128,politique,nadj(f),feminine,politics; political,elle se spécialise en sciences politiques,her specialty is political science,pɔlitik
129,place,nf,feminine,"room, space, square, place",je n’aimerais pas être à votre place,I wouldn’t want to be in your stead,plas
130,seulement,adv,,only,"on va seulement rester quelques jours, ma chérie","we’re only going to stay a few days, my dear",sœlmɑ͂
131,moi,"nm,pro",,me,tu sors avec moi ce soir?,are you going out with me tonight?,mwa
132,vie,nf,feminine,life,je suis sûr qu’elle est en vie,I’m sure she’s alive,vi
133,connaître,v,,to know,je le connaissais depuis vingt ans,I had known him for twenty years,kɔnɛtʀ
134,jusque,"adv,prep",,"to, up to, until",ils me poursuivirent jusque dans la rue,they followed me right into the street,ʒysk
135,croire,v,,to believe,je n’arrive pas à y croire,I just can’t believe it,kʀwaʀ
136,homme,nm,masculine,man,l’homme est plus important que l’État,man is more important than country,ɔm
137,cas,nm(pl),masculine,case,"en tout cas, moi, je ne l’ai pas","in any case, I don’t have it",kɑ
138,petit,nadj,masculine,"small, little",ce petit drogué n’a pas tort,this little drug addict isn’t wrong,"p(ə)ti, it"
139,commencer,v,,"to begin, start",il est important que ces entretiens commencent immédiatement,it’s important that these meetings start immediately,kɔmɑ͂se
140,compter,v,,to count,je peux compter sur toi,I can count on you,kɔ͂te
141,fait,"adj,nm",masculine,"done, fact","dans les faits, il a raison","factually, he is correct",fɛ
142,tel,"adj,det,pro",,such,je vais m’abstenir d’employer un tel langage,I’m going to refrain from using such language,tɛl
143,droit,"adj,adv,nm",masculine,right,elle a le droit de tout savoir,she has the right to know everything,dʀwa
144,question,nf,feminine,question,je suis gêné de répondre à cette question,I’m embarrassed to answer this question,kɛstjɔ͂
145,donc,conj,,"so, then, therefore, thus",nous avons donc dû faire les calculs nous-mêmes,we had to do the calculations ourselves,dɔ͂k
146,quel,"det,adj,pro",,"which, what",quel livre cherchiez-vous?,which book are you looking for?,kɛl
147,général,nadj,masculine,general,voici quelques conseils généraux,here are a few general pieces of advice,ʒeneʀal
148,moment,nm,masculine,moment,arrête de parler pour un moment,stop talking for a moment,mɔmɑ͂
149,entendre,v,,to hear,j’ai entendu la nouvelle,I heard the news,ɑ͂tɑ͂dʀ
150,beaucoup,adv,,"much, a lot of, many",il est en mesure de révéler beaucoup de choses,he’s in a position to reveal many things,boku
151,chaque,"det,adj",,each,chaque entreprise doit avoir sa propre organisation,every company must have its own organization,ʃak
152,jeune,nadj(f),masc / fem,young,le gouvernement cherche à exploiter les jeunes,the government is trying to exploit young people,ʒœn
153,travail,nm,masculine,work,je ne prenais pas mon travail au sérieux,I wasn’t taking my work seriously,"tʀavaj, o"
154,femme,nf,feminine,"woman, wife",je vous déclare maintenant mari et femme,I now declare you husband and wife,fam
155,attendre,v,,to wait,ma mère m’attend dans la grande salle,my mother awaits me in the large room,atɑ͂dʀ
156,remettre,v,,"to deliver, replace, set, put",on s’est remis à marcher,we resumed walking,ʀ(ə)mɛtʀ
157,appeler,v,,to call,comment s’appelle-t-il?,what’s his name?,aple
158,permettre,v,,to allow,vous permettez que j’utilise votre téléphone?,would you allow me to use your telephone?,pɛʀmɛtʀ
159,occuper,v,,to occupy,sa main droite était occupée à tenir la petite valise,his right hand was busy holding the small suitcase,ɔkype
160,gouvernement,nm,masculine,government,le gouvernement a augmenté les impôts,the government increased taxes,guvɛʀnəmɑ͂
161,eux,pro,,them,c’est eux qui comptent,they are the ones who matter,ø
162,devenir,"nm,v",,to become,je suis très heureux que vous deveniez ma voisine,I’m very happy you’ve become my neighbor,dəv(ə)niʀ
163,partir,v,,to leave,il est parti à présent,he is gone for the moment,paʀtiʀ
164,plan,"adj,nm",masculine,plan,achetez donc un plan de la ville,so buy a map of the city,"plɑ͂, plan"
165,décider,v,,to decide,j’ai décidé d’écrire un roman,I decided to write a novel,deside
166,soit,"adv,conj",,either...or,il a pas le choix: soit il est une star soit il est rien,he doesn’t have a choice: either he’s a star or he’s nothing,swat
167,ici,adv,,here,moi je reste ici,I’m going to stay here,isi
168,rien,"adv,nm,pro",,nothing,"moi, je n’en sais rien",I don’t know anything about it,ʀjɛ͂
169,cours,"nfpl,nm(pl)",masculine,course,ils organisaient des petits cours et des séminaires,they organized short courses and seminars,kuʀ
170,affaire,nf,feminine,"business, matter",occupe-toi de tes affaires,mind your own business,afɛʀ
171,nom,nm,masculine,name,quel est son nom?,what is his name?,nɔ͂
172,famille,nf,feminine,family,il provient sûrement d’une excellente famille,he surely comes from an excellent family,famij
173,effet,nm,masculine,effect,"il s’agit, en effet, d’une question cruciale","it is, indeed, a crucial question",efɛ
174,arriver,v,,"to arrive, happen",cela ne m’était pas arrivé depuis,that hasn’t happened to me since,aʀive
175,possible,adj(f),masculine,possible,nous avons donc deux scénarios possibles,so we have two possible scenarios,pɔsibl
176,car,"conj,nm",,because; bus,"c’est dommage, car tu vas perdre un gros client","it’s too bad, because you’re going to lose a major customer",kaʀ
177,servir,v,,to serve,il m’a servi une coupe de champagne,he served me a glass of champagne,sɛʀviʀ
178,mois,nm(pl),masculine,month,il a écrit ce livre en deux mois,he wrote this book in two months,mwa
179,jamais,adv,,never,je jure de ne plus jamais te contacter,I swear I will never contact you again,ʒamɛ
180,sembler,v,,to seem,le processus semble irréversible,the process seems irreversible,sɑ͂ble
181,tant,adv,,"so much, so many",mais vous avez tant à enseigner,but you have so much to teach,tɑ͂
182,vers,"nm(pl),prep",,toward; verse,un tram se dirige vers toi. monte dedans,a tram is approaching you. get on it,vɛʀ
183,besoin,nm,masculine,need,nous avons vraiment besoin d’aide,we really need some help,bəzwɛ͂
184,revenir,v,,to come back,je sais qu’elle ne reviendra jamais,I know she will never return,"ʀ(ə)vəniʀ, ʀəvniʀ"
185,dès,prep,,"from, as soon",on me fera signe dès que vous descendrez,they’ll wave to me as soon as you get down there,dɛ
186,moyen,"adj,nm",masculine,"means, way; medium",il songeait aux moyens de profiter de sa victoire,he was dreaming of a way to profit from his victory,mwajɛ͂
187,groupe,nm,masculine,group,on va commencer avec le premier groupe,we’ll start with the first group,gʀup
188,problème,nm,masculine,problem,nous avons osé soulever le problème,we dared raise the problem,pʀɔblɛm
189,rapport,nm,masculine,"relationship, report",je propose que le rapport du comité soit adopté,I move that the committee’s report be adopted,ʀapɔʀ
190,peut-être,adv,,"perhaps, maybe",j’ai peut-être une idée,I might have an idea,pøtɛtʀ
191,vue,nf,feminine,view,"la vue est belle, de cette fenêtre",the view from this window is pretty,vy
192,maintenant,adv,,now,je ne peux pas partir maintenant,I can’t leave now,mɛ͂t(ə)nɑ͂
193,pourquoi,"adv,conj,nmi",,why,pourquoi tu ne m’invites pas?,why don’t you invite me?,puʀkwa
194,meilleur,nadj,masculine,"better, best",j’apprends à être un meilleur mari,I’m learning to be a better husband,mɛjœʀ
195,trop,adv,,"too much, too many",la vie est trop courte. essayez d’être heureuse,life is too short. try to be happy,tʀo
196,laisser,v,,to leave,il va nous laisser tranquilles,he’ll leave us alone,lese
197,ordre,nm,masculine,order,ce sont des scientifiques de premier ordre,they are first-rate scientists,ɔʀdʀ
198,devant,"adv,nm,prep",masculine,"in front, ahead",une fumée montait devant nous sur l’horizon,smoke billowed ahead of us on the horizon,d(ə)vɑ͂
199,recevoir,v,,to receive,il n’a plus reçu de lettres de moi,he didn’t receive any more letters from me,"ʀəs(ə)vwaʀ, ʀ(ə)səvwaʀ"
200,répondre,v,,to answer,j’aimerais y répondre par une autre question,I would like to respond to it with another question,ʀepɔ͂dʀ
201,vivre,"nm,v",,to live,aucune Marocaine ne vit seule dans le quartier,no Moroccan woman lives alone in the neighborhood,vivʀ
202,long,"adv,nadj",masculine,"long, lengthy","l’éducation sur le long terme paiera, j’en suis convaincu","long-term education pays off, I’m convinced of that",lɔ͂
203,service,nm,masculine,service,je faisais mon service militaire,I was doing my military service,sɛʀvis
204,ministre,"nm,nf",masc / fem,minister,les ministres se sont réunis dans la nuit,the ministers met during the night,ministʀ
205,face,nf,feminine,"front, side, face",on s’est trouvés face à face,we found ourselves face to face,fas
206,chez,prep,,"at, with",elle ira peut être vivre définitivement chez lui,she might go live with him permanently,ʃe
207,te,pro,,"you, to you, from you",je vais t’emmener chez un médecin,I’m going to take you to a doctor,tə
208,rappeler,v,,"to recall, call back",je ne me rappelle pas avoir été aussi heureux,I don’t remember having been that happy,ʀap(ə)le
209,présenter,v,,to present,papa je te présente Claire,"daddy, this is Claire",pʀezɑ͂te
210,accepter,v,,to accept,j’accepte avec plaisir votre aimable invitation,I accept with pleasure your kind invitation,aksɛpte
211,agir,v,,to act,c’est le moment d’agir,now is the time to act,aʒiʀ
212,simple,nadj(f),masculine,simple,on préférerait une réponse simple,we would prefer a simple answer,sɛ͂pl
213,plusieurs,"det,adj,pro",,several,il y a plusieurs formes d’humour,there are several types of humor,plyzjœʀ
214,votre,det,,your,permettez-moi de vous parler dans votre langue,allow me to speak to you in your language,vɔtʀ
215,important,nadj,masculine,important,c’est une question extrêmement importante,it’s an extremely important question,ɛ͂pɔʀtɑ͂
216,présent,nadj,masculine,present,il est trop tard pour dîner à présent,it’s too late to have supper now,pʀezɑ͂
217,mieux,"adji(pl),adv,nm",masculine,better,je ne vous ai jamais mieux aimée,I have never loved you more,mjø
218,poser,v,,"to put, pose, ask",je ne me posais plus de questions,I didn’t ask myself any more questions,poze
219,jouer,v,,to play,les enfants jouent dehors,the children are playing outside,ʒwe
220,mot,nm,masculine,word,je ne crois pas un mot sorti de ta petite bouche,I don’t believe a single word from your little mouth,mo
221,reconnaître,v,,to recognize,Joseph reconnut le chant de la grive,Joseph recognized the thrush’s song,ʀ(ə)kɔnɛtʀ
222,force,nf,feminine,force,parle-moi de ces forces surnaturelles,talk to me of these supernatural forces,fɔʀs
223,situation,nf,feminine,situation,"dans des situations aussi difficiles, il faut trancher","in such difficult situations, drastic measures must be taken",sitɥasjɔ͂
224,offrir,v,,to offer,"alors, je vous offre la vie éternelle",so I offer you eternal life,ɔfʀiʀ
225,près,"adv,prep",,"near, nearby, close by",il y a un siège vide près de vous,there’s an empty seat near you,pʀɛ
226,choisir,v,,to choose,c’est maintenant le moment de choisir,now is the moment to choose,ʃwaziʀ
227,national,nadj,,national,il y avait l’intérêt national français,the national interests of the French were involved,"nasjɔnal, o"
228,projet,nm,masculine,project,le gouvernement ne financerait aucun projet touchant cette pratique,the government would not fund any project involving this practice,pʀɔʒɛ
229,ni,conj,,nor,"je ne mange pas de viandes, ni de produits laitiers",I don’t eat meat or dairy products,ni
230,puis,adv,,"then, so","elle a tenté de me tuer, puis elle m’a chassée","she tried to kill me, then she chased me",pɥi
231,toucher,"nm,v",masculine,to touch,il lui touche l’épaule,he touches her shoulder,tuʃe
232,train,nm,masculine,train,je pris le train pour un aller-retour vers la mer,I took the train on a round-trip outing to the sea,tʀɛ͂
233,aujourd’hui,adv,,today,"je peux, aujourd’hui encore, en réciter",even today I can still recite some of them,oʒuʀdɥi
234,comment,"adv,conj,intj,nmi",masculine,how,voyons un peu comment les choses se sont passées,let’s take a look at how things unfolded,kɔmɑ͂
235,surtout,"adv,nm",masculine,"especially, above all",j’ai surtout besoin d’argent,what I need above all is money,syʀtu
236,gens,nmpl,masculine-plural,people,des gens sont venus me voir,people came to see me,ʒɑ͂
237,propre,nadj(f),masculine,"clean, proper","la pétasse était propre, mec","the woman was clean, man",pʀɔpʀ
238,grâce,nf,feminine,"thanks, grace, favour",je ne vous demande aucune grâce,I’m not asking you for any favors,gʀɑs
239,idée,nf,feminine,idea,que pensez-vous de cette idée?,what do you think of this idea?,ide
240,selon,prep,,according to,tout est prêt selon vos désirs,everything’s ready according to your wishes,s(ə)lɔ͂
241,région,nf,feminine,region,la région a connu une cinquantaine de massacres,the region has experienced some fifty massacres,ʀeʒjɔ͂
242,aimer,v,,"to like, love",tu sais que je t’aime,you know I love you,eme
243,sens,nm(pl),masculine,"sense, meaning",il manquait un sens à donner à ma vie,there was a lack of meaning in my life,sɑ͂s
244,retrouver,v,,"to find, recall",je te retrouve dehors,I’ll find you outside,ʀ(ə)tʀuve
245,semaine,nf,feminine,week,ma pièce se jouait cette semaine,my play was showing that week,s(ə)mɛn
246,également,adv,,"also, too, as well, equally",reculer est également hors de question,backing down is also not an option,egalmɑ͂
247,ci,"adv,pro",,"this one, here","et celui-ci? oui, il est vraiment super","and this one here? yes, he’s really great",si
248,façon,nf,feminine,"way, manner","c’est une façon de voir, je suppose","it’s a way of looking at it, I guess",fasɔ͂
249,nombre,nm,masculine,number,il existe un nombre infini de réponses possibles,there are an infinite number of possible answers,nɔ͂bʀ
250,perdre,v,,to lose,"vous avez perdu votre mère, mademoiselle?","did you lose your mother, miss?",pɛʀdʀ
251,français,nadj(pl),masculine,French,il faut leur parler en français,you need to speak to them in French,fʀɑ͂sɛ
252,expliquer,v,,to explain,"je vous en prie, expliquez-moi tout","I beg you, explain everything to me",ɛksplike
253,quatre,"det,nmi",,four,nous sommes quatre étudiants dans la maison,we’re four students sharing a house,katʀ(ə)
254,compte,nm,masculine,"account, count",cette ville a eu son compte de désastres,this city has had its fair share of disasters,kɔ͂t
255,considérer,v,,to consider,la présidence considère cela comme une priorité majeure,the presidency considers that a major priority,kɔ͂sideʀe
256,lorsque,conj,,when,que se passe-t-il lorsque nous manquons de sucre?,what happens when we lack sugar?,lɔʀsk(ə)
257,ouvrir,v,,to open,"s’il vous plaît, ouvrez les yeux",please open your eyes,uvʀiʀ
258,gagner,v,,"to win, earn",que le meilleur gagne,may the best man win,gaɲe
259,exemple,nm,masculine,example,ces exemples sont encore bien pauvres,these examples are still very weak,ɛgzɑ͂pl
260,ville,nf,feminine,city,nous étions de la même ville,we were from the same city,vil
261,économique,nadj(f),,"economic, economical",le rétablissement économique de l’Asie est plus rapide que prévu,Asian economic recovery is faster than projected,ekɔnɔmik
262,mesure,nf,feminine,measure,écrire me libère dans une certaine mesure,writing liberates me to a certain extent,m(ə)zyʀ
263,histoire,nf,feminine,"history, story",on a raconté d’amusantes histoires,we told funny stories,istwaʀ
264,haut,"adv,nadj",masculine,"top, high",voilà qui vous lancera dans la haute société,that’s who will launch you into high society,ˊo
265,ensuite,adv,,next,ensuite il va au restaurant,then he’s going to the restaurant,ɑ͂sɥit
266,guerre,nf,feminine,war,"c’est nul, la guerre!",war is nothing!,gɛʀ
267,loi,nf,feminine,law,je vais voter contre le projet de loi,I’m going to vote against the bill,lwa
268,président,nm,masculine,president,j’ai rencontré le président des Etats-Unis,I met the president of the U.S.,"pʀezidɑ͂, ɑ͂t"
269,exister,v,,to exist,le risque n’existe plus,there is no more risk,ɛgziste
270,sûr,adj,,sure,"tu m’attends? bien sûr, poupée","will you wait for me? of course, doll",syʀ
271,refuser,v,,to refuse,attendez . . . vous refusez d’obéir?,wait . . . you refuse to obey?,ʀ(ə)fyze
272,plutôt,adv,,rather,ce jet vole plutôt bas,this jet is flying rather low,plyto
273,bureau,nm,masculine,"office, desk",il veut vous voir dans son bureau immédiate- ment,he wants to see you in his office immediately,byʀo
274,mauvais,"adv,nadj(pl)",masculine,"bad, wrong",il constitue un pas dans la mauvaise direction,it constitutes a step in the wrong direction,movɛ
275,quant,adv,,as for,les vents tempêtueux ont modifié la situation quant aux avalanches,the stormy winds changed the avalanche situation,kɑ͂t
276,mort,"adj,nf",feminine,dead; death,la mort ne m’effraye pas,death doesn’t frighten me,mɔʀ
277,mal,"adji,adv,nm",masculine,bad,"autrement dit, la journée a plutôt mal commencé","in other words, the day started out rather badly",mal
278,lire,"nf,v",,to read; lira,je ne voulais pas lire mes poèmes,I didn’t want to read my poems,liʀ
279,réussir,v,,to succeed,il ne réussit pas à vendre un seul dessin,he can’t manage to sell even one drawing,ʀeysiʀ
280,marché,nm,masculine,market,le marché des maisons est resté stable,the housing market has remained stable,maʀʃe
281,condition,nf,feminine,condition,l’unité de la condition humaine,the unity of the human condition,kɔ͂disjɔ͂
282,international,nadj,,international,elle jouit également d’une excellente réputation internationale,she also has an excellent international reputation,"ɛ͂tɛʀnasjɔnal, o"
283,changer,v,,to change,"ensemble, ils ont changé beaucoup de choses","together, they changed many things",ʃɑ͂ʒe
284,oui,"adv,nmi",masculine,yes,"oui, oui, je sais!","yes, yes, I know",ˊwi
285,public,nadj,masculine,"public, audience",je dois beaucoup au public,I owe a lot to the public,pyblik
286,humain,nadj,masculine,human,"vous savez, on est humains, nous aussi","you know, we are also human",ymɛ͂
287,souvent,adv,,often,mais alors souvent en fin de soirée c’est la fête,"well, often the night ends with a party",suvɑ͂
288,cinq,"det,nm(pl)",,five,"j’ai cinq minutes, je dois rencontrer quelqu’un à midi",I have five minutes—I have to meet someone at noon,"sɛ͂k,"
289,système,nm,masculine,system,j’ai décrit le système idéal,I described the idealsystem,sistɛm
290,travailler,v,,to work,nous devons travailler ensemble,we have to work together,tʀavaje
291,jeu,nm,masculine,game,nous n’entrons pas dans le jeu de la politique,we don’t enter into the political fray,ʒø
292,vrai,"adv,nadj",masculine,True,"ah, oui, c’est vrai","oh, yes, that’s right",vʀɛ
293,représenter,v,,to represent,il représente bien le sport français,he represents French sports very well,ʀ(ə)pʀezɑ͂te
294,madame,nf,feminine,"madam, lady",et je suis au service de madame,"I’m at your service, ma’am","madam, medam"
295,société,nf,feminine,society,on vit dans une société où tout s’accélère,we live in a society where everything is accelerating,sɔsjete
296,difficile,nadj(f),,difficult,"c’est difficile, monsieur, très difficile d’être un homme","sir, it’s difficult—very difficult—to be a man",difisil
297,quoi,pro,,what,je ne sais pas de quoi vous parlez,I don’t know what you’re talking about,kwa
298,entreprise,nf,feminine,"enterprise, business",j’ai moi-même l’esprit d’entreprise,I myself have an entrepreneurial spirit,ɑ͂tʀəpʀiz
299,coup,nm,masculine,"coup, blow, knock, stroke",je lui donne juste un coup de main. je le lui dois,I’m just giving him a helping hand. I owe it to him,ku
300,or,"conj,nm",masculine,"gold; hence, thus",je ne suis pas chercheuse d’or,I’m not a gold-digger,ɔʀ
301,social,nadj,,social,elle a une dimension sociale autant que biologique,it has a social dimension as much as a biological one,sɔsjal
302,assurer,v,,"to assure, insure",le contrat assure une pension à l’époux survivant,the contract guarantees a pension to the surviving spouse,asyʀe
303,essayer,v,,to try,je vais essayer de vous convaincre,I’ll try to convince you,eseje
304,juste,"adv,nadj(f)",masculine,"just, only; fair","vous êtes juste et impartial, comme toujours","you’re fair and impartial, as always",ʒyst
305,étranger,nadj,masculine,foreigner; foreign,la situation est bien différente à l’étranger,the situation is very different abroad,"etʀɑ͂ʒe, -ɛʀ"
306,empêcher,v,,to prevent,cela n’aurait évidemment rien empêché,apparently that wouldn’t have prevented anything,ɑ͂peʃe
307,million,nm,masculine,million,un quart de million d’articles ont été distribués,a quarter million articles were distributed,miljɔ͂
308,manière,nf,feminine,"manner, way","de cette manière, nous serons ensemble","this way, we will be together",manjɛʀ
309,sortir,v,,"to go out, leave",sortez ou j’appelle la police,get out of here or I’ll call the police,sɔʀtiʀ
310,prix,nm(pl),masculine,price; prize,il y a un prix pour les gagnants,there is a prize for the winners,pʀi
311,terme,nm,masculine,"term, deadline",l’éducation sur le long terme paiera,education will pay off in the long term,tɛʀm
312,longtemps,adv,,"a long time, a long while",pendant longtemps il ne bougea pas de son lit,for a long while he didn’t move from his bed,lɔ͂tɑ͂
313,reprendre,v,,"to resume, recover, start again, take back","on peut les arrêter, leur reprendre cette ville","we can arrest them, take back this city from them",ʀ(ə)pʀɑ͂dʀ
314,courant,"adj,nm",masculine,current,"je suis au courant, il a téléphoné","I’m aware of it, he telephoned",kuʀɑ͂
315,intérêt,nm,masculine,interest,l’avenir ne présente guère d’intérêt,the future is hardly interesting,ɛ͂teʀɛ
316,mener,v,,to lead,la police mène une enquête pour arrêter les assaillants,the police are leading an investigation to arrest the attackers,məne
317,information,nf,feminine,information,ces dirigeants ont décidé de taire ces informations,these leaders decided to suppress this information,ɛ͂fɔʀmasjɔ͂
318,détail,nm,masculine,detail,vous devriez tout me raconter en détails,you should tell me everything in minute detail,detaj
319,appartenir,v,,to belong,cet argent n’appartient pas au gouverne- ment,this money does not belong to the government,apaʀtəniʀ
320,liberté,nf,feminine,"liberty, freedom",on se bat pour la liberté d’expression,we’re fighting for freedom of expression,libɛʀte
321,assez,adv,,enough,les journées ne sont plus assez longues,the days are no longer long enough,ase
322,risquer,v,,to risk,un avocat ne viendra pas risquer sa vie,a lawyer won’t come here to risk his life,ʀiske
323,chacun,pro,,each,"ils ont chacun leurs intérêts, leurs passions","they each have their own interests, passions","ʃakœ͂, ʃakyn"
324,concerner,v,,to concern,"en ce qui me concerne, je voudrais te féliciter","for my part, I would like to congratulate you",kɔ͂sɛʀne
325,maison,nf,feminine,house,elle est revenue habiter à la maison,she came back to live at home,mɛzɔ͂
326,d’abord,adv,,first of all,je voudrais d’abord savoir quel métier tu exerces,I would first of all like to know what you do for a living,abɔʀ
327,apprendre,v,,to learn,où as-tu appris le métier?,where did you learn your trade?,apʀɑ͂dʀ
328,niveau,nm,masculine,level,ce niveau de collaboration ne sera pas maintenu,this level of cooperation will not bemaintained,nivo
329,rencontrer,v,,to meet,il rencontrera le pape au Vatican vendredi,he will meet the Pope at the Vatican on Friday,ʀɑ͂kɔ͂tʀe
330,ton,"det,nm",masculine,your; tone,le ton était donné,the tone was sounded,tɔ͂
331,œuvre,nf,feminine,"work, task",peu d’auteurs font référence à son œuvre,few authors cite his work,œvʀ
332,créer,v,,to create,des malentendus nous créent des problèmes terribles,misunderstandings create horrible problems for us,kʀee
333,état,nm,masculine,state,la police était en état d’alerte maximum,the police were in a full state of emergency,eta
334,obtenir,v,,"to get, obtain",j’essaierai d’obtenir la réponse pour demain,I will try to get the answer for tomorrow,ɔptəniʀ
335,clair,"adv,nadj",masculine,clear,"la nuit était froide et claire, sous la lune","the night was cold and clear, under the moon",klɛʀ
336,chercher,v,,to look for,je ne cherche pas la richesse,I am not seeking riches,ʃɛʀʃe
337,entrer,v,,"to enter, go in, come in",faut trouver le moyen d’ entrer dans le sous- sol,gotta find the way to enter into the basement,ɑ͂tʀe
338,proposer,v,,to propose,le jeune Français propose une promenade au parc,the young Frenchman proposed a stroll through the park,pʀɔpoze
339,apporter,v,,to bring,je vous ai apportée des fleurs de mon jardin,I brought you flowers from my garden,apɔʀte
340,programme,nm,masculine,program,utilisons ce programme comme il se doit,let’s use this program the way it should be,pʀɔgʀam
341,loin,"adv,nm",,far,tu es venu de si loin,you came from so far away,lwɛ͂
342,ligne,nf,feminine,line,il ne compte qu’une seule ligne de texte,it only has a single line of text,liɲ
343,tête,nf,feminine,head,ma tête me gratte,my head is itchy,tɛt
344,libre,adj(f),,free,demain je suis libre toute la journée,tomorrow I’m free all day,libʀ
345,utiliser,v,,to use,il utilisait une sorte de rasoir,he was using some type of razor,ytilize
346,atteindre,v,,to reach,leur fortune atteindrait des milliards,their fortune would reach billions,atɛ͂dʀ
347,tenter,v,,"to tempt, try",il tente de sortir de l’Italie,he tried to leave Italy,tɑ͂te
348,tard,adv,,late,"retournez au lit, il est tard","go back to bed, it’s late",taʀ
349,enfin,adv,,"at last, finally",elle avait enfin la réponse,she finally got the answer,ɑ͂fɛ͂
350,différent,adj,,different,c’est un bruit complètement différent,it’s a completely different noise,"difeʀɑ͂, ɑ͂t"
351,sorte,nf,feminine,"sort, kind",la boisson est une sorte de drogue,liquor is a kind of drug,sɔʀt
352,cependant,"adv,conj",,however,cette sécurité se trouve cependant menacée,"this security is, however, threatened",s(ə)pɑ͂dɑ͂
353,sujet,nm,masculine,"subject, topic",je cherchais un sujet de mémoire,I was looking for a thesis topic,syʒɛ
354,importer,v,,to import; to be important,il importait de ne pas répéter l’erreur,it’s important to not repeat the mistake,ɛ͂pɔʀte
355,action,nf,feminine,action,le président devrait éviter des actions irréfléchies,the president should avoid rash actions,aksjɔ͂
356,relation,nf,feminine,relationship,il y a là une relation intéressante à explorer,now there is an interesting relationship to explore,ʀ(ə)lasjɔ͂
357,recherche,nf,feminine,"research, search",la recherche en santé peut se révéler extrêmement bénéfique,health research can be extremely beneficial,ʀ(ə)ʃɛʀʃ
358,livre,"nm,nf",masculine,book,je me mis à feuilleter les livres,I began paging through the books,livʀ
359,ajouter,v,,to add,il ajouta à sa lettre une note,he added a note to his letter,aʒute
360,ailleurs,adv,,"elsewhere, somewhere else",les négociations décisives se tiennent ailleurs,the decisive negotiations are taking place elsewhere,ajœʀ
361,vraiment,adv,,"truly, really, very","très mauvais, c’est pas vraiment sexy","very bad, it’s not really sexy",vʀɛmɑ͂
362,doute,nm,masculine,doubt,il n’y a sans doute rien à voir,"without a doubt, there’s nothing to see",dut
363,reste,nm,masculine,rest,"c’est tout. le reste, je m’en fous","that’s all. for the rest, I couldn’t give a sh*t",ʀɛst
364,début,nm,masculine,beginning,je l’ai expliqué au début de mon discours,I explained it at the beginning of my talk,deby
365,présence,nf,feminine,presence,j’ai besoin de sa présence; elle est mon ange,I need to be in her presence; she is my angel,pʀezɑ͂s
366,nombreux,adj(pl),,numerous,j’ai participé à de nombreux débats de ce genre,I have participated in numerous debates of this kind,"nɔ͂bʀø, -øz"
367,produire,v,,to product,nous devons produire quelque chose sur les terres en jachère,we must produce something with the fallow lands,pʀɔdɥiʀ
368,préparer,v,,to prepare,je vous prépare à manger?,should I prepare you some food?,pʀepaʀe
369,forme,nf,feminine,form,les électrons ne sont plus sous forme de gaz,the electrons are no longer in the form of gas,fɔʀm
370,décision,nf,feminine,decision,"parfois, vos décisions nous déçoivent",sometimes your decisions disappoint us,desizjɔ͂
371,rôle,nm,masculine,role,il joue un rôle actif sur la scène interna- tionale,he plays an active role in the international scene,ʀol
372,dix,"det,nmi",,ten,je patiente depuis dix minutes,I have been patiently waiting for ten minutes,"dis,"
373,produit,nm,masculine,product,de nouveaux marchés s’ouvrent ainsi aux produits français,new markets are thus opening to French products,pʀɔdɥi
374,américain,nadj,masculine,American,c’est la voie que les Américains ont choisie,it’s the path that the Americans have chosen,ameʀikɛ͂
375,minute,nf,feminine,minute,vous ne pouvez pas attendre deux minutes,you can’t wait two minutes,minyt
376,relever,v,,to raise,elle relevait la tête pour croiser mon regard,she lifted up her head to catch me looking at her,"ʀəl(ə)ve, ʀ(ə)ləve"
377,autant,adv,,"as much, as many",il a une bonne raison pour tarder autant,he has a good reason for being so late,otɑ͂
378,peuple,nm,masculine,people,ma vengeance va s’abattre sur votre peuple!,my vengeance will smite your people!,pœpl
379,second,"adj,det,nm",masculine,second,j’ai écrit la seconde partie du roman avant la première,I wrote the second part of the novel before the first,s(ə)gɔ͂
380,prochain,nadj,,next,je vous offre 50% sur votre billet prochain,I’ll offer you 50% off your next ticket,pʀɔʃɛ͂
381,particulier,nadj,masculine,"particular, peculiar; person",j’ai un regard un peu particulier,I have a somewhat peculiar look,paʀtikylje
382,écrire,v,,to write,c’est pour cela que j’écris,that’s why I’m writing,ekʀiʀ
383,position,nf,feminine,position,ils ne changent pas de position à ce sujet,they aren’t changing positions on this subject,pozisjɔ͂
384,développement,nm,masculine,development,nous allons poursuivre le développement de nos activités,we will pursue the development of our activities,devlɔpmɑ͂
385,défendre,v,,"to defend, forbid",je pensais que je pouvais me défendre,I thought I could defend myself,defɑ͂dʀ
386,chef,nm,masculine,"head, leader, chief",vous surestimez le pouvoir des chefs d’Etat,you overestimate the power of the heads of state,ʃɛf
387,économie,nf,feminine,economy,les exportations sont le moteur de notre économie,exports are what drive our economy,ekɔnɔmi
388,effort,nm,masculine,effort,ils doivent faire un effort pour nous comprendre,they have to make an effort to understand us,efɔʀ
389,parmi,prep,,among,il y en a un parmi vous qui est un démon,one among you is a demon,paʀmi
390,membre,nm,masculine,member,j’espère que tous les membres seront présents,I hope that all the members will be present,mɑ͂bʀ
391,tirer,v,,"to pull, fire","à mon ordre, tirez sur ce câble","when I give the word, pull on this cable",tiʀe
392,ancien,"adj,nm",masculine,ancient; former,je dis merci à tous les anciens combattants,I thank all the combat veterans,ɑ͂sjɛ͂
393,beau,"adj,nm",,"handsome, fine, right","ce sont là de belles paroles, mais des paroles creuses","those are pretty words, but empty ones",bo
394,plein,"adv,nadj,prep",masculine,full,l’église est pleine,the church is full,plɛ͂
395,juger,v,,to judge,ce n’est pas à moi de juger ça,it’s not my place to judge that,ʒyʒe
396,éviter,v,,to avoid,on ne peut évidemment pas l’éviter,we obviously can’t avoid that,evite
397,soir,nm,masculine,evening,il est environ neuf heures du soir,it’s about nine o’clock in the evening,swaʀ
398,personnel,nadj,masculine,"personnel, personal",vous semblez vous inspirer de votre vie personnelle pour écrire,you seem to draw inspiration from your own personal life in writing,pɛʀsɔnɛl
399,titre,nm,masculine,title,ils nous accuseront à juste titre,they are rightly accusing us,titʀ
400,parti,nadj,masculine,party,il n’y a qu’un parti à blâmer,there’s only one party to blame,paʀti
401,objet,nm,masculine,objective; object,Mathias remit l’objet dans sa poche,Mathias returned the object into his pocket,ɔbʒɛ
402,unique,adj(f),,unique,j’ai longtemps cru que tu étais unique,I have long believed that you were unique,ynik
403,souhaiter,v,,to wish,l’équipage vous souhaite un bon voyage,the crew wishes you a pleasant voyage,swete
404,afin,,,"in order to, so that",fixer des cordes afin de descendre en rappel,set some ropes so that you can rappel down,afɛ͂
405,peine,nf,feminine,"effort, trouble",mes jambes ne me soutenaient qu’à peine,my legs barely kept me standing,pɛn
406,malgré,prep,,"despite, in spite of",nous serons bons amis malgré tout,we will be good friends in spite of it all,malgʀe
407,période,"nm,nf",feminine,period,j’étais amoureuse pendant une brève période de ma vie,I was in love for a brief period of my life,peʀjɔd
408,engager,v,,"to hire, involve",nous sommes engagés dans un travail de réflexion,we’re involved in some reflective thinking,ɑ͂gaʒe
409,réaliser,v,,"to realize, achieve",je réaliserai ton rêve,I will achieve your dream,ʀealize
410,parfois,adv,,sometimes,il est parfois sage d’être un peu fou,sometimes it’s wise to be a little bit crazy,paʀfwa
411,lors,adv,,at the time of,je vous ai vu lors de votre dernière visite,I saw you at the time of our last visit,lɔʀ
412,sérieux,nadj(pl),masculine,serious,"mon thème est sérieux, mais mon texte est rigolo","my topic is serious, but my text is comical",seʀjø
413,aider,v,,"to help, assist","bonjour, je peux vous aider?","hello, can I help you?",ede
414,voix,nf(pl),feminine,voice,"viens, me dit-elle d’une voix brève","come, she said in a curt voice",vwɑ
415,terminer,v,,"to finish, end,",va terminer ton petit déjeuner,go finish your breakfast,tɛʀmine
416,base,nf,feminine,base,les matériaux de base sont toujours les mêmes,the basic materials are always the same,bɑz
417,espérer,v,,to hope,j’espère obtenir une réponse claire,I hope to obtain a clear response,ɛspeʀe
418,main,nf,feminine,hand,nous avons marché main dans la main,we walked hand-in-hand,mɛ͂
419,gros,"adv,nadj(pl)",masculine,big,ce n’était pas un gros chien,it wasn’t a large dog,gʀo
420,arrêter,v,,"to stop, arrest",les deux dirigeants ont été arrêtés par la police,the two leaders were arrested by the police,aʀete
421,retour,nm,masculine,return,votre retour pose énormément de problèmes,your return causes huge problems,ʀ(ə)tuʀ
422,prêt,"adj,nm",masculine,ready,le dîner est prêt!,supper is ready!,pʀɛ
423,occasion,nf,feminine,"chance, opportunity","quand l’occasion se présentera, elle reviendra souvent","when the opportunity arises, she’ll return often",ɔkazjɔ͂
424,député,nm,masculine,"deputy, parliamentary delegate",j’ai écouté plusieurs interventions des députés,I heard several deputies’ speeches,depyte
425,regarder,v,,"to look, watch",je regarde les reportages depuis ce matin,I’ve been watching news reports since this morning,ʀ(ə)gaʀde
426,plupart,,feminine,"most, the majority",la plupart des jeux vidéo violents sont japonais,most violent video games are Japanese,plypaʀ
427,deuxième,"det,nm,nf",masc / fem,second,tout le monde a besoin d’une deuxième opinion,everybody needs a second opinion,døzjɛm
428,résultat,nm,masculine,"result, follow-up",nous avons pu constater les résultats hier,we were able to notice the results yesterday,ʀezylta
429,écouter,v,,to listen to,je pouvais l’écouter pendant des heures,I could listen to him for hours,ekute
430,terre,nf,feminine,"earth, world, soil, land","que la paix soit sur terre, dès maintenant",may peace reign on the earth henceforth,tɛʀ
431,valoir,v,,to be worth,c’est fini. ça vaut pas la peine,it’s over. it’s not worth it,valwaʀ
432,dollar,nm,masculine,dollar,tu veux combien? 10 dollars,you want how much? 10 dollars,dɔlaʀ
433,intérieur,nadj,masculine,"interior, inside",je sentais mon cœur battre à l’intérieur,I felt my heart beating within me,ɛ͂teʀjœʀ
434,page,"nm,nf",feminine,page,j’écrivis les premières pages d’un roman,I was writing the first pages of a novel,paʒ
435,confiance,nf,feminine,"confidence, trust",je ne peux pas lui faire confiance,I can’t trust him,kɔ͂fjɑ͂s
436,choix,nm(pl),masculine,choice,elle n’a pas d’autres choix que de rester,she has no other choice but to stay,ʃwa
437,prévoir,v,,"to foresee, anticipate",son mandat présidentiel est prévu pour s’achever en 2007,his presidential mandate is due to expire in 2007,pʀevwaʀ
438,chance,nf,feminine,luck; chance,c’est notre dernière chance,it’s our last chance,ʃɑ͂s
439,notamment,adv,,notably,on ignore notamment si des gendarmes figurent parmi les victimes,at the moment it’s unsure whether policemen are among the victims,nɔtamɑ͂
440,type,nm,masculine,type; guy,ce type de pêche est en cours d’abandon,this type of fishing is disappearing,tip
441,but,nm,masculine,"goal, aim, objective, purpose",notre premier but est toujours de respecter l’intégrité de la famille,our primary objective is to always respect the integrity of the family,by(t)
442,matin,nm,masculine,morning,"ce matin, je me suis réveillée tôt",this morning I woke up early,matɛ͂
443,grave,"adv,nadj(f),nm",masculine,"serious, grave",ce n’est peut-être pas si grave que ça,maybe it’s not quite that serious,gʀav
444,prise,nf,feminine,"grip, hold, seizure, catch",il y a souvent des prises de becs entre les deux,there were frequent squabbles between the two of them,pʀiz
445,européen,nadj,masculine,European,vous avez fait une tournée européenne,you toured around Europe,"øʀɔpeɛ͂, ɛn"
446,étude,nf,feminine,study,il existe une vie après les études,there is life after school,etyd
447,principe,nm,masculine,principle,tel est le premier principe de l’existential- isme,that is the main principle of existentialism,pʀɛ͂sip
448,remplacer,v,,to replace,"tu dois être prêt à nous remplacer, le cas échéant","you must be ready to replace us, if need be",ʀɑ͂plase
449,avancer,v,,"to advance, move forward",c’est moi qui ai avancé les fonds,I’m the one who advanced the funds,avɑ͂se
450,six,"det,nmi",,six,elle était enceinte de six mois,she was six months pregnant,"sis,"
451,nécessaire,nadj(f),masculine,"necessary, required",je ne pense pas qu’il soit nécessaire de la distribuer,I don’t think it will be necessary to distribute it,nesesɛʀ
452,activité,nf,feminine,activity,certains sont impliqués dans des activités terroristes,some of them are implicated in terrorist activities,aktivite
453,valeur,nf,feminine,"value, worth",on a payé dix fois sa valeur,we paid ten times what it was worth,valœʀ
454,marquer,v,,to mark,cet épisode tragique marque la fin d’une aventure,this tragic episode marks the end of an adventure,maʀke
455,entier,nadj,masculine,"whole, full",le monde entier est contre nous,the whole world is against us,ɑ͂tje
456,réponse,nf,feminine,"answer, response",il donne une réponse claire à cette question,he gives a clear answer to that question,ʀepɔ͂s
457,aide,"nm,nf",feminine,"help, assistance",j’ai besoin d’un peu d’aide,I need a little help,ɛd
458,principal,nadj,masculine,principal,trouver le rôle principal s’est révélé assez problématique,finding the lead role turned out to be a problem,"pʀɛ͂sipal, o"
459,élever,v,,"to grow, lift, raise",des murmures s’élevèrent autour de lui,murmuring arose all around him,el(ə)ve
460,pourtant,adv,,"yet, nonetheless, nevertheless",pourtant cette perspective aussi m’effrayait,yet this outlook also frightened me,puʀtɑ͂
461,commission,nf,feminine,commission,on a mis cette commission enplace pour revoir cette question importante,we have set up this commission to review this important question,kɔmisjɔ͂
462,cesser,v,,"to cease, stop",on ne doit pas cesser de poser des questions,we should never stop asking questions,sese
463,poursuivre,v,,to pursue,je poursuis cette criminelle,I’m pursuing this criminal,puʀsɥivʀ
464,maintenir,v,,to maintain,ce principe sera maintenu,this principle will be maintained,mɛ͂t(ə)niʀ
465,époque,nf,feminine,"era, period",ils ont vécu à la même époque,they lived in the same time period,epɔk
466,exprimer,v,,to express,"encore une fois, j’exprime ma frustration","once again, I express my frustration",ɛkspʀime
467,ami,nadj,masculine,friend,je te présente mon ami,this is my friend,ami
468,bas,"adv,nadj(pl),nm(pl)",masculine,low; stockings,"elle ajouta presque à voix basse, comme quelqu’un qui parle dans l’obscurité","she spoke in a low voice, like someone speaking from obscurity",bɑ
469,imposer,v,,to impose,on leur impose des changements très rapides,rapid change is being imposed upon them,ɛ͂poze
470,moitié,nf,feminine,half,"pendant la moitié de la nuit, je pleurai","during half the night, I cried",mwatje
471,avenir,nm,masculine,future,je me sens très optimiste pour l’avenir,I feel very optimistic about the future,av(ə)niʀ
472,argent,nm,masculine,money; silver,"bon, c’est son argent que je veux","well, it’s his money that I want",aʀʒɑ͂
473,mise,nf,feminine,"putting, placing",il annonce en effet la mise en place d’ une police fédérale européenne,he is indeed announcing putting in place a European federal police,amyzbuʃ
474,œil,nm,masculine,eye,"ferme les yeux, et respire",close your eyes and breathe,"œj, jø"
475,eau,nf,feminine,water,faites chauffer une casserole d’eau,heat up a pan of water,o
476,sauf,"adj,prep",,except; safe,tout le monde rit sauf elle,everyone’s laughing except her,sof
477,école,nf,feminine,school,je n’aimais pas aller à l’école,I didn’t like to go to school,ekɔl
478,sécurité,nf,feminine,"security, safety",ils se sentaient plus en sécurité dans la rue qu’à la maison,he felt safer in the streets than at home,sekyʀite
479,milieu,nm,masculine,middle,elle hésita au milieu de la route,she paused in the middle of the road,miljø
480,lettre,nf,feminine,letter,il écrivit une lettre de neuf pages,he wrote a nine-page letter,lɛtʀ
481,presque,adv,,almost,il y a presque 10 millions de lignes téléphoniques,there are almost 10 million telephone lines,pʀɛsk
482,attention,nf,feminine,attention,il se lève pour attirer notre attention,he stood up to attract our attention,atɑ͂sjɔ͂
483,cadre,nm,masculine,"frame, executive",cette enquête s’inscrit dans le cadre d’une autre,this inquiry takes place in the framework of another,kɑdʀ
484,futur,nadj,masculine,future,"un futur sans guerre, c’est cool, hein?","a future without wars—-cool, eh?",fytyʀ
485,mouvement,nm,masculine,movement,il me serra la main d’un mouvement presque inconscient,he shook my hand with an almost unconscious movement,muvmɑ͂
486,former,v,,to form,ils ne parviennent pas à former un groupe,they didn’t manage to form a group,fɔʀme
487,conduire,v,,"to lead, drive",conduisons-la à l’hôpital,let’s drive her to the hospital,kɔ͂dɥiʀ
488,règle,nf,feminine,rule,ce jeu fonctionne avec une règle très simple,this game follows one very simple rule,ʀɛgl
489,poste,"nm,nf",masculine,"post, position; post office",le chef de poste haussa les épaules,the station chief shrugged his shoulders,pɔst
490,demande,nf,feminine,"request, demand",la demande des consommateurs a créé un marché,consumer demand has created a market,d(ə)mɑ͂d
491,centre,nm,masculine,center,l’amour et ses conséquences sont au centre de ce roman,love and its consequences are the focus of this novel,sɑ͂tʀ
492,acte,nm,masculine,act,c’était un acte de guerre,it was an act of war,akt
493,disparaître,v,,"to disappear, vanish",l’avion a subitement disparu des écrans,the airplane suddenly disappeared from the screens,dispaʀɛtʀ
494,priver,v,,to deprive,je ne me serais pas privée de sommeil à cause de vous,I wouldn’t lose any sleep over you,pʀive
495,constituer,v,,to constitute,le djihad et le sacrifice constituent donc un devoir,jihad and sacrifice are thus a duty,kɔ͂stitɥe
496,accord,nm,masculine,agreement,le gouvernement fédéral a signé un accord,the federal government signed an agreement,akɔʀ
497,milliard,nm,masculine,"billion, thousand million","le déficit budgétaire a atteint 226,3 milliards de francs",the budget deficit reached 226.3 billion francs,miljaʀ
498,lier,v,,"to link, join",c’est le premier décès lié à l’épidémie,it’s the first death linked to the epidemic,lje
499,obliger,v,,"to require, force, oblige",tu ne peux pas m’obliger à rester!,you can’t force me to stay!,ɔbliʒe
500,craindre,v,,"to fear, be afraid of",il ne craignait rien,he was afraid of nothing,kʀɛ͂dʀ
501,passé,"nadj,prep",masculine,past,j’étais prisonnier de mon passé,I was a prisoner of my past,pɑse
502,âge,nm,masculine,age,il a simplement demandé mon âge,he simply asked my age,ɑʒ
503,déclarer,v,,to declare,il déclare que cette méthode était utile à l’époque,he declared that this method was useful at that time,deklaʀe
504,oublier,v,,to forget,je ne t’oublierai jamais,I will never forget you,ublije
505,propos,nm(pl),masculine,remark,ces propos ne sont pas les miens,these are not my own words,pʀɔpo
506,troisième,"det,nm,nf",masc / fem,third,la troisième et dernière tentative fut la bonne,the third and final attempt succeeded,tʀwɑzjɛm
507,quitter,v,,to leave,vous êtes priés de quitter l’hôpital sans précipitation,please leave the hospital immediately,kite
508,bout,nm,masculine,"bit, tip, end",ils marchèrent en silence jusqu’au bout de la rue,they walked in silence to the end of the street,bu
509,population,nf,feminine,population,une partie de la population s’enfonce dans la précarité,part of the population is sliding into precariousness,pɔpylasjɔ͂
510,toi,"nm,pro",,"you, yourself","on est là, toi et moi, deux types ordinaires","here we are, you and me, two ordinary guys",twa
511,responsable,nadj(f),masc / fem,responsible,je ne suis pas le seul responsable,I’m not the only one responsible,ʀɛspɔ͂sabl
512,route,nf,feminine,road,le reste de la route était en construction,the rest of the road was under construction,ʀut
513,tôt,"adji,adv",,early,"plus tôt on partira, mieux ce sera","the sooner we leave, the better it will be",to
514,lancer,"nm,v",,"to throw, launch",je lance des mots au hasard,I toss out words at random,lɑ͂se
515,limite,nf,feminine,limit,elle atteint les limites de ses possibilités,she’s reaching the limit of her possibilities,limit
516,fonction,nf,feminine,function,vous êtes relevé de vos fonctions,you are relieved of your functions,fɔ͂ksjɔ͂
517,emploi,nm,masculine,"employment, work, use",leur emploi exige qu’ils fournissent leurs propres outils,their work requires use of their own tools,ɑ͂plwa
518,objectif,"adj,nm",masculine,"objective, aim, goal; lens",je ne me suis jamais fixé d’objectifs précis,I never set definite goals for myself,ɔbʒɛktif
519,paraître,v,,to appear,il paraît qu’il est à la bibliothèque main- tenant,it appears that he’s at the library now,paʀɛtʀ
520,journal,nm,masculine,"newspaper, paper",je vais acheter le journal pour ma mère,I’m going to buy the newspaper for my mother,"ʒuʀnal, o"
521,annoncer,v,,to announce,l’année 1993 s’annonce donc difficile,1993 is hence showing to be a difficult year,anɔ͂se
522,lui-même,pro,,himself,il ne s’est pas sauvé lui-même,he didn’t save himself,lɥimɛm
523,tour,"nm,nf",masc / fem,tower; turn; tour,je passais ma vie à faire le tour du monde,I spent my life touring the world,tuʀ
524,voilà,prep,,"right, there, here","tiens, c’est pour toi. voilà","here, this is for you. take it",vwala
525,volonté,nf,feminine,will,"par ta seule volonté, tu peux le faire","with your willpower alone, you can do it",vɔlɔ͂te
526,envoyer,v,,to send,les deux femmes envoyèrent la lettre,the two women sent the letter,ɑ͂vwaje
527,partager,v,,to share,je ne peux pas te partager,I can’t share you,paʀtaʒe
528,puisque,conj,,since,je ne lui répondais pas puisque j’étais muet,I didn’t answer him since I was a mute,pɥisk(ə)
529,établir,v,,to establish,"avant d’attaquer, établissons les règles","before we attack, let’s establish the ground rules",etabliʀ
530,changement,nm,masculine,change,nous savons qu’il faut effectuer des changements,we know that changes must be made,ʃɑ͂ʒmɑ͂
531,garder,v,,to keep,je la gardais dans mes bras,I held her in my arms,gaʀde
532,réalité,nf,feminine,reality,c’est un rêve devenu réalité pour plusieurs,for several it’s a dream come true,ʀealite
533,interdire,v,,"to forbid, prohibit, ban",je m’interdis d’écrire et de prononcer votre nom,I forbid myself to write or speak your name,ɛ͂tɛʀdiʀ
534,finir,v,,to finish,je dois finir de nettoyer les droïdes,I have to finish cleaning the droids,finiʀ
535,placer,"nm,v",,to place,la famille a été placée en détention,the family was placed in detention,plase
536,sentir,v,,"to feel, smell",tu ne sens pas son parfum?,you don’t smell her perfume?,sɑ͂tiʀ
537,payer,v,,to pay,c’est moi qui paie votre salaire,I’m the one who pays your salary,peje
538,esprit,nm,masculine,"mind, spirit","t’as l’esprit vif, toi",you’ve got a quick mind,ɛspʀi
539,domaine,nm,masculine,"domain, field","là, nous sommes dans le domaine de l’expérience mystique",there we enter the realm of mystical experiences,dɔmɛn
540,diriger,v,,"to lead, direct",nous ne sommes dirigés que par nos désirs,we are only led by our desires,diʀiʒe
541,noter,v,,"to note, notice",tu as tout noté?,did you note everything?,nɔte
542,nature,nf,feminine,nature,vous venez de découvrir votre vraie nature,you have just discovered your true nature,natyʀ
543,régime,nm,masculine,regime,"Pravda, la voix de l’ancien régime commu- niste, ferme ses portes","Pravda, the voice of the former communist regime, is shutting down",ʀeʒim
544,charger,v,,"to load, charge",le juge chargé du dossier refuse de convoquer le maire,the judge assigned to the case refuses to summon the mayor,ʃaʀʒe
545,court,"adj,adv,nm",masculine,short,"j’inscris mes objectifs long terme, court terme",I wrote my short-term and long-term goals,kuʀ
546,parent,nadj,masculine,parent,il faudrait que je te présente mes parents,I will have to introduce you to my parents,paʀɑ͂
547,tomber,v,,to fall,"il s’arrêta, tomba à genoux pour remercier Dieu","he stopped, fell to his knees to thank God",tɔ͂be
548,départ,nm,masculine,departure,on avait les heures de départ et les heures d’arrivée,we had the departure and arrival times,depaʀ
549,mondial,adj,,"world, global",nous vivons dans une économie mondiale qui évolue très rapidement,we live in a rapidly evolving global economy,mɔ͂djal
550,entraîner,v,,"to carry along, train",tu es trop jeune pour t’entraîner,you’re too young to receive training,ɑ͂tʀene
551,disposer,v,,"to arrange, set",la France dispose d’unités navales basées à Djibouti,France has naval units based in Djibouti,dispoze
552,parole,nf,feminine,word,"je regrette mes paroles, moi aussi",I regret my words too,paʀɔl
553,fond,nm,masculine,bottom,le fond des cœurs ne change pas,the deepest part of the heart doesn’t change,fɔ͂
554,publique,"adj,nf",,public,la morale publique ne peut être sacrifiée au progrès,public morals can’t be sacrificed for progress,pyblik
555,faux,"adv,adj(pl),nm(pl),nf(pl)",masculine,false; scythe,ce ne sont pas là de fausses accusations,these aren’t false accusations,fo
556,genre,nm,masculine,"type, kind, sort",je dénonce ce genre de choses,I denounce this type of thing,ʒɑ͂ʀ
557,retenir,v,,"to retain, hold back, remember","depuis ma blessure, je ne retiens rien",since my injury I can’t remember anything,"ʀ(ə)təniʀ, ʀət(ə)niʀ"
558,communauté,nf,feminine,community,la communauté internationale l’a en grande partie rejeté,the international community largely rejected it,kɔmynote
559,intéresser,v,,"to interest, involve",leur avis ne m’intéresse pas,their advice doesn’t interest me,ɛ͂teʀese
560,c’est-à-dire,adv,,in other words,"il s’agit de vivre, c’est-à-dire d’avancer","it’s about living, or in other words about progressing",sɛtadiʀ
561,corps,nm(pl),masculine,body,tout mon corps en était secoué,my whole body was shaken,kɔʀ
562,matière,nf,feminine,"matter, subject, material",la matière est parfaite pour les peaux sensibles,the material is perfect for sensitive skin,matjɛʀ
563,sein,nm,masculine,"breast, bosom",le cancer du sein est rare chez l’homme,breast cancer is rare in men,sɛ͂
564,difficulté,nf,feminine,difficulty,j’avais quelque difficulté à lui parler,it was somewhat difficult for me to talk to him,difikylte
565,parvenir,v,,"to reach, achieve",je suis content d’être parvenu au bout,I am happy to have reached the end,paʀvəniʀ
566,secteur,nm,masculine,sector,la police a décrété le secteur «zone interdite»,the police declared the area off-limits,sɛktœʀ
567,appel,nm,masculine,call,il a reçu des appels téléphoniques menaçants,he received menacing telephone calls,apɛl
568,cœur,nm,masculine,heart,j’aimerais vous féliciter du fond du cœur,I would like to congratulate you from the depths of my heart,kœʀ
569,père,nm,masculine,father,je suis père célibataire,I’m an unwed father,pɛʀ
570,organisation,nf,feminine,organisation,"plus grande devient l’organisation, plus il y a de règles","the bigger the organization grows, the more rules there are",ɔʀganizasjɔ͂
571,unité,nf,feminine,unity; unit,vous partez inspecter nos unités de désinfection,you are leaving to inspect our disinfection units,ynite
572,noir,nadj,masculine,black,seule la police roule en noir et blanc?,only the police drive black-and-white vehicles?,nwaʀ
573,événement,nm,masculine,event,je me souviens de ces événements avec précision,I remember those events in great detail,evɛnmɑ͂
574,double,nadj(f),masculine,double,on parle beaucoup de la double peine pour les délinquants étrangers,there’s much talk about doubling sentences for foreign delinquents,dubl
575,convaincre,v,,to convince,"c’est bon, tu m’as convaincue","OK, you convinced me",kɔ͂vɛ͂kʀ
576,nation,nf,feminine,nation,elle bouscule sérieusement les droits des nations,it is seriously undermining the rights of nations,nasjɔ͂
577,conseil,nm,masculine,"advice, counsel, council",les militaires ont formé un Conseil de salut national,the military formed a National Salvation Council,kɔ͂sɛj
578,soutenir,v,,"to sustain, support",nous avons été nombreux à soutenir son innocence,many of us supported his innocence,sut(ə)niʀ
579,paix,nf(pl),feminine,peace,laissez ma famille en paix,leave my family in peace,pɛ
580,nuit,nf,feminine,night,je n’ai pas dormi cette nuit,I didn’t sleep last night,nɥi
581,partout,adv,,everywhere,je t’ai cherché partout,I looked everywhere for you,paʀtu
582,direction,nf,feminine,"direction, management",je n’osais aller dans cette direction,I didn’t dare go in this direction,diʀɛksjɔ͂
583,manquer,v,,to miss,"la Chine manque d’argent, et manque de savants",China lacks money and scholars,mɑ͂ke
584,actuel,adj,,"current, present",les gens ont peur du gouvernement actuel,people fear the current government,aktɥɛl
585,opposer,v,,to oppose,comment peut-il maintenant s’y opposer?,how could he oppose it now?,ɔpoze
586,signifier,v,,to mean,cela ne signifiait rien pour moi,that didn’t mean anything to me,siɲifje
587,journée,nf,feminine,day,j’ai attendu toute la journée pour te voir,I waited all day to see you,ʒuʀne
588,d’ailleurs,adv,,"moreover, besides, for that matter",je n’entends d’ailleurs pas le tenir secret,"besides, I don’t intend to keep it a secret",dajœʀ
589,traiter,v,,"to treat, handle, deal with","deux chapitres, enfin, traitent de la question","two chapters, at last, address the issue",tʀete
590,indiquer,v,,"to indicate, signal",le contrôleur indique qu’il est prêt,the controller signals readiness,ɛ͂dike
591,tuer,v,,to kill,"les fusils, ça tue",rifles kill,tɥe
592,technique,nadj(f),feminine,"technique, technics, technical",parlons un peu de votre technique,let’s talk a little about your technique,tɛknik
593,rapidement,adv,,"quickly, rapidly",ils ont passé rapidement dans l’histoire,they disappeared quickly into history,ʀapidmɑ͂
594,autour,"adv,nm",,around,je t’emmènerai autour du monde,I’ll take you around the world,otuʀ
595,réduire,v,,to reduce,tu réduis les aliments graisseux et le chocolat,you reduce your intake of fatty foods and chocolate,ʀedɥiʀ
596,d’après,,,according to,qui a bâti les pyramides d’après vous?,"according to you, who built the pyramids?",0
597,préférer,v,,to prefer,préférez-vous que j’appelle la police?,would you prefer that I call the police?,pʀefeʀe
598,rue,nf,feminine,street,"je me promenais dans les rues, seule",I strolled alone down the streets,ʀy
599,riche,nadj(f),masculine,rich,"elle est jolie, riche, mince ... et amoureuse de mon mari","she is cute, rich, thin ... and in love with my husband",ʀiʃ
600,bref,"adj,adv,nm",,brief,le rapport était bref et précis,the report was brief and precise,bʀɛf
601,nommer,v,,"to call, name, appoint",ses membres sont nommés par le premier ministre,its members are appointed by the prime minister,nɔme
602,violence,nf,feminine,violence,la violence a fait six nouveaux morts,the violence killed six people,vjɔlɑ͂s
603,siècle,nm,masculine,century,le XXe siècle a fait plus de martyrs chrétiens,the 20th century created more Christian martyrs,sjɛkl
604,article,nm,masculine,article,vous m’avez convaincue de finir l’article,you convinced me to finish the article,aʀtikl
605,durer,v,,to last,voilà quinze jours que ça dure,this has lasted two weeks,dyʀe
606,qualité,nf,feminine,quality,Renaud est quelqu’un d’une grande qualité humaine,Renaud is someone with great human qualities,kalite
607,gauche,nadj(f),feminine,left,elle écrit de gauche à droite,she writes from left to right,goʃ
608,solution,nf,feminine,solution,il n’existe pas de solution miracle,there’s no miracle solution,sɔlysjɔ͂
609,voie,nf,feminine,"road, lane, route, track, way","il a toujours suivi sa voie, ton père",your father has always followed his own way,vwa
610,capable,adj(f),,"able, capable",je ne suis pas capable de répondre à votre question,I’m not capable of responding to your question,kapabl
611,canadien,nadj,masculine,Canadian,75 p. 100 des Canadiens et des Canadiennes sont en bonne santé mentale,75% of male and female Canadians are in good mental health,"kanadjɛ͂, jɛn"
612,erreur,nf,feminine,"mistake, error",certaines erreurs ont été commises,certain mistakes were made,eʀœʀ
613,livrer,v,,to deliver,je pensais te faire livrer un plat chaud,I thought I would have a hot plate delivered to you,livʀe
614,auprès,adv,,"nearby, close to",il avait beaucoup de succès auprès des femmes,he had much success with women,opʀɛ
615,simplement,adv,,simply,c’est tout simplement inacceptable,it’s just simply unacceptable,sɛ͂pləmɑ͂
616,souvenir,"nm,v",masculine,memory; to remember,je ne veux me souvenir de rien,I don’t remember anything,suv(ə)niʀ
617,conséquence,nf,feminine,consequence,il y a donc des conséquences extrêmement sérieuses,hence there are extremely serious consequences,kɔ͂sekɑ͂s
618,large,"adj(f),adv,nm",masculine,"wide, width",tes yeux sont devenus plus larges,your eyes got wider,laʀʒ
619,contraire,nadj(f),masculine,"opposite, contrary",mais le contraire est vrai aussi,but the opposite is also true,kɔ͂tʀɛʀ
620,succès,nm(pl),masculine,success,le succès prouve que mes livres avaient du mérite,the success proves that my books were worthwhile,syksɛ
621,élément,nm,masculine,element,trois éléments d’information présentent un intérêt particulier,three items of information are particularly interesting,elemɑ͂
622,local,nadj,masculine,local,nous respectons l’autonomie de chaque groupe local,we respect the autonomy of each local group,"lɔkal, o"
623,été,nm,masculine,summer,l’été constitue le pic de la consommation d’essence,summer is the peak season for gas consumption,ete
624,inviter,v,,to invite,"un soir, ils m’invitent à dîner","one night, they invite me to supper",ɛ͂vite
625,extérieur,nadj,masculine,exterior,la porte extérieure s’ouvre,the outer door opens,ɛksteʀjœʀ
626,pied,nm,masculine,foot,tu n’iras pas assez vite à pied,you won’t get there as fast on foot,pje
627,mission,nf,feminine,mission,"si quelqu’un apprend notre mission, on échoue","if anyone learns about our mission, we’ll fail",misjɔ͂
628,débat,nm,masculine,debate,il voulait simplement contribuer au débat,he simply wanted to contribute to the debate,deba
629,fille,nf,feminine,"girl, daughter",c’est une jeune fille de seize ans,she’s a young girl of sixteen years,fij
630,répéter,v,,to repeat,ce rêve se répète sans cesse,this dream keeps repeating,ʀepete
631,texte,nm,masculine,text,je donne un texte et l’artiste intervient comme il veut,I give a text and the artist adapts it as necessary,tɛkst
632,profiter,v,,"to take advantage, profit",je profitais de ces derniers jours de vraies vacances,I took advantage of these last days of real vacation,pʀɔfite
633,chambre,nf,feminine,"bedroom, chamber",avant d’entrer dans la chambre de mon fils j’entrai dans la mienne,before going into my son’s bedroom I went into my own,ʃɑ͂bʀ
634,création,nf,feminine,creation,nous nous battons depuis la création de notre parti,we have been fighting since the creation of our party,kʀeasjɔ͂
635,prouver,v,,to prove,je n’ai rien besoin de prouver à qui que ce soit,I have no need to prove anything to anybody at all,pʀuve
636,acheter,v,,to buy,achetez vos billets à un revendeur agréé,buy your tickets from an approved reseller,aʃ(ə)te
637,justice,nf,feminine,justice,vous rendrez la justice de manière impartiale,you will render justice in an impartial way,ʒystis
638,production,nf,feminine,production,ce serait une maison de production plutôt qu’une société,it would be a factory rather than a company,pʀɔdyksjɔ͂
639,ignorer,v,,to ignore,j’ignorais pourquoi il jurait comme ça,I didn’t know why he was swearing like that,iɲɔʀe
640,directeur,nadj,masculine,director,j’ai recu un mot du directeur,I received a note from the director,ʀɛspɔ͂sabl
641,santé,nf,feminine,health,il est en bonne santé,he’s in good health,sɑ͂te
642,souffrir,v,,to suffer,"elle n’a pas souffert, elle s’est endormie","she didn’t suffer, she fell asleep",sufʀiʀ
643,précis,nadj(pl),masculine,precise,c’est à cet instant précis que je suis devenu adulte,at that precise moment I became an adult,pʀesi
644,fixer,v,,"to fix, arrange, set",nous avons fixé une date limite,we set a deadline,fikse
645,mère,"adj,nf",feminine,mother,peut-être que tous les enfants déçoivent leur mère,perhaps all children disappoint their mother,mɛʀ
646,croissance,nf,feminine,growth,les taux de croissance ont été importants,the growth rates were substantial,kʀwasɑ͂s
647,risque,nm,masculine,risk,vous prenez de sacrés risques,you’re taking huge risks,ʀisk
648,arme,nf,feminine,weapon,je suis un trafiquant d’armes,I’m an arms dealer,aʀm
649,estimer,v,,"to estimate; to consider, deem",j’estime que cela est inadmissible,I consider this to be inexcusable,ɛstime
650,endroit,nm,masculine,"place, spot",on aime vraiment cet endroit,we really like this place,ɑ͂dʀwa
651,comité,nm,masculine,committee,les délibérations des comités peuvent être enregistrées,committee deliberations may be recorded,kɔmite
652,impossible,nadj(f),,impossible,je peux te rendre la vie impossible,I can make life impossible for you,ɛ͂pɔsibl
653,preuve,nf,feminine,proof,"vous nous donnez les preuves, et nous vous protégeons à vie","you give us the proof, and we’ll protect you for the rest of your life",pʀœv
654,véritable,adj(f),,"real, true",les véritables coupables restaient en liberté,the true guilty parties remained free,veʀitabl
655,amener,v,,to bring,on pourrait les amener à changer leurs habitudes,we could bring them to change their habits,am(ə)ne
656,viser,v,,to aim,quel but visez-vous en thérapie bioénergé- tique?,what’s your goal with biofeedback therapy?,vize
657,retirer,v,,"to remove, withdraw",j’aimerais qu’il retire ce qu’il a dit,I want him to take back what he said,ʀ(ə)tiʀe
658,total,nadj,masculine,total,"Ming, c’est l’anarchiste total",Ming is the absolute anarchist,"tɔtal, o"
659,image,nf,feminine,"picture, image",certains films contiennent des images fameuses,some films contain famous images,imaʒ
660,date,nf,feminine,date,c’est la vraie date de ton anniversaire,that’s the real date of your birthday,dat
661,travers,nm(pl),masculine,"breadth, across; fault, amiss",le héros se promenait à travers le monde,the hero walked across the world,tʀavɛʀ
662,contrôle,nm,masculine,control,la situation est complètement sous contrôle,the situation is completely under control,kɔ͂tʀol
663,énorme,adj(f),,enormous,je pense que c’est un énorme effort,I think it’s an enormous effort,enɔʀm
664,conserver,v,,"to keep, preserve","cette petite note, je la conserve comme un trésor",this little note I keep like a treasure,kɔ͂sɛʀve
665,réel,nadj,masculine,real,nous avons toutefois un problème réel,we still have a real problem,ʀeɛl
666,campagne,nf,feminine,countryside,les gens allaient dormir à la campagne,people were going into the countryside to sleep,kɑ͂paɲ
667,naître,v,,to be born,il était né lui-même dans une famille de onze enfants,he himself was born into a family of eleven children,nɛtʀ
668,accorder,v,,to grant,les banques ont cessé d’accorder des prêts,the banks stopped granting loans,akɔʀde
669,tourner,v,,to turn,je trouvai un commutateur et le tournai,I found a switch and turned it,tuʀne
670,participer,v,,to participate,elle a participé à la création du Mouvement,she participated in creation of the Movement,paʀtisipe
671,vieux,"adj(pl),nm(pl)",masculine,old,"ça fait trop longtemps, mon vieil ami","it has been too long, my old friend",vjø
672,rapide,nadj(f),masculine,"fast, quick",elle parle d’une voix rapide et menue,she talks in a rapid and small voice,ʀapid
673,respecter,v,,to respect,j’avais le pouvoir. j’étais respecté,I had power. I was respected,ʀɛspɛkte
674,passage,nm,masculine,"passage, way",je lirai seulement un petit passage,I will only read a short passage,pɑsaʒ
675,essentiel,nadj,masculine,essential,ils sont tous désignés comme employés essentiels,they are all designated essential employees,esɑ͂sjɛl
676,adopter,v,,to adopt,j’hésite pour ma part à adopter l’idée,I for one hesitate to adopt the idea,adɔpte
677,subir,v,,"to undergo, be subjected to, suffer",certaines autres ont subi de terribles ravages,certain others suffered terrible ravages,sybiʀ
678,environ,"adv,prep,nm",,"about, thereabouts, or so",mon père et ma mère sont mariés depuis environ 60 ans,my father and mother have been married for about 60 years,ɑ͂viʀɔ͂
679,expérience,nf,feminine,experience,ça va te donner de l’expérience,this will give you experience,ɛkspeʀjɑ͂s
680,admettre,v,,to admit,je dois admettre que je suis toujours célibataire,I must admit that I’m still single,admɛtʀ
681,découvrir,v,,to discover,la sœur a découvert la fenêtre cassée,the sister discovered the broken window,dekuvʀiʀ
682,couvrir,v,,to cover,il était couvert de taches de sang,he was covered by blood stains,kuvʀiʀ
683,assister,v,,"to attend; to assist, help",il assista à la dernière répétition,he attended the last rehearsal,asiste
684,sénateur,nm,masculine,senator,les honorables sénateurs ont été si généreux,the honorable senators were very generous,"senatœʀ, -tʀis"
685,dépasser,v,,"to pass, go beyond",personne ne dépasse son potentiel,no one exceeds his potential,depɑse
686,affirmer,v,,"to affirm, maintain, declare, allege",ce témoin a affirmé avoir vu trois hommes,this witness alleged to have seen three men,afiʀme
687,soumettre,v,,to submit,"de retour chez eux, elle l’a soumis à un ultime test","back at their place, she put him to the final test",sumɛtʀ
688,financier,nadj,masculine,"financial, financier",j’ai aussi travaillé dans le monde financier,I also worked in the financial sector,finɑ͂sje
689,processus,nm(pl),masculine,process,j’ai été renseigné à chaque étape du processus,I was kept informed at each stage of the process,pʀɔsesys
690,militaire,nadj(f),masculine,military,la justice militaire me donne le droit à un avocat,the military code of justice grants me the right to an attorney,militɛʀ
691,frais,"adj(pl),nm(pl)",masculine-plural,"cool, fresh; fee, expense",on me paie mes frais de déplacement,my travel expenses are being covered,fʀɛ
692,industrie,nf,feminine,industry,le tourisme est une industrie saisonnière,tourism is a seasonal industry,ɛ͂dystʀi
693,apparaître,v,,to appear,son nom apparaissait dans une autre liste,her name appeared on another list,apaʀɛtʀ
694,responsabilité,nf,feminine,responsibility,il porte la seule responsabilité,he alone is responsible,ʀɛspɔ͂sabilite
695,réserver,v,,"to reserve, keep",je veux ce que l’avenir me réserve,I want what the future is keeping from me,ʀezɛʀve
696,porte,nf,feminine,door,veuillez fermer la porte derrière vous,please close the door after you,pɔʀt
697,victime,nf,feminine,victim,nos prières vont aux victimes,our prayers go out to the victims,viktim
698,territoire,nm,masculine,territory,c’est eux autres qui occupent le territoire,they are the ones who are occupying the territory,teʀitwaʀ
699,pauvre,nadj(f),masculine,poor,"vous êtes idiote, ma pauvre femme, comme toujours","you’re an idiot, my poor woman, as always",povʀ
700,taux,nm(pl),masculine,rate,les taux d’intérêt ont notablement haussé,interest rates have risen appreciably,to
701,organiser,v,,to organize,on pensait t’organiser une fête d’anniver- saire,we were thinking of organizing a birthday party for you,ɔʀganize
702,posséder,v,,"to possess, own, have",je possède les coupures de presse vous concernant,I have the press clippings about you,pɔsede
703,matériel,nadj,masculine,"material, equipment",nous avons déjà du nouveau matériel en chantier,we already have new equipment on the construction site,mateʀjɛl
704,cent,"det,nm",masculine,"one hundred, cent",aucun des cinq cents voyageurs n’a été blessé,none of the five hundred travelers was injured,sɑ͂
705,constater,v,,"to note, notice; to establish, certify",je constate de ce fait,I notice that fact,kɔ͂state
706,prononcer,v,,to pronounce,je ne devrais même pas prononcer ces mots,I should not even pronounce those words,pʀɔnɔ͂se
707,signe,nm,masculine,sign,"cependant, il y a des signes encourageants",yet there are encouraging signs,siɲ
708,blanc,"adj,nm",masculine,white,tu es donc noir à rayures blanches. dilemme résolu,so you are black with white stripes. dilemma resolved,blɑ͂
709,origine,nf,feminine,"origin, source",la guérilla n’est pas à l’origine de la violence,the insurgency isn’t the source of the violence,ɔʀiʒin
710,vendre,v,,to sell,"non, vous ne pouvez pas vendre votre bétail","no, you may not sell your livestock",vɑ͂dʀ
711,vite,adv,,"fast, quickly",déployez les sentinelles ... vite!,dispatch the guards ... quick!,vit
712,langue,nf,feminine,"language, tongue",tu maîtrises bien la langue,you’re mastering the language well,lɑ͂g
713,dangereux,adj(pl),,dangerous,ce type est dangereux,this guy is dangerous,"dɑ͂ʒʀø, -øz"
714,déplacer,v,,"to move, displace",nous nous déplaçons librement entre les deux pays,we travel freely between the two countries,deplase
715,importance,nf,feminine,importance,cela n’a pas d’importance,that isn’t important,ɛ͂pɔʀtɑ͂s
716,suffire,v,,"to be sufficient, suffice","bon, ça suffit","OK, that’s enough",syfiʀ
717,espoir,nm,masculine,hope,"hélas, ce n’était qu’un espoir","alas, it was only a hope",ɛspwaʀ
718,davantage,adv,,more,nous sentons tous que nous devons travailler davantage,we sense that we must work more,davɑ͂taʒ
719,saisir,v,,"to take hold of, grab",le reflet du miroir saisit son regard,the mirror’s reflection captured her face,seziʀ
720,énergie,nf,feminine,energy,l’énergie est le pivot de notre économie,energy is the lynchpin of our society,enɛʀʒi
721,réseau,nm,masculine,network,ce réseau peut me servir à établir des contacts,this network might help me establish contacts,ʀezo
722,mourir,v,,to die,"ma foi, je meurs de faim","goodness, I’m dying of hunger",muʀiʀ
723,faible,nadj(f),masculine,weak,je devenais de plus en plus faible,I became progressively weaker,fɛbl
724,employer,v,,"to use, employ","vous en employez beaucoup, de ces intellos gonflants",you sure employ a lot of these stuffy eggheads,ɑ͂plwaje
725,possibilité,nf,feminine,possibility,il va avoir la possibilité d’influencer son passé,he will be able to influence his past,pɔsibilite
726,spécial,adj,,special,je fais rien de spécial,I’m not doing anything special,"spesjal, jo"
727,accompagner,v,,to accompany,que Dieu vous accompagne,may God be with you,akɔ͂paɲe
728,actuellement,adv,,"at present, at the moment",je suis très seul actuellement,I’m very alone at the moment,aktɥɛlmɑ͂
729,union,nf,feminine,union,cette définition devrait comprendre les unions homosexuelles et lesbiennes,this definition should include homosexual and lesbian unions,ynjɔ͂
730,supposer,v,,"to suppose, assume",je suppose qu’ils ont peur,I imagine they are afraid,sypoze
731,fournir,v,,"to provide, supply",elle ne souhaitait fournir aucun effort,she didn’t want to provide any efforts,fuʀniʀ
732,ceci,pro,,this,tout ceci est votre création,this is all your creation,səsi
733,exiger,v,,"to require, demand",une vie publique exige de nombreux sacrifices,public life requires many sacrifices,ɛgziʒe
734,intervenir,v,,to intervene,il doit intervenir sur le marché,he must intervene in the market,ɛ͂tɛʀvəniʀ
735,fils,nm(pl),masculine,son,votre fils est en entraînement pour devenir soldat,your son is in training to become a soldier,fis
736,d’accord,intj,,"okay, alright","je m’en occupe, d’accord?","I’ll take care of it, OK?",akɔʀ
737,discuter,v,,"to discuss, debate; to question",personne ne discute ses ordres,nobody questions his orders,diskyte
738,différence,nf,feminine,difference,il y a une différence entre les pommes et les hommes,there’s a difference between men and apples,difeʀɑ͂s
739,protéger,v,,to protect,"je suis ici pour te protéger, pas les cookies","I’m here to protect you, not the cookies",pʀɔteʒe
740,abandonner,v,,"to give up, abandon",la propriété semblait abandonnée,the property seemed abandoned,abɑ͂dɔne
741,avis,nm(pl),masculine,"opinion, mind",j’ai changé d’avis,I changed my mind,avi
742,battre,v,,"to beat, hit",ne nous battons pas l’un contre l’autre,let’s not fight against each other,batʀ
743,pire,nadj(f),masculine,"worse, worst",c’est le pire jour de ma vie!,it’s the worst day of my life!,piʀ
744,adresser,v,,to address,ces bourses s’adressent à des étudiants,these scholarships are intended for students,adʀese
745,préciser,v,,"to state, specify, clarify",je préciserai seulement deux choses,I will only specify two things,pʀesize
746,intervention,nf,feminine,intervention; talk,je suis favorable aux interventions extérieures,I’m in favor of outside intervention,ɛ͂tɛʀvɑ͂sjɔ͂
747,attirer,v,,to attract,les attentats récents ont attiré trop d’attention,the recent attacks have attracted too much attention,atiʀe
748,demeurer,v,,"to remain, live",les crimes économiques demeurent largement impunis,white-collar crimes remain largely unpunished,dəmœʀe
749,chiffre,nm,masculine,"figure, number",j’ignore si ce chiffre est exact,I don’t know if this figure is exact,ʃifʀ
750,consacrer,v,,"to devote, consecrate",j’ai consacré beaucoup de temps à la recherche,I consecrated much time to research,kɔ͂sakʀe
751,remplir,v,,"to fill, fulfill","une voisine passerait, le panier rempli de poires","a neighbor would walk by, her basket full of pears",ʀɑ͂pliʀ
752,divers,"adj(pl),det",,"diverse, various",des formes très diverses surgissent sous vos yeux,widely varying patterns dance before your eyes,"divɛʀ, ɛʀs"
753,appliquer,v,,to apply,il faut que la loi soit appliquée,the law must be applied,aplike
754,frapper,v,,"to hit, strike, knock",je n’ai pas frappé vraiment fort,I didn’t knock very loudly,fʀape
755,peur,nf,feminine,fear,"maman, j’ai peur!","mommy, I’m afraid!",pœʀ
756,parlement,nm,masculine,parliament,il faut élargir le rôle du Parlement européen,we need to enlarge the role of the European Parliament,paʀləmɑ͂
757,fermer,v,,"to close, shut",je vais fermer les yeux maintenant,I’m going to close my eyes now,fɛʀme
758,forcer,v,,to force,"on peut me forcer à venir, pas à parler","I can be forced to come, not to speak",fɔʀse
759,lutte,nf,feminine,"struggle, fight, conflict",tu as mené une lutte acharnée,you fought an unrelenting battle,lyt
760,naturel,nadj,masculine,natural,c’est un sentiment tout à fait naturel,it’s a perfectly natural feeling,natyʀɛl
761,air,nm,masculine,"air, appearance",tu as l’air fatigué,you seem tired,ɛʀ
762,auteur,"nm,nf",masculine,author,chez cet auteur schizophrène cohabitent deux personnages,two personalities live together in this schizophrenic author,otœʀ
763,opération,nf,feminine,operation,les opérations militaires continuent du côté serbe,Serbian military operations continue,ɔpeʀasjɔ͂
764,heureux,nadj(pl),,"happy, lucky, fortunate",je n’étais pas heureuse non plus,I wasn’t happy either,"øʀø, -øz"
765,crise,nf,feminine,crisis,"plus la crise est grande, plus elle est grave","the bigger the crisis, the worse it is",kʀiz
766,numéro,nm,masculine,number,donnez votre numéro à mon assistant,give your number to my assistant,nymeʀo
767,résoudre,v,,"to solve, resolve",ça va résoudre tous nos problèmes,that will resolve all of our problems,ʀezudʀ
768,publier,v,,to publish,j’ai publié un livre,I published a book,pyblije
769,instant,"adj,nm",masculine,"instant, moment",je suis à vous dans un instant,I’ll be with you in a moment,ɛ͂stɑ͂
770,toutefois,"adv,conj",,however,"toutefois, l’industrie connaît des problèmes réels","however, the industry is experiencing real problems",tutfwa
771,pousser,v,,to push,je ne t’ai jamais poussée à te marier,I never pushed you to marry me,puse
772,quelqu’un,pro,,"somebody, someone",il vaudrait mieux le demander au quelqu’un,it would be better to ask someone about it,kɛlkœ͂
773,discours,nm(pl),masculine,"speech, talk, discourse",j’ai écouté ce discours avec intérêt,I listened intently to this talk,diskuʀ
774,banque,nf,feminine,bank,j’ai obtenu auprès d’une banque un prêt personnel habitat de 90 000 euros,"I got a housing loan from a bank for 90,000 euros",bɑ͂k
775,compagnie,nf,feminine,company,des compagnies pétrolières russes ont signé plusieurs accords,Russian oil companies signed several agreements,kɔ͂paɲi
776,reposer,v,,to rest,"on peut se reposer, maintenant","we can rest, now",ʀ(ə)poze
777,opinion,nf,feminine,opinion,notre opinion et notre politique doivent être crédibles,our opinion and our politics must be believable,ɔpinjɔ͂
778,classe,nf,feminine,class,nous étions dans la même classe d’anglais,we were in the same English class,klɑs
779,particulièrement,adv,,particularly,ce sont là des problèmes particulièrement délicats,those are particularly delicate questions,paʀtikyljɛʀmɑ͂
780,commun,nadj,masculine,common,il a quelque chose de commun avec d’autres problèmes que nous vivons,it has something in common with the other problems we’re experiencing,kɔmœ͂
781,satisfaire,v,,to satisfy,ils ne satisfont pas aux conditions requises,they won’t satisfy the required conditions,satisfɛʀ
782,intention,nf,feminine,intention,je l’ai fait avec les meilleures intentions,I did it with the best intentions,ɛ͂tɑ͂sjɔ͂
783,autorité,nf,feminine,authority,elle prit mon bras avec autorité,she took my arm with authority,otoʀite
784,anglais,nadj(pl),masculine,English,où as-tu appris l’anglais?,where did you learn English?,ɑ͂glɛ
785,échange,nm,masculine,exchange,"on discute, on échange des idées","we discuss, we exchange ideas",eʃɑ͂ʒ
786,feu,"adj(f),nm",masculine,fire,réchauffez-vous près du feu,warm yourself by the fire,fø
787,neuf,"det,adj,nmi",masculine,nine; new,on devait avoir des vêtements neufs!,we should have new clothes!,nœf
788,observer,v,,"to observe, watch","observez votre propre famille, vous serez édifié",watch your family and you’ll be uplifted,ɔpsɛʀve
789,capacité,nf,feminine,"capacity, ability",il ne faut pas sous-estimer la capacité de lecture des jeunes,one must not underestimate the reading abilities of young people,kapasite
790,désigner,v,,to designate,ce mot désigne plusieurs réalités bien distinctes,this word designates several very distinct realities,deziɲe
791,dépendre,v,,to depend,les femmes ne dépendent plus autant des hommes,women don’t depend on men as much any more,depɑ͂dʀ
792,message,nm,masculine,message,il me semble que le message est clair,it seems to me that the message is clear,mesaʒ
793,construire,v,,"to build, construct",nous avons dû construire une digue,we had to construct a dike,kɔ͂stʀɥiʀ
794,scène,nf,feminine,scene,la scène ressemble à un énorme feu de forêt,the scene resembled an enormous forest fire,sɛn
795,durant,prep,,"during, for",j’ai travaillé sur ce problème durant toute ma carrière,I have worked on this problem for my entire career,dyʀɑ͂
796,secret,nadj,masculine,secret,j’en connais tous les secrets,I know all the relevant secrets,səkʀɛ
797,plaisir,nm,masculine,pleasure,quel plaisir d’avoir des parents cultivés,what a pleasure to have cultured relatives,pleziʀ
798,dossier,nm,masculine,"file, record; case",le gouvernement s’occupe activement du dossier des hélicoptères,the government is actively pursuing the helicopter affair,dosje
799,proposition,nf,feminine,"proposition, proposal",sa proposition soulève certaines questions,his proposal raises certain issues,pʀɔpozisjɔ͂
800,combien,"adv,conj",,"how much, how many",tu pèses combien maintenant?,how much do you weigh now?,kɔ͂bjɛ͂
801,nul,"adj,det,pro",masculine,"nil, null",les préservatifs c’est nul. ils marchent pas,condoms are crap. they don’t work,nyl
802,absence,nf,feminine,absence,l’absence de punition les pousse au crime,the absence of punishment pushed them to crime,apsɑ͂s
803,cher,"adj,adv",,expensive,j’ai payé cher pour le savoir,I paid dearly to find out about that,ʃɛʀ
804,plaire,v,,to please,"réponds, s’il te plaît","answer me, please",plɛʀ
805,derrière,"adv,nm,prep",masculine,last; behind,Mathieu s’abrita derrière le pilier,Mathieu took shelter behind the pillar,dɛʀjɛʀ
806,connaissance,nf,feminine,knowledge,nous serons heureux d’en prendre connaissance,we will be happy to learn about it,kɔnɛsɑ͂s
807,immédiatement,adv,,immediately,"les enfants, partez immédiatement","children, leave immediately",imedjatmɑ͂
808,entrée,nf,feminine,entrance,"à l’entrée de son couloir, je me suis arrêté","at the entrance to the hallway, I stopped",ɑ͂tʀe
809,signer,v,,to sign,tu voulais que je signe les papiers,you wanted me to sign papers,siɲe
810,révéler,v,,to reveal,je veux que tu révèles tout ça au monde,I want you to reveal everything to the world,ʀevele
811,couper,v,,to cut,je me suis coupé. comment? sur mon couteau,I cut myself. how? on my knife,kupe
812,salle,nf,feminine,room,"dans la salle, rien de plus qu’un murmure",in the room there was nothing more than a murmur,sal
813,pièce,nf,feminine,"piece, part, component; room",ces gens vont vous mettre en pièces,these people are going to tear you to pieces,pjɛs
814,équipe,nf,feminine,team,depuis mercredi nos équipes travaillent 24 h sur 24 h,since Wednesday our teams have been working around the clock,ekip
815,situer,v,,"to situate, locate",je me situe quelque part entre les deux,I find myself somewhere between the two,sitɥe
816,souligner,v,,"to underline, stress",j’ai deux points à souligner,I have two points to stress,suliɲe
817,source,nf,feminine,"source, spring",un bon journaliste ne révèle jamais ses sources,a good journalist never reveals his sources,suʀs
818,respect,nm,masculine,respect,il salua avec beaucoup de respect,he saluted with deep respect,ʀɛspɛ
819,crime,nm,masculine,crime,un crime motivé par la haine,a hate crime,kʀim
820,précédent,nadj,masculine,precedent; previous,le manège précédent a été construit en 1950,the previous merry-go-round was built in 1950,pʀesedɑ͂
821,installer,v,,to install,t’as bien installé son micro?,did you set up his microphone correctly?,ɛ͂stale
822,facile,adj(f),,easy,il n’y avait rien de plus facile,nothing was easier,fasil
823,augmenter,v,,"to increase, raise",les dépenses à la consommation aug- mentent,consumer spending is rising,ɔgmɑ͂te
824,réunir,v,,"to gather, reunite, raise",je sais comment réunir l’argent,I know how to raise money,ʀeyniʀ
825,impression,nf,feminine,impression,"oui, c’est l’impression que j’ai eue","yes, that’s the impression I had",ɛ͂pʀesjɔ͂
826,octobre,nm,masculine,October,il sortira en français au mois d’octobre,it will hit the shelves in French in October.,ɔktɔbʀ
827,médecin,nm,masculine,"physician, doctor",j’ai besoin d’un médecin,I need a doctor,medsɛ͂
828,fédéral,nadj,,federal,le gouvernement fédéral a contribué au problème,the federal government contributed to the problem,"fedeʀal, o"
829,police,nf,feminine,police,la police poursuit une bande de criminels très dangereux,the police are pursuing a very dangerous gang of criminals,pɔlis
830,coût,nm,masculine,cost,les coûts de production seront réduits,production costs will be reduced,ku
831,formation,nf,feminine,training,je suis toujours dans ma période de formation,I’m still in my training stage,fɔʀmasjɔ͂
832,contrat,nm,masculine,contract,j’ai rompu le contrat. je l’ai trompé,I broke the contract. I didn’t honor it,kɔ͂tʀa
833,normal,adj,masculine,normal,"j’ai une vie plutôt normale, avec un mari, des enfants","I have a rather normal life, with a husband, children",nɔʀmal
834,attitude,nf,feminine,attitude,il est difficile de changer les attitudes,it’s difficult to change attitudes,atityd
835,faute,nf,feminine,"mistake, error, fault",vous comprendrez combien vos fautes sont graves,you will understand how serious your errors are,fot
836,série,nf,feminine,series,on a interrompu la série pendant 15 ans,we interrupted the series for 15 years,seʀi
837,lever,v,masculine,"to lift, raise","je t’en prie, lève-toi","please, get up",l(ə)ve
838,proche,"adv,nadj(f),prep",masc / fem,"nearby, close",nous n’avions pas de famille proche,we didn’t have any close relatives,pʀɔʃ
839,direct,nadj,masculine,direct,on parle toujours des émissions en direct,they always talk about live broadcasts,diʀɛkt
840,imaginer,v,,to imagine,j’imagine qu’elle a des documents,I imagine she has the documents,imaʒine
841,figurer,v,,"to represent, appear","parmi les signataires, figurent 42 maires",among the signatories appeared 42 mayors,figyʀe
842,pratique,nadj(f),feminine,"practice, practical",les résultats pratiques obtenus sont-ils très probants?,are the practical results very convincing?,pʀatik
843,finalement,adv,,"finally, eventually","finalement, la porte s’ouvrit","finally, the door opened",finalmɑ͂
844,allemand,nadj,masculine,German,"un type fume une cigarette allemande, l’air pensif","a guy smokes a German cigarette, with a pensive air",almɑ͂
845,pression,nf,feminine,pressure,cette pression fait partie de la négociation,this pressure is part of the negotiation,pʀɛsjɔ͂
846,accès,nm(pl),masculine,access,voici les codes d’accès,there are the access codes,aksɛ
847,champ,nm,masculine,"field, realm","dans le champ administratif, il peut y avoir des incertitudes","in the administrative realm, uncertainties can exist",ʃɑ͂
848,film,nm,masculine,film,j’ai vu tous les films d’action,I saw all the action films,film
849,charge,nf,feminine,"to charge, load",l’arbre plie sous la charge,the tree collapsed under the weight,ʃaʀʒ
850,envisager,v,,"to view, contemplate",je ne pouvais pas envisager que son état fût grave,I couldn’t imagine that her condition was serious,ɑ͂vizaʒe
851,commune,nf,feminine,"locality; common, joint",il s’agit là d’une responsabilité commune,now that’s a joint responsibility,kɔmyn
852,ressource,nf,feminine,resource,le nœud intermédiaire dispose des ressources nécessaires,the intermediate node has the necessary resources,ʀ(ə)suʀs
853,monter,v,,"to go up, rise, assemble",j’ai monté et descendu cinq étages,I went up and down five floors,mɔ͂te
854,promettre,v,,to promise,"s’il promet quelque chose, il tient parole","if he promises something, he keeps his word",pʀɔmɛtʀ
855,motion,nf,feminine,motion,la motion définitive était validée par Nicolas Sarkozy,the final motion was ratified by Nicolas Sarkozy,mosjɔ͂
856,concentrer,v,,to concentrate,je me concentre plus sur ma condition physique,I’m concentrating on my physical condition,kɔ͂sɑ͂tʀe
857,exactement,adv,,exactly,la pièce ne paraissait pas exactement sombre,the room didn’t appear exactly dark,ɛgzaktəmɑ͂
858,composer,v,,"to compose, dial",il avait juste besoin de composer mon numéro,all he needed to do was dial my number,kɔ͂poze
859,chemin,nm,masculine,"path, way",le chemin pour rentrer me semblait interminable,the road home seemed never-ending,ʃ(ə)mɛ͂
860,zone,nf,feminine,"zone, area","vous pouvez venir, j’ai sécurisé la zone",you can come here – I’ve secured the area,zon
861,province,nf,feminine,province,l’armée française abandonne une de nos provinces,the French army is abandoning one of our provinces,pʀɔvɛ͂s
862,élection,nf,feminine,election,l’élection présidentielle en Russie est prévue l’été prochain,the Russian presidential elections are slated for next summer,elɛksjɔ͂
863,usage,nm,masculine,"use, usage",il avait perdu l’usage de la mémoire immédiate,he had lost the use of short- term memory,yzaʒ
864,conflit,nm,masculine,conflict,ils se préparent à un éventuel conflit,they’re preparing for a possible conflict,kɔ͂fli
865,hors,"adv,prep",,"except, outside",ils s’installèrent hors de la ville,they moved in outside the city,ˊɔʀ
866,enquête,nf,feminine,"inquiry, enquiry, investigation",cela coûte cher de faire enquête sur les activités criminelles,criminal investigations are costly,ɑ͂kɛt
867,terrain,nm,masculine,"ground, terrain",vous combattez sur un terrain qui s’enfonce,you’re fighting on shaky ground,teʀɛ͂
868,mars,nm(pl),masculine,March; Mars,la date est fixée au 1er mars 2004,"the date is set for March 1, 2004",maʀs
869,tellement,adv,,so much,vous êtes tellement différente des autres femelles,you are so different from other females,tɛlmɑ͂
870,espace,"nm,nf",masculine,space,je m’invente un espace magique pour moi tout seul,I’m inventing a magic space just for myself,ɛspas
871,demain,"adv,nm",masculine,tomorrow,je te verrai demain matin,I’ll see you tomorrow morning,dəmɛ͂
872,hier,adv,masculine,yesterday,"tu nous as manqué, hier soir",we missed you last night,jɛʀ
873,confier,v,,to entrust,je te confie ce garçon. rends-moi un homme,I entrust you with this boy. return a man to me,kɔ͂fje
874,remarquer,v,,"to remark; to notice, point out",ils ont fait remarquer que ces jeunes avaient été pris,they pointed out that these youths were taken,ʀ(ə)maʀke
875,égard,nm,masculine,"consideration, respect, regard",rien n’est prévu à cet égard,nothing has been planned in this regard,egaʀ
876,supérieur,nadj,masculine,superior,je suis votre supérieur ecclésiastique,I’m your religious superior,sypeʀjœʀ
877,huit,"det,nmi",masculine,eight,il a presque huit ans,he’s almost eight years old,ˊɥit
878,condamner,v,,to condemn,le mousquetaire est seul. et condamné à la solitude,the musketeer is alone. and condemned to loneliness,kɔ͂dɑne
879,capital,nadj,masc / fem,"major, chief, principal; capital, assets",ils ont pris une décision capitale en renonçant à leur statut,they took a major decision in renouncing their status,"kapital, o"
880,lien,nm,masculine,"link, bond",sachez que nos liens ne sont pas rompus,understand that our bonds are not broken,ljɛ͂
881,voiture,nf,feminine,car,mettez votre voiture dans le parking,put your car in the parking lot,vwatyʀ
882,discussion,nf,feminine,discussion,j’ai eu une discussion avec elle,I had a discussion with her,diskysjɔ͂
883,limiter,v,,to limit,les freins limitent les transactions informa- tisées,the blocking mechanism limits computerized transactions,limite
884,justifier,v,,to justify,ça ne justifie pas la mesure extrême,that doesn’t justify the extreme measures taken,ʒystifje
885,agent,"nm,nf",masculine,agent,notre partenaire est un agent immobilier,our partner is a real estate agent,aʒɑ͂
886,sentiment,nm,masculine,feeling,elle connaît tes sentiments pour elle?,does she know your feelings for her?,sɑ͂timɑ͂
887,tâche,nf,feminine,task,nous déciderons à qui reviendra cette tâche agréable,we will decide who will get this pleasant task,tɑʃ
888,directement,adv,,directly,son action s’exerce directement ou par intermédiaire,his actions are taken personally or by an intermediary,diʀɛktəmɑ͂
889,euh,intj,,"er, um, uh",il faut euh avoir euh une intention particulière,you um have to have um a particular intention,ø
890,raconter,v,,to tell,je ne raconte plus de blagues,I don’t tell jokes any more,ʀakɔ͂te
891,décembre,nm,masculine,December,c’était un samedi après-midi de décembre,it was a Saturday afternoon in December,desɑ͂bʀ
892,développer,v,,to develop,"l’embryon vit, grandit et se développe","the embryo lives, grows, and develops",dev(ə)lɔpe
893,honorable,adj(f),,honorable,c’est un but honorable,it’s an honorable goal,ɔnɔʀabl
894,contact,nm,masculine,contact,je ne veux plus perdre contact avec toi,I don’t want to lose contact with you any more,kɔ͂takt
895,conclure,v,,to conclude,il vous reste une minute pour conclure,you have one minute to conclude,kɔ͂klyʀ
896,fruit,nm,masculine,fruit,allez manger des fruits,go eat fruit,fʀɥi
897,ouvert,adj,,open,je suis très ouvert à cette suggestion,I’m very open to this suggestion,"uvɛʀ, ɛʀt"
898,investissement,nm,masculine,investment,ce sont là des investissements importants,those are important investments,ɛ͂vɛstismɑ͂
899,insister,v,,to insist,"elle insistait pour m’accompagner, je refusai","she insisted on accompanying me, I refused",ɛ͂siste
900,avantage,nm,masculine,advantage,je désirais cet avantage pour mon fils,I wanted this advantage for my son,avɑ͂taʒ
901,garde,"nm,nf",masc / fem,guard,on a fait venir le garde du corps,they had the bodyguard come,gaʀd
902,historique,nadj(f),masculine,historical,c’est également devenu un lieu historique,it has also become a historical site,istɔʀik
903,probablement,adv,,probably,il est probablement mort à ce moment-là,that’s probably when he died,pʀɔbabləmɑ͂
904,voyage,nm,masculine,"trip, journey",le ferry fera plusieurs voyages,the ferry will make many trips,vwajaʒ
905,sept,"det,nmi",masculine,seven,"il était sept heures, exactement",it was exactly seven o’clock,sɛt
906,marche,nf,feminine,"walk, step, march",mais enfin il arrêta brusquement leur marche,finally he abruptly stopped their march,maʀʃ
907,vérité,nf,feminine,truth,"provoqué à la vérité, je répondrai au défi","pushed to the truth, I will answer the challenge",veʀite
908,commercial,nadj,masculine,commercial,la Chine est un partenaire commercial important,China is an important commercial partner,kɔmɛʀsjal
909,critique,nadj(f),masc / fem,"criticism, critic, critical",cette critique est légitime,this criticism is legitimate,kʀitik
910,ministère,nm,masculine,ministry,des représentants de divers ministères y ont pris part,representatives from various ministries took part,ministɛʀ
911,baisser,v,masculine,"to lower, turn down, bend down",la jeune femme baisse encore un peu plus la tête,the young woman bows her head a little lower,bese
912,somme,"nm,nf",masc / fem,"amount, sum; nap",pourquoi n’ont-ils pas mentionné ces sommes?,why didn’t they mention these sums?,sɔm
913,culture,nf,feminine,culture,la culture permet d’ouvrir les esprits,culture enables the opening of minds,kyltyʀ
914,cacher,v,,to hide,je ne vous cache rien du tout,I am not hiding anything at all from you,kaʃe
915,prêter,v,,to lend,le gouvernement devrait prêter l’oreille,the government should pay attention,pʀete
916,définir,v,,to define,tout dépend de la manière dont on définit le concept,everything depends on how we define the concept,definiʀ
917,client,nm,masculine,client,le client contrôle toujours la destination de la marchandise,the customer always controls the destination of the goods,"klijɑ͂, jɑ͂t"
918,exposer,v,,"to display, exhibit, expose","en m’exposant, vous me condamnez!","by exposing me, you’re condemning me!",ɛkspoze
919,progrès,nm(pl),masculine,progress,mes fils font des progrès,my sons are making progress,pʀɔgʀɛ
920,secrétaire,"nm,nf",masc / fem,secretary,"mais voilà, ma secrétaire accouche cet après- midi","so there you go, my secretary is delivering a baby this afternoon",s(ə)kʀetɛʀ
921,mer,nf,feminine,sea,il les a laissés en pleine mer,he left them in the middle of the sea,mɛʀ
922,rapporter,v,,"to bring back, report",je t’ai rapporté ton livre,I brought back your book,ʀapɔʀte
923,appuyer,v,,"to lean, support",nous avons toujours appuyé l’unité nationale,we have always supported national unity,apɥije
924,liste,nf,feminine,list,j’aimerais avoir une liste de ces témoins,I’d like to have a list of these witnesses,list
925,rentrer,v,,"to go in, come in, come back, return",je ne t’avais pas entendu rentrer,I hadn’t heard you come in,ʀɑ͂tʀe
926,mémoire,"nm,nf",masc / fem,memory,cette soirée restera gravée dans nos mémoires,this evening will remain engraven in our memory,memwaʀ
927,caractère,nm,masculine,"nature, character",mais c’est un caractère difficile,but he’s a difficult character,kaʀaktɛʀ
928,détruire,v,,to destroy,l’environnement a été entièrement détruit,the environment was completely destroyed,detʀɥiʀ
929,civil,nadj,masculine,civil; civilian,la protection des citoyens et des civils est une cause excellente,the protection of citizens and civilians is an excellent cause,sivil
930,nécessité,nf,feminine,"necessity, need",nous sommes conscients de la nécessité de réduire ces cotisations,we’re aware of the need to reduce these subscriptions,nesesite
931,juin,nm,masculine,June,deux pays ont signé en juin un accord,two countries signed an agreement in June,ʒɥɛ͂
932,danger,nm,masculine,danger,le cyclisme est en danger de mort,cycling is in danger of dying out,dɑ͂ʒe
933,complexe,nadj(f),masculine,complex,les problèmes et les solutions sont complexes,the problems and solutions are complex,kɔ͂plɛks
934,commerce,nm,masculine,"trade, commerce",nous ne sommes pas contre le commerce équitable,we aren’t against equitable commerce,kɔmɛʀs
935,transport,nm,masculine,transportation,il nous faut un transport plus rapide,we need a faster means of transportation,tʀɑ͂spɔʀ
936,attente,nf,feminine,wait,"six mois d’attente, c’est beaucoup trop long","six years of waiting, that’s much too long",atɑ͂t
937,institution,nf,feminine,institution,nous devons réformer ces institutions,we must reform these institutions,ɛ͂stitysjɔ͂
938,défense,nf,feminine,defense,je me porte à la défense de la personne responsable,I’m here to help defend the person responsible,defɑ͂s
939,janvier,nm,masculine,January,j’irai en Californie en janvier prochain,I’ll be going to California next January,ʒɑ͂vje
940,échapper,v,,to escape,on ne peut pas y échapper,you can’t escape it,eʃape
941,négociation,nf,feminine,negotiation,il se présente à la table de négociation,he shows up at the negotiation table,negɔsjasjɔ͂
942,franc,"adj,adv,adj,nm",masculine,frank; franc,le vétérinaire avait un regard franc,the veterinarian had a candid look,fʀɑ͂
943,mai,nm,masculine,May,elle avait disparu le 30 mai dernier,she had disappeared last May 30,mɛ
944,septembre,nm,masculine,September,elle est née un 22 septembre,she was born on September 22,sɛptɑ͂bʀ
945,environnement,nm,masculine,environment,nous rejetons la nécessité de protéger notre environnement,we reject the need to protect our environment,ɑ͂viʀɔnmɑ͂
946,séparer,v,,to separate,ce sont deux mondes séparés qui ont des interfaces,they are two separate worlds that have interfaces,sepaʀe
947,réaction,nf,feminine,reaction,j’estime que leur réaction est naturelle,I judge their reaction to be normal,ʀeaksjɔ͂
948,disposition,nf,feminine,"arrangement, disposition",elle tenait de notre père une disposition mélancolique,she got a melancholy disposition from our father’s side,dispozisjɔ͂
949,positif,nadj,masculine,positive,les réactions des téléspectateurs sont très positives,the reactions of the viewers were very positive,pozitif
950,scientifique,nadj(f),masc / fem,scientific,le nom scientifique de ma maladie ne l’intéressait pas,he wasn’t interested in the scientific name of my disease,sjɑ͂tifik
951,papier,nm,masculine,paper,ils veulent juste voir nos papiers,they just wanted to see our papers,papje
952,expression,nf,feminine,expression,cette expression a un sens extrêmement simple,this expression has an extremely simple meaning,ɛkspʀesjɔ͂
953,protection,nf,feminine,protection,on voudrait créer des aires de protection marines,they wanted to create marine conservationareas,pʀɔtɛksjɔ͂
954,indépendant,nadj,masculine,independent,"il est indépendant financièrement, cultivé et cinglé","he’s financially independent, cultivated, and nuts",ɛ͂depɑ͂dɑ͂
955,carte,nf,feminine,card,j’ai reçu votre carte,I received your card,kaʀt
956,association,nf,feminine,association,l’association a vocation à être une entreprise,the association’s goal is to become a company,asɔsjasjɔ͂
957,régler,v,,"to pay, adjust, settle",vous ne réglerez rien avec l’argent,you won’t settle anything with the money,ʀegle
958,modèle,nm,masculine,model,votre styliste va nous proposer trois modèles,your stylist is going to show us three models,mɔdɛl
959,commander,v,,"to order, command",il a commandé plusieurs exemplaires du guide de référence,he ordered several copies of the reference guide,kɔmɑ͂de
960,étudier,v,,to study,j’ai étudié la situation avant de venir ici,I studied the situation before coming here,etydje
961,déterminer,v,,"to determine, find out, specify",il faut plutôt déterminer si le contrat était juste,rather we should determine out whether the contract was accurate,detɛʀmine
962,budget,nm,masculine,budget,il paraît assez douteux que le budget soit rejeté,it seems rather unlikely that the budget would be rejected,bydʒɛ
963,fonder,v,,"to found, set",il a fondé la société,he founded the company,fɔ͂de
964,structure,nf,feminine,structure,une structure bien déterminée est choisie,a well specified structure is chosen,stʀyktyʀ
965,complet,"adj,nm",masculine,"full, complete; suit","je veux un rapport complet sur mon bureau, demain",I want a complete report on my desk tomorrow,kɔ͂plɛ
966,exercer,v,,"to exercise, exert, practise, carry out",j’ai également exercé diverses fonctions dans ce secteur,I also carried out various roles in this sector,ɛgzɛʀse
967,amour,nm,masculine,love,rien ne pourrait détruire mon amour pour toi,nothing could destroy my love for you,amuʀ
968,manifester,v,,"to show, demonstrate, display",il avait manifesté son hostilité contre elle,he displayed his hostility toward her,manifɛste
969,menacer,v,,to threaten,ils ont menacé de l’incarcérer et de le torturer,they threatened to imprison and torture him,mənase
970,conseiller,"nm,v",masculine,"adviser, to advise",je lui conseille de consulter le dictionnaire,I advised her to consult the dictionary,kɔ͂seje
971,réunion,nf,feminine,meeting,j’ai moi-même participé à diverses réunions de la troïka,I even attended several of the trilateral meetings,ʀeynjɔ͂
972,opposition,nf,feminine,opposition,il est membre de l’opposition officielle,he is a member of the official opposition,ɔpozisjɔ͂
973,maladie,nf,feminine,"illness, disease",ce n’est pas une maladie psychiatrique,it’s not a psychiatric illness,maladi
974,outre,"adv,prep",feminine,besides,il a en outre publié deux ouvrages,he also published two works,utʀ
975,tandis,,,while,il pria tandis que l’océan gelait,he prayed while the ocean froze over,tɑ͂dikə
976,construction,nf,feminine,"construction, building",son rôle dans la construction du produit final,his role in building the final product,kɔ͂stʀyksjɔ͂
977,bande,nf,feminine,"band, strip",Le Chili est une longue et étroite bande de terre,Chile is a long and narrow strip of land,bɑ͂d
978,signal,nm,masculine,signal,on va perdre le signal,we’re going to lose the signal,"siɲal, o"
979,voisin,nadj,masculine,neighbor,je l’expédie chez le petit voisin,I sent him to the little neighbor’s house,"vwazɛ͂, in"
980,réforme,nf,feminine,reform,"les réformes continuent, et ces pays progressent","the reforms continue, and these countries are progressing",ʀefɔʀm
981,rejeter,v,,to reject,je rejette l’argument invoqué fréquemment aujourd’hui,I reject the argument invoked often today,"ʀ(ə)ʒəte, ʀəʒ(ə)te"
982,novembre,nm,masculine,November,rappelez-vous où vous étiez le 1er novembre?,do you remember where you were on November 1st?,nɔvɑ͂bʀ
983,fonds,nm(pl),masculine,funds,cela vient des fonds publics,this comes from public funds,fɔ͂
984,coûter,v,,to cost,cette décision va coûter des milliards de dollars,this decision will cost billions of dollars,kute
985,reprise,nf,feminine,"resumption, renewal; time",elle l’a prouvé à maintes reprises,she proved it many times,ʀ(ə)pʀiz
986,presse,nf,feminine,press,la presse aime bien les grands titres,the press really likes dramatic headlines,pʀɛs
987,rouge,nadj(f),masculine,red,"le sang a séché, le rouge est devenu brun","the blood dried, red turning to brown",ʀuʒ
988,majorité,nf,feminine,majority,la grande majorité n’en faisait rien,the great majority didn’t do anything about it,maʒɔʀite
989,autoriser,v,,to authorize,aucun fait n’autorise cette accusation de jalousie,no fact licenses this accusation of jealousy,otoʀize
990,effectuer,v,,"to carry out, undergo",elle avait effectué trois jours de prison,she had served three days of prison time,efɛktɥe
991,bord,nm,masculine,"edge, side",voyant un banc au bord du trottoir je m’y assis,seeing a bench alongside the sidewalk I sat down,bɔʀ
992,central,nadj,,central,elle habitait dans le quartier central de la ville,she lived in the city’s central neighborhood,"sɑ͂tʀal, o"
993,procédure,nf,feminine,procedure,"pour cela, il existe une procédure spéciale","for that, a special procedure exists",pʀɔsedyʀ
994,faveur,nf,feminine,favor,je me prononcerai en faveur des amende- ments,I will declare myself in favor of the amendments,favœʀ
995,éducation,nf,feminine,education,l’éducation est devenue obligatoire,education has become mandatory,edykasjɔ͂
996,officiel,nadj,masculine,official,ils doivent fournir une réponse honnête et officielle,they have to provide an honest and official response,ɔfisjɛl
997,document,nm,masculine,document,je suis un document vivant!,I’m a living document!,dɔkymɑ͂
998,aspect,nm,masculine,aspect,il a oublié quelques aspects de la gas- tronomie,he forgot some aspects of gastronomie,aspɛ
999,retourner,v,,"to return, go back",je ne retournerai pas sur la Terre,I will not return to Earth,ʀ(ə)tuʀne
1000,professionnel,nadj,masculine,professional,il est entré dans la vie professionnelle voilà huit ans,he entered professional life eight years ago,pʀɔfesjɔnɛl
1001,auparavant,adv,,beforehand,je n’ai jamais vu cela auparavant,I’ve never seen that before,opaʀavɑ͂
1002,animal,nadj,masculine,animal,le singe aussi est un animal familier,the monkey is also a familiar animal,"animal, o"
1003,utile,adj(f),,useful,"l’hypocrisie, pour être utile, doit se cacher","hypocrisy, to be useful, must be hidden",ytil
1004,inscrire,v,,"to register, write down",j’inscrivis mon nom sur la fiche,I wrote down my name on the card,ɛ͂skʀiʀ
1005,concurrence,nf,feminine,competition,Pékin est en concurrence avec Paris,Peking is in competition with Paris,kɔ͂kyʀɑ͂s
1006,déclaration,nf,feminine,declaration,nous devons répondre à cette déclaration,we must respond to this declaration,deklaʀasjɔ͂
1007,rejoindre,v,,"to rejoin, reunite","allez, rejoignez votre famille","go, rejoin your family",ʀ(ə)ʒwɛ͂dʀ
1008,mille,"det,nm,nmi",masculine,a thousand,leur culture a duré quelque vingt mille ans,their culture lasted some twenty thousand years,mil
1009,absolument,adv,,absolutely,cela ne veut absolument rien dire,that means absolutely nothing at all,apsɔlymɑ͂
1010,prison,nf,feminine,prison,les prisons sont la solution à la délinquance juvénile,prisons are the solution to juvenile deliquence,pʀizɔ͂
1011,armée,nf,feminine,army,"l’armée fait retraite, sans avoir combattu","the army retreats, without having fought",aʀme
1012,revenu,nm,masculine,income,les hauts revenus ne verront pas la différence,high-income people will not see the difference,"ʀ(ə)vəny, ʀəvny"
1013,complètement,"adv,nm",,completely,le ciel est complètement couvert,the sky is completely overcast,kɔ͂plɛtmɑ͂
1014,confirmer,v,,to confirm,cette information n’a pas été confirmée,this information was not confirmed,kɔ͂fiʀme
1015,salaire,nm,masculine,"salary, wage",beaucoup de travailleurs gagnent le salaire minimum,many workers earn minimum wage,salɛʀ
1016,lecture,nf,feminine,reading,elle consacrait son temps à la lecture,she consecrated her time to reading,lɛktyʀ
1017,contribuer,v,,to contribute,la consommation de drogues illicites contribue à la criminalité,illegal drug use contributes to crime,kɔ͂tʀibɥe
1018,attaquer,v,,to attack,il est temps d’attaquer le mal à la racine,it’s time to attack evil at its roots,atake
1019,table,nf,feminine,table,la bouteille est là sur la table,the bottle is there on the table,tabl
1020,remonter,v,,to go back up,notre dernière participation remontait au génocide rwandais,our last participation goes back to the Rwandan genocide,ʀ(ə)mɔ͂te
1021,certes,adv,,"indeed, certainly, of course",le rapport ne fournit certes pas de solution miracle,the report certainly doesn’t provide the miraculous solution,sɛʀt
1022,avril,nm,masculine,April,je suis né le 10 avril,I was born on April 10th,avʀil
1023,autrement,adv,,"differently, something else, otherwise",les Américains ont décidé d’agir autrement,the Americans decided to act otherwise,otʀəmɑ͂
1024,ferme,"adj(f),adv,nf",feminine,farm; firm,les parents doivent parfois se montrer fermes,parents should sometimes stand firm,fɛʀm
1025,désormais,adv,,"from now on, henceforth",c’est désormais chose faite,it’s henceforth a done deal,dezɔʀmɛ
1026,lourd,adj,,heavy,nous avons accepté une lourde partie de la responsabilité,we have accepted a heavy part of the responsibility,"luʀ, luʀd"
1027,susciter,v,,"to arouse, provoke",une femme qui a étudié la théologie suscite toujours quelque méfiance,a woman who has studied theology still arouses some suspicion,sysite
1028,république,nf,feminine,republic,"je rêve d’une république indépendante, libre et démocratique","I dream of an independent, free, democratic republic",ʀepyblik
1029,dur,"adv,nadj",masculine,hard,il va traverser des moments très durs,he will pass through very difficult times,dyʀ
1030,application,nf,feminine,application,l’accord sera mis en application,the agreement will be enacted,aplikasjɔ͂
1031,lutter,v,,"to struggle, fight",je me préoccupe de lutter contre la pauvreté,I’m busy fighting against poverty,lyte
1032,profit,nm,masculine,"profit, benefit",j’ai toujours profit à l’écouter,I always benefit from listening to her,pʀɔfi
1033,contenir,v,,to contain,ce livre contient donc un message,so this book contains a message,kɔ͂t(ə)niʀ
1034,déposer,v,,"to deposit, put down",pourquoi ne dépose-t-il pas ses bagages?,why doesn’t he set down his luggage?,depoze
1035,modifier,v,,"to modify, adjust",nous pouvons modifier nos paramètres,we can adjust our parameters,mɔdifje
1036,communication,nf,feminine,communication,aucun moyen de communication n’a été fermé par le gouvernement,no means of communication was cut off by the government,kɔmynikasjɔ͂
1037,jugement,nm,masculine,judgement,il faut que son jugement s’exerce très très très rapidement,his judgment must be exercised very very very quickly,ʒyʒmɑ͂
1038,manque,nm,masculine,lack,c’est aussi un manque de respect,it’s also a lack of respect,mɑ͂k
1039,échec,"adji,nm",masculine,failure,l’objectif central est de combattre l’échec scolaire,the main goal is to fight failure in schools,eʃɛk
1040,traverser,v,,"to cross, traverse",c’est suicidaire de traverser seul la galaxie entière,it’s suicidal to traverse the whole galaxy alone,tʀavɛʀse
1041,transformer,v,,to transform,cela s’est transformé en un match physique,it was transformed into a physical contest,tʀɑ͂sfɔʀme
1042,engagement,nm,masculine,"agreement, commitment",mon premier engagement fut de nature politique,my first appointment was political in nature,ɑ͂gaʒmɑ͂
1043,frère,nm,masculine,brother,"tu es mon frère, et je t’aime","you’re my brother, and I love you",fʀɛʀ
1044,mardi,nm,masculine,Tuesday,des manifestations se sont déroulées mardi,protests took place Tuesday,maʀdi
1045,rencontre,nm,feminine,meeting,"le matin, je vais à la rencontre du soleil",in the morning I go to meet the sun,ʀɑ͂kɔ͂tʀ
1046,vote,nm,masculine,vote,le vote aura lieu aujourd’hui,the vote will take place today,vɔt
1047,renvoyer,v,,"to send back, dismiss",il devrait renvoyer le signal de libération au réseau,he had to send the liberation signal to the network,ʀɑ͂vwaje
1048,regretter,v,,to regret,tous étaient violents. peu regrettaient leurs actes,everybody was violent. few regretted their acts,ʀ(ə)gʀete
1049,espèce,nf,feminine,species,c’est une espèce en voie de disparition,that’s an endangered species,ɛspɛs
1050,recommandation,nf,feminine,recommendation,nous avons fait neuf recommandations précises,we made nine specific recommen- dations,ʀ(ə)kɔmɑ͂dasjɔ͂
1051,consister,v,,to consist,en quoi consiste ton travail?,what does your job consist of?,kɔ͂siste
1052,réagir,v,,to react,tu réagis comme une enfant,you’re reacting like a child,ʀeaʒiʀ
1053,surprendre,v,,to surprise,"mon garçon, parfois tu me surprends","my son, sometimes you surprise me",syʀpʀɑ͂dʀ
1054,circonstance,nf,feminine,circumstance,les circonstances ne sont pas idéales,the circumstances are less than ideal,siʀkɔ͂stɑ͂s
1055,témoin,nm,masculine,witness,j’ai des témoins. ma femme a été enlevée,I have witnesses. my wife was kidnapped,temwɛ͂
1056,améliorer,v,,to improve,la situation semblait s’améliorer,the situation seemed to improve,ameljɔʀe
1057,administration,nf,feminine,administration,les administrations précédentes ont perdu toute autorité,the preceding administrations have lost all authority,administʀasjɔ͂
1058,réfléchir,v,,to reflect,j’ai réfléchi à la question,I thought about the question,ʀefleʃiʀ
1059,lumière,nf,feminine,light,elle était juste heureuse de voir la lumière du jour,she was happy to see daylight again,lymjɛʀ
1060,vert,nadj,masculine,green,"il avait 23 ans, des yeux vert émeraude","he was twenty-three years old, with emerald green eyes",vɛʀ
1061,apprécier,v,,to appreciate,ils n’apprécient pas le spectacle,they don’t appreciate the show,apʀesje
1062,combat,nm,masculine,"fight, combat",nous devons nous préparer pour le grand combat,we must prepare for the big battle,kɔ͂ba
1063,sensible,nadj(f),,sensitive,je dois avoir touché une corde sensible,I must have touched a sensitive nerve,sɑ͂sibl
1064,étudiant,nadj,masculine,student,les dames serviront à boire aux étudiants,the ladies served drinks to the students,"etydjɑ͂, jɑ͂t"
1065,vitesse,nf,feminine,speed,accélérez en vitesse d’attaque,accelerate to attack speed,vitɛs
1066,malade,nadj(f),masc / fem,"ill, sick","ton père est malade, il aimerait te voir","your father is sick, he wants to see you",malad
1067,portée,nf,feminine,"range, reach, scope",Linux est à présent à la portée du grand public,Linux is now within reach of the general public,pɔʀte
1068,élève,"nm,nf",masc / fem,"pupil, student",ils ont été mes élèves,they were my students,elɛv
1069,contrôler,v,,"to control, check, inspect, monitor",c’est la volonté du propriétaire de contrôler ce qui se passe chez lui,it’s up to the owner to decide whether to check up on what’s happening at his house,kɔ͂tʀole
1070,merci,"intj,nm,nf",masculine,thank you; favor,merci pour la bière,thanks for the beer,mɛʀsi
1071,certainement,adv,,certainly,ce n’est certainement pas nous qui ferons cela,we are certainly not the ones to do that,sɛʀtɛnmɑ͂
1072,visite,nf,feminine,visit,"je reviendrais bien ici, en visite",I would gladly come back here on a visit,vizit
1073,assemblée,nf,feminine,"assembly, meeting",la direction organisa une assemblée générale,management organized a general meeting,asɑ͂ble
1074,émission,nf,feminine,"transmission, broadcasting, programme","une émission de télé passe, les écrits restent","a TV show disappears, but writings persist",emisjɔ͂
1075,arrivée,nf,feminine,arrival,on annonçait notre arrivée dans le quartier,our arrival was noised about in the neighborhood,aʀive
1076,puissance,nf,feminine,power,la Chine est une puissance importante sur la scène mondiale,China is an important power on the global scene,pɥisɑ͂s
1077,partenaire,"nm,nf",masc / fem,partner,nous pourrions être amis! partenaires. frères d’arme,"we could be friends, partners, brothers in arms",paʀtənɛʀ
1078,contenter,v,,"to satisfy, please",tu te contenteras d’être le chauffeur,you will be satisfied to be the driver,kɔ͂tɑ͂te
1079,perte,nf,feminine,loss,c’était une perte de temps d’aller chez le médecin,it was a waste of time to go see the doctor,pɛʀt
1080,libéral,nadj,masculine,liberal,nous avons maintenant un gouvernement libéral,we now have a liberal government,"libeʀal, o"
1081,citoyen,nadj,masculine,citizen,les gouvernements doivent représenter tous les citoyens,governments must represent every citizen,"sitwajɛ͂, jɛn"
1082,citer,v,,to quote,j’aimerais citer quatre paragraphes,I would like to cite four paragraphs,site
1083,influence,nf,feminine,influence,la France perdit de son influence,France lost her influence,ɛ͂flyɑ͂s
1084,camp,nm,masculine,camp,on n’a jamais bombardé nos camps,our camps were never bombed,kɑ͂
1085,établissement,nm,masculine,"establishment, organization",l’établissement de systèmes de contrôle est important,it’s important to establish verification systems,etablismɑ͂
1086,vendredi,nm,masculine,Friday,"vendredi en quinze, on prend le train",two weeks from Friday we take the train,vɑ͂dʀədi
1087,avance,nf,feminine,advance,j’arrivai au cours en avance,I arrived to class early,avɑ͂s
1088,destiner,v,,"to intend, be used",ce programme n’est pas destiné aux informaticiens,this program is not meant for computer scientists,dɛstine
1089,causer,v,,to cause,tout ceci a causé une certaine frustration,this all caused some frustration,koze
1090,nord,"adji,nm",masculine,north,les tensions raciales ont explosé dans le nord,racial tensions have exploded in the north,nɔʀ
1091,lundi,nm,masculine,Monday,il quitte l’hôpital ce lundi,he leaves the hospital this Monday,lœ͂di
1092,maître,nm,masculine,master,je suis le maître de ta vie et de ta mort,I am the master of your life and of your death,mɛtʀ
1093,interroger,v,,"to question, interrogate",on doit vous interroger sur ces événements,you should be questioned about these events,ɛ͂teʀɔʒe
1094,conférence,nf,feminine,conference,un certain nombre de séminaires et de conférences ont été organisés,several seminars and a conference were organized,kɔ͂feʀɑ͂s
1095,provoquer,v,,to provoke,je ne veux pas provoquer de révolte,I don’t want to provoke a revolution,pʀɔvɔke
1096,vente,nf,feminine,sale,je m’oppose à la taxe de vente,I’m opposed to the sales tax,vɑ͂t
1097,ramener,v,,"to bring back, return, take back","je me demandais, tu pourrais me ramener chez moi?","I was wondering, could you take me back home?",ʀamne
1098,soldat,nm,masculine,soldier,voilà nos petits soldats qui sont venus nous aider,here come our little soldiers to help us out,sɔlda
1099,collègue,"nm,nf",masc / fem,colleague,je remercie mon collègue pour sa contribution d’hier,I thank my colleague for his contribution yesterday,kɔ(l)lɛg
1100,concevoir,v,,to conceive,j’ai alors conçu le projet,then I conceived the project,kɔ͂s(ə)vwaʀ
1101,procéder,v,,to proceed,j’ai procédé à l’arrestation,I proceeded with the arrest,pʀɔsede
1102,poids,nm(pl),masculine,weight,c’est comme un énorme poids posé sur votre poitrine,it’s like an enormous weight placed on your chest,pwɑ
1103,voici,prep,,"here is, here are, this is, these are",voici le résultat de l’essai,here’s the result of the test,vwasi
1104,acquérir,v,,to acquire,ce mot a acquis une connotation très particulière,this word has acquired a very particular connotation,akeʀiʀ
1105,moindre,adj(f),,"lesser, least, slightest",il n’avait absolument pas la moindre idée,he didn’t have the slightest clue,mwɛ͂dʀ
1106,convenir,v,,"to agree, be suitable",seul un partenaire de même philosophie pourra leur convenir,only a partner with the same outlook will be agreeable to them,kɔ͂vniʀ
1107,logique,nadj(f),feminine,"logic, logical",je ne suis pas la logique de l’argument,I don’t follow the logic behind the argument,lɔʒik
1108,examiner,v,,to examine,ils ont fini d’examiner la maison,they finished examining the house,ɛgzamine
1109,soin,nm,masculine,care,tu peux prendre soin de toi toute seule,you can take care of yourself alone,swɛ͂
1110,mesurer,v,,to measure,il mesure un mètre soixante-huit,he’s one meter sixty-eight tall,məzyʀe
1111,traitement,nm,masculine,"treatment, salary, wage",vous acceptez d’être soumis au traitement,you accept to undergo the treatment,tʀɛtmɑ͂
1112,jeudi,nm,masculine,Thursday,le jugement de jeudi pourrait influencer une autre affaire,Thursday’s judgment could influence another matter,ʒødi
1113,impliquer,v,,"to imply, implicate",je suis désolé de t’avoir impliqué,I’m sorry I had you implicated,ɛ͂plike
1114,science,nf,feminine,science,la psychanalyse est une science du vivant,psychoanalysis is one of the life sciences,sjɑ͂s
1115,individu,nm,masculine,individual,ce type d’individu n’a rien à faire en prison,this type of individual doesn’t belong in prison,ɛ͂dividy
1116,donnée,nf,feminine,"fact, datum","tout en travaillant, il nota les données sur son carnet",while working he jotted down data in his notebook,dɔne
1117,demi,"adji,adv,nm",masculine,half,rentrer déjeuner à midi et demi tous les jours,come back for lunch at 12:30 every day,d(ə)mi
1118,combattre,v,,to fight,nous avons combattu pour chaque détail,we fought for every detail,kɔ͂batʀ
1119,violent,nadj,,violent,évitez de recourir à des moyens trop violents,avoid relying on overly violent means,"vjɔlɑ͂, ɑ͂t"
1120,comporter,v,,"to comprise, include; to behave",tâche de bien te comporter,try to be well- behaved,kɔ͂pɔʀte
1121,suivant,"nadj,prep",masculine,following,"les 20 jours suivants, ils meurent de faim","in the 20 days that followed, they starve to death",sɥivɑ͂
1122,mériter,v,,"to deserve, merit",tout le monde mérite d’avoir sa chance,everyone deserves a chance,meʀite
1123,emprunter,v,,to borrow,tout ce que tu as emprunté s’évanouira en fumée,everything you borrowed will vanish in smoke,ɑ͂pʀœ͂te
1124,conscience,nf,feminine,"conscience, consciousness",j’acquérais une conscience plus attentive des autres,I acquired a more attentive conscience than most,kɔ͂sjɑ͂s
1125,traduire,v,,to translate,elle peut être traduite dans un langage mathématique précis,it can be translated into a precise mathematical language,tʀadɥiʀ
1126,sang,nm,masculine,blood,il y a du sang dans vos cheveux,there’s blood in your hair,sɑ͂
1127,millier,nm,masculine,thousand,des milliers d’entre eux refusent de partir,thousands of them are refusing to leave,milje
1128,emporter,v,,"to take, remove","il n’emporte rien avec lui, pas même une chemise","he doesn’t take anything with him, not even a shirt",ɑ͂pɔʀte
1129,initiative,nf,feminine,initiative,nombreuses furent les critiques contre ces initiatives,numerous criticisms were leveled against these initiatives,inisjativ
1130,nucléaire,adj(f),,nuclear,une attaque nucléaire? c’est une possibilité,a nuclear attack? it’s possible,nykleɛʀ
1131,industriel,nadj,masculine,industrial,les sociétés industrielles de ce temps mobilisent,industrial societies of this time are mobilizing,ɛ͂dystʀijɛl
1132,vif,nadj,masculine,lively,les agents du mal étaient brûlés vifs,the instigators of evil were burned alive,vif
1133,exact,adj,,"exact, correct",l’histoire est une science exacte,history is an exact science,"ɛgza(kt), ɛgzakt"
1134,exception,nf,feminine,exception,vous ne pouvez pas faire une exception?,can’t you make an exception?,ɛksɛpsjɔ͂
1135,doubler,v,,"to double, pass; to dub",il essaie de nous doubler,he’s trying to drive past us,duble
1136,février,nm,masculine,February,nous devons maintenant attendre jusqu’en février,we must now wait until February,fevʀije
1137,mode,"nm,nf",masc / fem,"mode, way, fashion",on a souvent critiqué le mode de recrute- ment des juges,recruitment methods for judges are often criticized,mɔd
1138,tendre,"nadj(f),v",,"to tighten; to extend, stretch; tender","il faut parler, tendre la main, dialoguer","you have to speak, reach out, dialogue",tɑ͂dʀ
1139,musique,nf,feminine,music,la musique transforme les gens,music transforms people,myzik
1140,gestion,nf,feminine,management,et je fournis l’expérience de gestion,and I have management experience,ʒɛstjɔ͂
1141,honneur,nm,masculine,honor,c’est un grand honneur de vous rencontrer,it’s a great honor to meet you,ɔnœʀ
1142,vaste,adj(f),,"vast, immense","c’est très vaste comme sujet, mais c’est fascinant","it’s a huge subject, but it’s fascinating",vast
1143,évoquer,v,,"to recall, evoke",on peut l’écouter des heures évoquer des souvenirs,you could listen to her for hours evoking memories,evɔke
1144,fonctionner,v,,"to function, work","le processus fonctionne, et fonctionne bien","the process works, and works well",fɔ͂ksjɔne
1145,étape,nf,feminine,"stage, step",je vais procéder étape par étape,I’m going to proceed step by step,etap
1146,physique,nadj(f),masc / fem,"physical, physics",j’aime aussi beaucoup l’activité physique,I also really like physical activity,fizik
1147,accuser,v,,to accuse,de quoi nous accusez-vous?,what are you accusing us of?,akyze
1148,parfaitement,adv,,perfectly,votre baladeur fonctionne parfaitement,your Walkman works perfectly,paʀfɛtmɑ͂
1149,méthode,nf,feminine,"method, procedure",j’avais deviné la bonne méthode à suivre,I guessed the right procedure to follow,metɔd
1150,professeur,"nm,nf",masculine,"professor, teacher",je serais professeur dans un lycée,I would be a teacher in a high school,pʀɔfesœʀ
1151,envers,"nm(pl),prep",masculine,towards,nous respectons nos engagements envers les minorités,we honor commitments to the minorities,ɑ͂vɛʀ
1152,distribuer,v,,"to distribute, give out",ces valeurs se distribuent selon une courbe en cloche,these values are distributed along a bell curve,distʀibɥe
1153,existence,nf,feminine,existence,je menais une drôle d’existence,I led a strange life,ɛgzistɑ͂s
1154,prétendre,v,,to pretend,il prétend avoir un portable,he claims to have a mobile phone,pʀetɑ͂dʀ
1155,global,adj,,global,l’opération peut être locale ou globale,the operation can be local or global,"glɔbal, o"
1156,dommage,nm,masculine,"damage, harm; too bad",dommage que les choses aient mal tourné,too bad things turned out as badly as they did,dɔmaʒ
1157,crédit,nm,masculine,credit,le gouvernement socialiste voulait mettre le crédit au service de l’économie,the socialist government wanted to make credit work for the economy,kʀedi
1158,tendance,nf,feminine,"tendency, trend",les entreprises creés ont tendance à grossir,the enterprises that were created tend to grow bigger,tɑ͂dɑ͂s
1159,chaîne,nf,feminine,"chain, channel",la chaîne a programmé ce divertissement le mardi soir,the channel scheduled this entertainment for Tuesday night,ʃɛn
1160,relatif,nadj,,relative,tout est relatif dans la vie,everything is relative in life,ʀ(ə)latif
1161,note,nf,feminine,"note, grade",je prends des notes comme un fou,I’m taking notes like crazy,nɔt
1162,réserve,nf,feminine,reserve,toute ma réserve d’énergie va être gaspillée,all of my spare energy is about to be wasted,ʀezɛʀv
1163,maximum,nadj,masculine,maximum,je vais essayer de faire le maximum,I will try to do my best,"maksimɔm, maksima"
1164,moteur,nadj,masculine,motor,il avait éteint le moteur,he had stopped the engine,mɔtœʀ
1165,version,nf,feminine,version,vous avez entendu les deux versions de l’incident,you have heard both versions of the incident,vɛʀsjɔ͂
1166,règlement,nm,masculine,"rule, regulation",il existe déjà des règlements dans ce secteur,there is already regulation in this sector,ʀɛgləmɑ͂
1167,couple,"nm,nf",masculine,couple,le couple qui prie ensemble reste ensemble,the couple that prays together stays together,kupl
1168,mercredi,nm,masculine,Wednesday,je ne serai payée que mercredi,I won’t be paid until Wednesday,mɛʀkʀədi
1169,régional,nadj,,regional,il existe toujours deux taux régionaux,there have always been two regional rates,"ʀeʒjɔnal, o"
1170,sinon,conj,,"otherwise, or else","mais n’anticipons pas, sinon nous n’ar- riverons jamais",let’s not get impatient or we’ll never arrive there,sinɔ͂
1171,entreprendre,v,,"to begin, start, undertake",la dame blanche entreprend de monter l’escalier,the white lady undertook to climb the stairs,ɑ͂tʀəpʀɑ͂dʀ
1172,au-delà,"adv,nmi",masculine,beyond,la réalité va au-delà des concepts,reality surpasses concepts,od(ə)la
1173,étendre,v,,"to spread out, stretch out",je me suis étendue sur le sol de ma chambre,I stretched out on the floor of my bedroom,etɑ͂dʀ
1174,sortie,nf,feminine,exit,il alla chercher Josette à la sortie du théâtre,he went to look for Josette at the theatre exit,sɔʀti
1175,profond,"adv,nadj",,deep,le ciel était d’un bleu profond,the sky was a dark blue,pʀɔfɔ͂
1176,décrire,v,,to describe,je n’aurais qu’à décrire ce que je voyais,all I had to do was describe what I saw,dekʀiʀ
1177,etc,,,"etc., et cetera","j’ai dormi dans les gares, etc.","I slept in train stations, etc.",ɛtseteʀa
1178,récent,adj,,recent,quel est votre regard sur les récents déboires?,what is your opinion of the recent disappointments?,"ʀesɑ͂, ɑ͂t"
1179,télévision,nf,feminine,television,elle t’a vu à la télévision,she saw you on the television,televizjɔ͂
1180,retraite,nf,feminine,"retirement, pension",c’était un rocker à la retraite,he’s a retired rock-n-roll artist,ʀ(ə)tʀɛt
1181,art,nm,masculine,art,j’ai perdu l’art de convaincre,I lost the art of convincing,aʀ
1182,frontière,nf,feminine,border,il essaie d’atteindre la frontière,he’s trying to reach the border,fʀɔ͂tjɛʀ
1183,égal,nadj,masculine,equal,tout le monde ne sera pas égal devant la loi,everyone will not be equal before the law,"egal, o"
1184,promesse,nf,feminine,promise,pensez-vous qu’elle va tenir sa promesse?,do you think she’ll keep her promise?,pʀɔmɛs
1185,entretenir,v,,to maintain,je n’ai jamais entretenu de relations amicales avec lui,I never maintained amical relations with him,ɑ͂tʀət(ə)niʀ
1186,habiter,v,,to live,j’ai habité dix ans la France,I lived in France for ten years,abite
1187,quartier,nm,masculine,"district, quarter",ils vivaient dans les quartiers les plus pauvres,they lived in the poorest neighborhoods,kaʀtje
1188,avocat,nm,masculine,lawyer,j’étais avocat avant de venir ici,I was a lawyer before coming here,avɔka
1189,accueillir,v,,"to welcome, greet, accommodate",on va vers les étrangers pour les accueillir,we’re going to greet the foreigners,akœjiʀ
1190,libérer,v,,"to free, liberate, release",tous les prisonniers furent libérés sans condition,all the prisoners were freed unconditionally,libeʀe
1191,vivant,nadj,masculine,"alive, living","si elle est vivante, je te la ramènerai","if she’s alive, I’ll bring her back to you",vivɑ͂
1192,université,nf,feminine,university,la grève se généralise dans les universités,the strike is widening in the universities,ynivɛʀsite
1193,rire,"nm,v",masculine,to laugh,l’aventure nous fit beaucoup rire,the adventure made us laugh heartily,ʀiʀ
1194,facilement,adv,,easily,j’ai retrouvé facilement le carton,I easily located the cardboard box,fasilmɑ͂
1195,crainte,nf,feminine,fear,je n’ai absolument pas eu de crainte,I had absolutely no fear,kʀɛ͂t
1196,commettre,v,,to commit,vous avez commis presque tous les crimes informatiques,you have committed almost every computer crime,kɔmɛtʀ
1197,précisément,adv,,precisely,pouvez-vous nous parler plus précisément des personnes que vous suivez?,can you tell us more precisely about the people you track?,pʀesizemɑ͂
1198,soutien,nm,masculine,support,elle a manifestement bénéficié d’un large soutien,she clearly enjoyed widespread support,sutjɛ͂
1199,urgence,nf,feminine,emergency,prépare-toi pour un atterrissage d’urgence,prepare yourself for an emergency landing,yʀʒɑ͂s
1200,clé,nf,feminine,key,je ne trouve pas ma clé,I can’t find my key,kle
1201,enlever,v,,to remove,pouvez-vous enlever votre chapeau?,can you remove your hat?,ɑ͂lve
1202,jeter,v,,to throw,c’est moi qui ai jeté le caillou,I’m the one who threw the stone,ʒ(ə)te
1203,religieux,nadj(pl),masculine,religious,"il a l’âme religieuse, pourtant","still, he has a religious soul",ʀ(ə)liʒjø
1204,analyse,nf,feminine,analysis,je ne veux pas faire d’analyse,I don’t want to do any analysis,analiz
1205,disponible,adj(f),,available,j’utilise des outils disponibles sans restriction,I use any available tools without restriction,dispɔnibl
1206,regard,nm,masculine,"look, glance",elle ne posera jamais un regard vers moi,she will never turn her attention to me,ʀ(ə)gaʀ
1207,prévenir,v,,"to prevent, warn; to notify",je suis à deux doigts de prévenir la police,I’m within an inch of notifying the police,pʀev(ə)niʀ
1208,bientôt,adv,,soon,"bientôt, je vous connaîtrai mieux que vous- même",soon I will know you better than you do,bjɛ͂to
1209,analyser,v,,to analyse,il analyse aussi les échecs de la politique,he also analyzes political failures,analize
1210,mariage,nm,masculine,marriage,le mariage devait avoir lieu à Paris,the marriage should have taken place in Paris,maʀjaʒ
1211,couleur,nf,feminine,color,le vert était censé être la couleur préférée du Prophète,green is supposed to be the favorite colour of the Prophet,kulœʀ
1212,témoigner,v,,to testify,"je pourrai en témoigner, au besoin, dit-elle","I’ll be able to testify of it, if necessary, she said",temwaɲe
1213,sauver,v,,"to rescue, save",tu m’as sauvé la vie,you saved my life,sove
1214,parlementaire,nadj(f),masc / fem,parliamentary; member of parliament,les parlementaires ont été agacés par les réactions israéliennes,the members of parliament were annoyed by the Israeli reactions,paʀləmɑ͂tɛʀ
1215,conclusion,nf,feminine,conclusion,la conclusion du rapporteur semble raisonnable,the conclusion of the reporter seems reasonable,kɔ͂klyzjɔ͂
1216,bleu,"adj,nm",masculine,blue,le soleil a déchiré le voile bleu de la nuit,the sun tore through the blue veil of the night,blø
1217,dehors,"adv,nm(pl),prep",masculine,outside,dehors il fait froid,it’s cold outside,dəɔʀ
1218,remercier,v,,to thank,je vous remercie de m’avoir sauvé la vie,thank you for saving my life,ʀ(ə)mɛʀsje
1219,actif,nadj,masculine,active,l’Europe doit donc jouer un rôle actif,Europe must therefore play an active role,aktif
1220,réclamer,v,,"to ask for, call for; to claim",ils ont réclamé leur droit au sens critique,they reserved the right to be critical,ʀeklɑme
1221,habitude,nf,feminine,habit,les gens fonctionnent beaucoup par habitude,people operate a lot through habits,abityd
1222,récemment,adv,,recently,j’ai reçu récemment une lettre,I recently received a letter,ʀesamɑ͂
1223,fil,nm,masculine,"thread, wire",Joseph Glidden fait breveter le fil de fer barbelé,Joseph Glidden is granted a patent for barbed wire,fil
1224,collectif,nadj,masculine,collective,luttons pour nos buts collectifs . . . notre indépendance,"let’s fight for our collective goals, our independance",kɔlɛktif
1225,excellent,adj,,excellent,le café est excellent ici,the coffee’s excellent here,"ɛkselɑ͂, ɑ͂t"
1226,moral,nadj,masculine,"moral, morale",ce dossier implique une question morale,this affair involves an ethical question,"mɔʀal, o"
1227,accident,nm,masculine,accident,elle est morte d’un accident,she died from an accident,aksidɑ͂
1228,code,nm,masculine,code,composez votre code secret,punch in your secret code,kɔd
1229,puissant,nadj,,powerful,"son effet est très puissant, ça calme et ça soigne","its effect is very powerful, calming and soothing","pɥisɑ͂, ɑ͂t"
1230,recueillir,v,,"to collect, gather",il a été recueilli par des montagnards,he was picked up by mountain dwellers,ʀ(ə)kœjiʀ
1231,fabriquer,v,,"to manufacture, invent, make",mon métier consiste à fabriquer des livres,my job involves manufacturing books,fabʀike
1232,représentant,nm,masculine,representative,nous rencontrerons les représentants de divers pays,we will meet representatives from various countries,"ʀ(ə)pʀezɑ͂tɑ͂, ɑ͂t"
1233,rare,adj(f),,rare,vous collectionnez les billets particulière- ment rares,you collect particularly rare bills,ʀɑʀ
1234,extraordinaire,adj(f),,extraordinary,c’est un homme au talent extraordinaire,he’s a man with an extraordinary talent,ɛkstʀaɔʀdinɛʀ
1235,dimanche,nm,masculine,Sunday,de fortes pluies sont annoncées pour dimanche,heavy rains are forecast for Sunday,dimɑ͂ʃ
1236,vérifier,v,,"to check, verify","appelle ton contrôleur, vérifie","call your inspector, double-check",veʀifje
1237,envie,nf,feminine,envy,elle n’avait envie de parler de rien,she didn’t want to talk about anything,ɑ͂vi
1238,enregistrer,v,,"to record, check in",le fonds de l’assurance-emploi enregistre un surplus,unemployment insurance funds have recorded a surplus,ɑ͂ʀ(ə)ʒistʀe
1239,moderne,nadj(f),,modern,on va utiliser un système plus moderne,we’re going to use a more modern system,mɔdɛʀn
1240,parc,nm,masculine,park,Disney va créer un parc à thèmes à Hong Kong,Disney will create a theme park in Hong Kong,paʀk
1241,impôt,nm,masculine,tax,"ils travaillent, ils payent des impôts","they work, they pay taxes",ɛ͂po
1242,sud,"adji,nm",masculine,south,va faire une tentative au pôle sud,go try to reach the south pole,syd
1243,efficace,adj(f),,"efficient, effective",mon équipe est compacte et efficace,my team is small and efficient,efikas
1244,intéressant,adj,,interesting,"moi, je vous trouve intéressante","me, I find you interesting","ɛ͂teʀesɑ͂, ɑ͂t"
1245,île,nf,feminine,island,c’est une île qui ne peut être trouvée,it’s an island that no one can find,il
1246,cité,nf,feminine,city,la cité était gouvernée par les poètes et les philosophes,the city was ruled by poets and philosophers,site
1247,carrière,nf,feminine,career,je vous souhaite une longue carrière à ce poste,I wish you a long career in this position,kaʀjɛʀ
1248,voter,v,,to vote,nous serions encore à voter ce soir,we would still be here tonight voting,vɔte
1249,traité,nm,masculine,treaty,il s’agit d’élaborer des traités internationaux,it involves setting up international treaties,tʀete
1250,libération,nf,feminine,liberation,nous exigeons la libération de nos cama- rades,we demand the release of our comrades,libeʀasjɔ͂
1251,nourrir,v,,"to feed, nourish",l’inégalité nourrit l’injustice,inequality feeds injustice,nuʀiʀ
1252,sérieusement,adv,,seriously,il aurait mieux fait d’étudier sérieusement,it would have been better for him to have studied seriously,seʀjøzmɑ͂
1253,bras,nm(pl),masculine,arm,venez dans mes bras,come to my arms,bʀa
1254,immédiat,nadj,,immediate,je n’ai plus de mémoire immédiate,I have no more short-term memory,imedja
1255,exceptionnel,nadj,,exceptional,le plan d’action est exceptionnel,the plan of attack is exceptional,ɛksɛpsjɔnɛl
1256,rechercher,v,,to search for,des dirigeants africains recherchent un solution à la crise,African leaders are seeking a solution to the crisis,ʀ(ə)ʃɛʀʃe
1257,palestinien,nm,masculine,Palestinian,les mères palestiniennes veulent que leurs enfants grandissent dans la paix,Palestinian mothers want their children to grow up in peace,"palɛstinjɛ͂, jɛn"
1258,lendemain,nm,masculine,next day,je devais repartir le lendemain,I had to leave the next day,lɑ͂dmɛ͂
1259,producteur,nadj,masculine,producer,les producteurs sont souvent aussi les consommateurs,producers are also often consumers,"pʀɔdyktœʀ, -tʀis"
1260,garantir,v,,to guarantee,il faut garantir la sécurité du personnel,we have to guarantee the safety of the staff,gaʀɑ͂tiʀ
1261,geste,nm,masculine,gesture,je fais ces gestes tout en marchant,I make these gestures while walking,ʒɛst
1262,roman,"adj,nm",masculine,novel,"j’avais lu des romans, en prose et en vers","I had read novels, in prose and in verse",ʀɔmɑ͂
1263,augmentation,nf,feminine,"increase, rise",cela constitue une augmentation de 25 p. 100,this represents an increase of 25%,ɔgmɑ͂tasjɔ͂
1264,facteur,nm,masculine,"postman, mailman; factor",le facteur apportait enfin de gros paquets,the mailman finally brought large packages,faktœʀ
1265,policier,nadj,masculine,policeman,tous les policiers doivent se présenter à leur sergent,all the policemen must present themselves to their sergeant,pɔlisje
1266,échelle,nf,feminine,"ladder, scale",cette guerre peut être menée à grande échelle,this war could be waged on a large scale,eʃɛl
1267,supplémentaire,adj(f),,additional,voilà un exemple supplémentaire,here’s an additional example,syplemɑ͂tɛʀ
1268,pratiquer,v,,to practice,ils pratiquent vraiment le football que j’aime,they play the kind of football that I really enjoy,pʀatike
1269,pensée,nf,feminine,thought,il me poursuit dans mes pensées,he chases me in my thoughts,pɑ͂se
1270,extrême,nadj(f),masculine,extreme,nous allons affronter un péril extrême,we’re going to face extreme peril,ɛkstʀɛm
1271,néanmoins,"adv,conj",,nevertheless,avez-vous néanmoins un code de discipline à respecter?,"still, don’t you have a code of conduct to follow?",neɑ͂mwɛ͂
1272,bénéficier,"nm,v",,to benefit,il devient donc impératif de pouvoir bénéficier de plus d’argent,we must be able to benefit from more money,benefisje
1273,vingt,"det,nmi",masculine,twenty,"elle inventait dix, vingt, cent prétextes","she dreamed up ten, twenty, a hundred excuses",vɛ͂
1274,revoir,v,masculine,"to see again, revise",je disparaîtrai. tu ne me reverras jamais,I will disappear. you will never see me again,ʀ(ə)vwaʀ
1275,perspective,nf,feminine,"perspective, viewpoint",je me place dans la perspective de mes personnages,I place myself in the perspective of my characters,pɛʀspɛktiv
1276,défaut,nm,masculine,"fault, flaw, shortcoming",on peut parler de mes défauts si tu veux,we can talk about my shortcomings if you want,defo
1277,précieux,nadj(pl),,precious,ta vie m’est aussi précieuse que celle de ma femme,your life is as precious to me as my wife’s,"pʀesjø, -jøz"
1278,retard,nm,masculine,delay,"viens, on va être en retard","come, we’re going to be late",ʀ(ə)taʀ
1279,démocratie,nf,feminine,democracy,nous avons choisi la démocratie comme mode de vie,we have chosen democracy for a way of life,demɔkʀasi
1280,renforcer,v,,"to reinforce, strengthen",j’œuvrerai pour renforcer nos forces armées,I will work to reinforce our armed forces,ʀɑ͂fɔʀse
1281,silence,nm,masculine,silence,ils regardèrent en silence les arbres du petit jardin,in silence they watched the trees in the little garden,silɑ͂s
1282,troupe,nf,feminine,"troup, troop",il faut remonter le moral des troupes,the morale of the troops must be boosted again,tʀup
1283,qualifier,v,,to qualify,on doit se qualifier pour le tournoi,we have to qualify for the tournament,kalifje
1284,absolu,nadj,masculine,absolute,la mort est un fait absolu,death is an absolute fact,apsɔly
1285,dégager,v,,"to free, clear",la route est dégagée ... mais il faut mettre vos chaînes,the road is clear ... but you must use chains,degaʒe
1286,stratégie,nf,feminine,strategy,nous espérons voir une stratégie intégrée,we hope to see an integrated strategy,stʀateʒi
1287,bateau,nm,masculine,"boat, ship",un seul bateau de pêche a survécu à la tourmente,only one fishing boat survived the tempest,bato
1288,printemps,nm(pl),masculine,spring,c’est une splendide matinée de printemps,it’s a splendid spring morning,pʀɛ͂tɑ͂
1289,course,nf,feminine,"race, shopping","je viens faire des courses, alors je me suis arrêtée ici","I came shopping, and then I stopped here",kuʀs
1290,exercice,nm,masculine,"exercise,",j’ai fait un exercice avec nos collègues de la presse,I carried out an exercise with our colleagues in the press,ɛgzɛʀsis
1291,fondamental,adj,,fundamental,je fais une distinction fondamentale,I’m making a fundamental distinction,"fɔ͂damɑ͂tal, o"
1292,visage,nm,masculine,face,ils avaient de beaux visages tranquilles et las,"they had beautiful, peaceful, weary faces",vizaʒ
1293,droite,nf,feminine,right,elle tourna la tête à droite,she turned her head to the right,dʀwat
1294,machine,nf,feminine,machine,il faut arrêter la machine avant de la réparer,you must stop the machine before repairing it,maʃin
1295,village,nm,masculine,village,des dizaines de villages ont été rayés de la carte,tens of villages were wiped off the map,vilaʒ
1296,britannique,nadj(f),masc / fem,British,nous nous inspirons de la tradition britannique,we draw our inspiration from the British,bʀitanik
1297,surveiller,v,,to watch,"je vais te surveiller, je sais où tu habites","I’m going to watch you, I know where you live",syʀveje
1298,édition,nf,feminine,"publishing, editing, edition",c’est la fin de cette première édition d’informations,that is the end of this early edition of the news,edisjɔ͂
1299,organisme,nm,masculine,organism,c’est un organisme qui est mi-figue mi-raisin,it’s an organism that’s half fig and half grape,ɔʀganism
1300,leçon,nf,feminine,lesson,je reçois ma leçon d’armes à six heures,I get my weapons lesson at six o’clock,l(ə)sɔ͂
1301,accomplir,v,,to accomplish,"il vous faut continuer, accomplir votre destinée","you have to continue, to acomplish your destiny",akɔ͂pliʀ
1302,décevoir,v,,to disappoint,désolé de t’avoir déçue,sorry for having disappointed you,des(ə)vwaʀ
1303,bataille,nf,feminine,battle,on obéit à tes ordres et la bataille est gagnée,we obey your orders and the battle is won,bataj
1304,port,nm,masculine,"harbour, port",le dernier bateau quitte le port,the last boat left the port,pɔʀ
1305,naissance,nf,feminine,birth,l’histoire commence avec la naissance d’un enfant étrange,the story begins with the birth of a strange child,nɛsɑ͂s
1306,majeur,nadj,masculine,major,c’est un enjeu économique majeur aujourd’hui,it’s a major economic challenge today,maʒœʀ
1307,froid,nadj,masculine,cold,dehors il fait froid,it’s cold outside,fʀwa
1308,hôpital,nm,masculine,hospital,le garçon est mort à l’hôpital,the boy died at the hospital,"ɔpital, o"
1309,circuit,nm,masculine,circuit,ce circuit doit être libéré selon la procédure normale,this circuit must be discharged according to the normal procedure,siʀkɥi
1310,terrible,adj(f),,"terrible, dreadful",c’était terrible! la situation était terrible,it was terrible! the situation was horrible,teʀibl
1311,degré,nm,masculine,degree,il n’y a pas de degrés dans la sainteté,there are no degrees of holiness,dəgʀe
1312,exigence,nf,feminine,"demand, strictness",c’est une exigence impossible à respecter,it’s a requirement impossible to meet,ɛgziʒɑ͂s
1313,rêve,nm,masculine,dream,on attend maintenant que nos rêves se réalisent,now we’re waiting for the fulfillment of our dreams,ʀɛv
1314,inspirer,v,,to inspire,considérons que les livres ont inspiré le tueur,let’s assume that the books inspired the killer,ɛ͂spiʀe
1315,opérer,v,,"to operate, carry out",les grandes sociétés opèrent à l’échelle mondiale,large companies operate on a global scale,ɔpeʀe
1316,entièrement,adv,,"entirely, completely",je suis entièrement d’accord avec vous,I completely agree with you,ɑ͂tjɛʀmɑ͂
1317,chapitre,nm,masculine,chapter,il reste un chapitre à écrire,one chapter remains to be written,ʃapitʀ
1318,quotidien,nadj,masculine,daily,elles apportent conseils dans les travaux ménagers quotidiens,they provide advice through their daily household chores,kɔtidjɛ͂
1319,clairement,adv,,clearly,le rapport de force est clairement déséquilibré,the threat assessment is clearly skewed,klɛʀmɑ͂
1320,joindre,v,,to join,je serais très heureux si vous vous joigniez à moi pour dîner,I would be delighted if you would join me for supper,ʒwɛ͂dʀ
1321,léger,adj,,light,d’un pas léger elle sortit de la bibliothèque,with airy steps she left the library,"leʒe, -ɛʀ"
1322,permanent,adj,masculine,permanent,ils vivent dans le climat permanent de la violence,they live in a permanent setting of violence,pɛʀmanɑ͂
1323,juge,"nm,nf",masc / fem,judge,il reviendra alors au juge de décider,so it will be up to the judge to decide,ʒyʒ
1324,après-midi,nmi,masc / fem,afternoon,j’ai passé l’après-midi avec des amis,I spent the afternoon with friends,apʀɛmidi
1325,russe,nadj(f),masculine,Russian,la Turquie est une destination privilégiée des touristes russes,Turkey is a privileged destination for Russian tourists,ʀys
1326,juillet,nm,masculine,July,la réunion s’ouvrit le 17 juillet,the meeting began on July 17th,ʒɥijɛ
1327,ordinaire,nadj(f),masculine,ordinary,"je suis un type ordinaire, un vrai type normal","I’m an ordinary guy, a really normal guy",ɔʀdinɛʀ
1328,candidat,nm,masculine,candidate,nous avons un candidat que nous soutenons,we have a candidate who we support,"kɑ͂dida, at"
1329,rapprocher,v,,"to bring closer, get closer",j’ai voulu me rapprocher de toi,I wanted to get closer to you,ʀapʀɔʃe
1330,résistance,nf,feminine,resistance,sa résistance à la sonde mentale est considérable,his resistance to the mental probe is significant,ʀezistɑ͂s
1331,fier,"adj,v",,to rely on; proud,je suis très fière de mon héritage,I’m very proud of my heritage,fje
1332,justement,adv,,"exactly, rightly, precisely",j’étais justement en train de faire du thé,I was just making some tea,ʒystəmɑ͂
1333,habitant,nm,masculine,inhabitant,les 200.000 habitants ont fui,"the 200,000 inhabitants fled","abitɑ͂, ɑ͂t"
1334,formule,nf,feminine,"formula, expression",je garderai toujours cette formule,I will always remember this expression,fɔʀmyl
1335,mur,nm,masculine,wall,il frappe le mur avec son doigt replié,he knocked on the wall with his knuckle,myʀ
1336,tribunal,nm,masculine,court,les tribunaux jouent un rôle essentiel,the courts play an essential role,"tʀibynal, o"
1337,journaliste,"nm,nf",masc / fem,journalist,ce journaliste a la double nationalité française et américaine,this journalist has dual French and American nationality,ʒuʀnalist
1338,manger,"nm,v",masculine,to eat,"avec votre maladie, vous pouvez manger de la viande?","with your illness, can you eat meat?",mɑ͂ʒe
1339,soulever,v,,to lift up,"il sourit, tandis que le vent soulevait ses cheveux","he smiled, the wind tossing his hair",sul(ə)ve
1340,évidemment,adv,,obviously,"en tout cas, évidemment, elles vous connaissent","in any case, they obviously know you",evidamɑ͂
1341,travailleur,nadj,masculine,worker,il y avait huit travailleurs pour un retraité,there were eight workers per retired person,tʀavajœʀ
1342,résolution,nf,feminine,resolution,il est important que nous adoptions cette résolution,it’s important that we adopt this resolution,ʀezɔlysjɔ͂
1343,dirigeant,nadj,masculine,leader,qu’est-il advenu des dirigeants militaires?,what ever happened to the military leaders?,"diʀiʒɑ͂, ʒɑ͂t"
1344,marque,nf,feminine,"brand, mark",il y a des marques sur les portes,there are marks on the doors,maʀk
1345,utilisation,nf,feminine,use,je ne veux pas que l’utilisation des phtalates soit bannie,I don’t want the use of phthalates to be banned,ytilizasjɔ͂
1346,offre,nf,feminine,offer,il n’y avait aucune offre d’emploi,there weren’t any job offers,ɔfʀ
1347,habituel,adj,,"customary, habitual",ils font leur routine habituelle,they do their daily routine,abitɥɛl
1348,survivre,v,,to survive,il ne sait que faire pour survivre,he doesn’t know what to do to survive,syʀvivʀ
1349,populaire,nadj(f),,popular,j’ignorais que vous étiez si populaire!,I didn’t know you were so popular,pɔpylɛʀ
1350,constitution,nf,feminine,constitution,"premièrement, nous devons respecter la constitution","first, we must respect the constitution",kɔ͂stitysjɔ͂
1351,participation,nf,feminine,participation,comment qualifieriez-vous votre participa- tion?,how would you characterize your participation?,paʀtisipasjɔ͂
1352,évolution,nf,feminine,evolution,la rapidité de cette évolution n’est pas surprenante,the swiftness of this evolution is not surprising,evɔlysjɔ͂
1353,totalement,adv,,totally,les tribunaux russes sont totalement engorgés,the Russian court system is totally swamped,tɔtalmɑ͂
1354,gérer,v,,to manage,nous savons comment gérer l’éducation,we know how to manage education,ʒeʀe
1355,samedi,nm,masculine,Saturday,elle organisera une fête samedi,she will organize a party on Sunday,samdi
1356,informer,v,,to inform,je t’informerai dès qu’ils l’auront repéré,I’ll inform you as soon as they locate him,ɛ͂fɔʀme
1357,fou,"adj,nm",masculine,"mad, crazy",tu es complètement fou,you are completely crazy,fu
1358,attacher,v,,to attach,attachez vos ceintures. le spectacle commence,fasten your sealtbelts. the show is about to begin,ataʃe
1359,renouveler,v,,to renew,nos synapses ne se renouvellent plus passé 20 ans,our synapses don’t regenerate after the age of 20 years,ʀ(ə)nuv(ə)le
1360,asseoir,v,,to sit,il était assis devant moi,he was seated in front of me,aswaʀ
1361,oh,intj,,oh,au secours! oh non!,help! oh no!,o
1362,transfert,nm,masculine,transfer,le transfert aura lieu sous deux semaines,the transfer will take place in two weeks,tʀɑ͂sfɛʀ
1363,renoncer,v,,"to give up, renounce",elle avait renoncé à me convaincre,she gave up trying to convince me,ʀ(ə)nɔ͂se
1364,roi,nm,masculine,king,"une nuit, le roi lui apparut en rêve","one night, the king appeared to him in a dream",ʀwa
1365,soi,"nmi,pro",,"one, oneself, self","il s’agissait enfin d’être soi, rien que soi","in the end it was all about being oneself, nothing but oneself",swa
1366,téléphone,nm,masculine,telephone,les téléphones ne marchent pas,the telephones don’t work,telefɔn
1367,net,"adj,nm",masculine,clear; Internet,les Canadiens veulent des réponses bien nettes,the Canadians want very clear answers,nɛt
1368,foi,nf,feminine,faith,tu as la foi . . . nous avons tous besoin de foi,you have faith . . . we all need faith,fwa
1369,motif,nm,masculine,"motive, purpose",je ne voyais aucun motif de refus,I didn’t see any reason for refusal,mɔtif
1370,plaindre,v,,"to pity, feel sorry for, complain",elle ne se plaignait pas; mais elle détestait faire le ménage,"she didn’t complain, but she detested housework",plɛ͂dʀ
1371,tradition,nf,feminine,tradition,il faut s’enraciner dans ses traditions,you have to be rooted in your traditions,tʀadisjɔ͂
1372,institut,nm,masculine,institute,"à l’institut, j’ai été formée à l’orthophonie",at the institute I majored in speech therapy,ɛ͂stity
1373,victoire,nf,feminine,victory,"beau match. enfin, une victoire","nice game. finally, a victory",viktwaʀ
1374,arrêt,nm,masculine,stop,l’arrêt cardiaque est un état de mort apparente,a heart attack is a state of apparent death,aʀɛ
1375,concours,nm(pl),masculine,"entrance exam, competition",vous avez gagné le concours?,did you win the competition?,kɔ͂kuʀ
1376,vis-à-vis,"nmpl,prep",masculine,"face to face, regarding",il reprenait sa liberté vis-à-vis de moi,he regained his freedom from me,vizavi
1377,aboutir,v,,"to succeed, end up at",ce projet n’a pourtant pas abouti,"this project didn’t end, however",abutiʀ
1378,visiter,v,,to visit,nous allons visiter la maison,we’re going to visit the house,vizite
1379,elle-même,pro,,"herself, itself",la révolte n’est pas en elle-même un élément de civilisation,rebellion is not by itself an element of civilization,ɛlmɛm
1380,démocratique,adj(f),,democratic,il ne respecte pas le processus démocratique,he doesn’t respect the democratic process,demɔkʀatik
1381,tentative,nf,feminine,attempt,"à la troisième tentative, l’homme part le premier","on the third attempt, the man left first",tɑ͂tativ
1382,largement,adv,,widely,on doit payer largement sa part d’impôt,you should pay the bulk of your taxes,laʀʒəmɑ͂
1383,échouer,v,,to fail,tout ce que j’ai tenté a échoué,everything that I tried to do failed,eʃwe
1384,désirer,v,,to desire,"ce que l’on désire, c’est éviter une surpollution",what we want is to avoid rampant pollution,deziʀe
1385,côte,nf,feminine,coast,on est basés sur la côte ouest,we’re based on the west coast,kot
1386,génération,nf,feminine,generation,une nouvelle génération prend le pouvoir,a new generation takes over,ʒeneʀasjɔ͂
1387,vent,nm,masculine,wind,dans la rue il faisait du vent,it was windy in the street,vɑ͂
1388,technologie,nf,feminine,technology,"en Chine, on utilise cette technologie depuis plus de 20 ans",in China this technology has been used for over 20 years,tɛknɔlɔʒi
1389,inquiéter,v,,"to worry, disturb","et ça, ça m’inquiète un petit peu","and this, this disturbs me a little bit",ɛ͂kjete
1390,dépit,nm,masculine,"spite, heartache",j’ai ressenti un soulagement mêlé de dépit,I felt relief mixed with spite,depi
1391,équilibre,nm,masculine,"balance, equilibrium",j’aperçois une sorte d’équilibre qui peut durer longtemps,I sense a kind of equilibrium that may endure,ekilibʀ
1392,inquiet,nadj,,"worried, anxious",tu as l’air inquiet,you seem anxious,"ɛ͂kjɛ, -ɛt"
1393,obstacle,nm,masculine,obstacle,j’ai surmonté tous les obstacles,I overcame all the obstacles,ɔpstakl
1394,réflexion,nf,feminine,reflection,elle le surprend en pleine réflexion,she surprised him as he was deep in thought,ʀeflɛksjɔ͂
1395,uniquement,adv,,only,il a survécu uniquement avec la diète anticancéreuse,he only survived via the anti-cancer diet,ynikmɑ͂
1396,affecter,v,,to affect,elles n’ont pas été affectées par l’accident,they weren’t affected by the accident,afɛkte
1397,revanche,nf,feminine,revenge; return,"elle, en revanche, m’inspecta avec désinvolture","she, in return, inspected me with detachment",ʀ(ə)vɑ͂ʃ
1398,ressembler,v,,"to look like, resemble",celle-là ressemble à une intellectuel new-yorkaise,that one looks like she’s a New York intellectual,ʀ(ə)sɑ͂ble
1399,station,nf,feminine,station,il a traîné dans la station toute la journée,he lingered in the station all day,stasjɔ͂
1400,supporter,"nm,v",masculine,"to support, endure","des fois, je ne supporte pas la vie quotidienne",sometimes I can’t stand daily life,sypɔʀte
1401,privé,nadj,masculine,private,c’est une fête privée ... vous ne pouvez pas venir,it’s a private party ... you can’t come,pʀive
1402,catégorie,nf,feminine,category,les autres catégories de l’entreprise sont concernées par cette démarche,the other kinds of companies are worried about this process,kategɔʀi
1403,mine,nf,feminine,"mine; appearance, look, mien",je haussai les épaules et fis mine de rire,I shrugged my shoulders and feigned laughing,min
1404,législatif,nadj,,legislative,"en 1978, la gauche échoue aux législatives","in 1978, the left lost in the legislative elections","leʒislatif, -iv"
1405,ah,intj,,"ah, oh",ah oui? tu commences à m’intéresser,oh yeah? you’re starting to interest me,ˊɑ
1406,propriétaire,"nm,nf",masc / fem,owner,vous êtes le propriétaire des lieux?,you’re the owner of this property?,pʀɔpʀijetɛʀ
1407,favoriser,v,,to favor,cela favorise le commerce et l’investisse- ment,this favors trade and investment,favɔʀize
1408,priorité,nf,feminine,priority,il faut maintenant donner la priorité aux enfants,now we must give priority to the children,pʀijɔʀite
1409,avion,nm,masculine,plane,"en voiture, en avion, j’aime le mouvement","in a car, in an airplane, I like motion",avjɔ͂
1410,minimum,nadj,masculine,minimum,nos fabricants exigent un délai minimum de 6 semaines,our manufacturers require at least 6 weeks’notice,"minimɔm, minima"
1411,criminel,nadj,masculine,criminal,l’incendie peut être d’origine criminelle,the fire might have a criminal origin,kʀiminɛl
1412,photo,nf,feminine,photo,je peux voir la photo?,can I see the photo?,fɔto
1413,précéder,v,,to precede,"la métaphysique ne doit pas précéder la physique, elle doit la suivre","metaphysics shouldn’t precede physics, it should follow it",pʀesede
1414,solide,nadj(f),masculine,solid,nous avons une base solide sur laquelle bâtir,we have a solid foundation on which to build,sɔlid
1415,correspondre,v,,to correspond,j’espère que nous correspondrons,I hope we’ll keep in touch,kɔʀɛspɔ͂dʀ
1416,navire,nm,masculine,ship,je suis comme le capitaine d’un navire,I’m like the captain of a ship,naviʀ
1417,centaine,nf,feminine,hundred,la pétition est signée par plusieurs centaines de résidents,the petition was signed by hundreds of residents,sɑ͂tɛn
1418,explication,nf,feminine,explanation,il doit y avoir une explication rationnelle,there must be a rational explanation,ɛksplikasjɔ͂
1419,transmettre,v,,"to forward, transmit",voilà comment se transmettre les maladies!,that’s how to transmit illnesses!,tʀɑ͂smɛtʀ
1420,appareil,nm,masculine,"apparatus, device",place la bobine vierge sur l’appareil,place the empty reel on the machine,apaʀɛj
1421,publication,nf,feminine,publication,vous pouvez parler de vos publications?,can you talk about your publications?,pyblikasjɔ͂
1422,associer,v,,to associate,le tabagisme n’était pas directement associé au cancer,smoking was not directly associated with cancer,asɔsje
1423,trait,nm,masculine,"line, feature","mon trait est très fin, comme des cheveux","I have very fine features, like hair",tʀɛ
1424,référence,nf,feminine,reference,je n’ai pas compris sa référence aux oiseaux,I didn’t understand his reference to the birds,ʀefeʀɑ͂s
1425,bois,nm(pl),masculine,wood,tu attendras dans les bois que la nuit tombe,you will wait in the woods until nightfall,bwɑ
1426,identifier,v,,to identify,pouvez-vous identifier cet homme?,can you identify this man?,idɑ͂tifje
1427,symbole,nm,masculine,symbol,je peux déchiffrer les symboles,I can decipher the symbols,sɛ͂bɔl
1428,consommation,nf,feminine,consumption,cela aura un impact sur la consommation,this will have an impact on consumption,kɔ͂sɔmasjɔ͂
1429,idéal,nadj,masculine,ideal,j’ai eu une enfance idéale,I had an ideal childhood,"ideal, o"
1430,chômage,nm,masculine,unemployment,le chômage chez les jeunes est devenu un grave problème,unemployment among the youth has become a serious problem,ʃomaʒ
1431,courage,nm,masculine,courage,j’en ai pas le courage. je suis fatiguée,I don’t have the courage. I’m tired,kuʀaʒ
1432,reconnaissance,nf,feminine,"recognition, gratitude",les fêtes musulmanes n’avaient aucune reconnaissance officielle,Moslem holidays weren’t officially recognized at all,ʀ(ə)kɔnɛsɑ͂s
1433,entretien,nm,masculine,"interview, discussion, maintenance",je devais réaliser un entretien pour un mensuel,I had to conduct an interview for a monthly magazine,ɑ͂tʀətjɛ͂
1434,encourager,v,,to encourage,"allez, encouragez notre petit gars",go encourage our little guy,ɑ͂kuʀaʒe
1435,kilomètre,nm,masculine,kilometer,j’ai un jardin à vingt-cinq kilomètres de Paris,I have a garden 25 kilometers from Paris,kilɔmɛtʀ
1436,dérouler,v,,"to unwind, enroll",la cérémonie aurait dû se dérouler la veille,the ceremony should have taken place the night before,deʀule
1437,identité,nf,feminine,identity,donnez-moi d’abord votre carte d’identité,first give me your identification card,idɑ͂tite
1438,amendement,nm,masculine,amendment,la Commission a accepté une partie des amendements,the commission accepted some of the amendments,amɑ͂dmɑ͂
1439,signaler,v,,"to indicate, signal",il a signalé que la mission avait joué un rôle important,he pointed out that the mission played an important role,siɲale
1440,division,nf,feminine,division,l’Irak disposait de trois divisions près de la frontière,Iraq had three divisions close to the border,divizjɔ͂
1441,contexte,nm,masculine,context,comment tenez-vous compte du contexte social en thérapie?,how do you account for the social context in therapy?,kɔ͂tɛkst
1442,coupable,nadj(f),masc / fem,guilty,"aujourd’hui, tout le monde est coupable","these days, everybody is guilty",kupabl
1443,favorable,adj(f),,favorable,l’évolution a été particulièrement favorable,the evolution was particularly favorable,favɔʀabl
1444,obligation,nf,feminine,"obligation, bond",nous avons une obligation morale de redresser les torts du passé,we have a moral obligation to right the wrongs of the past,ɔbligasjɔ͂
1445,août,nm,masculine,August,je suis né en août,I was born in August,u(t)
1446,attribuer,v,,"to award, grant, attribute",son mari attribuait cette apathie à sa naissance,her husband attributed this apathy to her birth,atʀibɥe
1447,courir,v,,to run,je courus le long des docks,I ran along the docks,kuʀiʀ
1448,examen,nm,masculine,exam,on commence par faire un examen clinique,we’ll start by doing a clinical exam,ɛgzamɛ͂
1449,personnage,nm,masculine,"character, individual",les personnages de mes romans me jouent des tours,the characters in my novels play tricks on me,pɛʀsɔnaʒ
1450,dénoncer,v,,to denounce,il s’attacha à dénoncer les abus et la corruption,he took up the cause of denouncing abuse and corruption,denɔ͂se
1451,inconnu,nadj,masc / fem,unknown,je me réveille dans des endroits inconnus,I wake up in unknown places,ɛ͂kɔny
1452,échanger,v,,to exchange,les rebelles échangeront leurs prisonniers,the rebels will exchange their prisoners,eʃɑ͂ʒe
1453,montant,nadj,masculine,"upright, upwards, sum, total",on ignore le montant de ce contrat,we don’t know the total amount of this contract,mɔ͂tɑ͂
1454,éliminer,v,,to eliminate,nous sommes aussi parvenus à éliminer le déficit,we have also achieved elimination of the deficit,elimine
1455,ouverture,nf,feminine,opening,chaque ouverture de magasin crée une vingtaine d’emplois,every store we open creates about twenty jobs,uvɛʀtyʀ
1456,tableau,nm,masculine,"frame, picture, painting, panel",allez vérifier le tableau d’alerte,go check the alarm panel,tablo
1457,exclure,v,,to exclude,le projet de loi exclut ce type de mode de vie,the bill excludes this type of lifestyle,ɛksklyʀ
1458,meurtre,nm,masculine,murder,vous êtes accusé de meurtre!,you are accused of murder!,mœʀtʀ
1459,exemplaire,nadj(f),masculine,exemplary; copy,j’en ai déjà vendu 100.000 exemplaires,"I already sold 100,000 copies of it",ɛgzɑ͂plɛʀ
1460,propriété,nf,feminine,property,vous êtes sur ma propriété,you’re on my property,pʀɔpʀijete
1461,final,nadj,masculine,final,je me souviens de la séance finale,I remember the final showing,"final, o"
1462,site,nm,masculine,site,combien de sites Internet avez-vous?,how many websites do you have?,sit
1463,séance,nf,feminine,"session, meeting",elle se souvient d’une séance particulièrement pénible,she remembers a particularly painful session,seɑ͂s
1464,durée,nf,feminine,"length, duration",il faudrait alors augmenter la durée du travail,then we would need to lengthen the work timeframe,dyʀe
1465,élire,v,,to elect,les chefs sont élus pour représenter leur peuple,the chiefs are elected to represent their people,eliʀ
1466,baisse,nf,feminine,"fall, drop",il devrait y avoir une baisse d’autres impôts,there should be a drop in the other taxes,bɛs
1467,inquiétude,nf,feminine,"worry, anxiety",j’entretenais de sérieuses inquiétudes à ce sujet,I harbored serious anxiety on the project,ɛ͂kjetyd
1468,israélien,nadj,masculine,Israeli,le camp de la paix israélien se divise en deux,the Israeli peace coalition has split in two,"isʀaeljɛ͂, jɛn"
1469,représentation,nf,feminine,representation,votre souci est la représentation des femmes,your concern is for the representation of women,ʀ(ə)pʀezɑ͂tasjɔ͂
1470,pareil,nadj,,"similar, likewise; peer, equal",c’est toujours pareil,it’s always the same,paʀɛj
1471,mandat,nm,masculine,"term, mandate",sa présence à un second mandat est inévitable,his presence in a second term is inevitable,mɑ͂da
1472,quinze,"det,nmi",masculine,fifteen,David s’arrêta devant une tour de quinze étages,David stopped in front of a fifteen- story tower,kɛ͂z
1473,vide,nadj(f),masculine,empty,"je regrette, le frigo est vide","I’m sorry, the fridge is empty",vid
1474,statut,nm,masculine,status,le jeune reste sous statut scolaire,the young man remains in student status,staty
1475,essai,nm,masculine,"attempt, try, test",ça demanderait un essai et je ne suis pas une spécialiste,that would require an essay and I’m not a specialist,esɛ
1476,sourire,"nm,v",masculine,"smile, to smile","alors, pourquoi tu souris?",so why are you smiling?,suʀiʀ
1477,italien,nadj,masculine,Italian,c’est un génie particulier aux italiens,it’s a type of genius that only Italians have,italjɛ͂
1478,suggérer,v,,to suggest,je voudrais suggérer de changer les horaires de travail,I would like to suggest a change in the working hours,sygʒeʀe
1479,interrompre,v,,to interrupt,je n’aime pas qu’on m’interrompe,I don’t like being interrupted,ɛ͂teʀɔ͂pʀ
1480,au-dessus,adv,masculine,above,les avocats ne sont pas au-dessus des lois,lawyers are not above the law,od(ə)sy
1481,agence,nf,feminine,agency,il a décidé de créer une agence,he decided to create an agency,aʒɑ͂s
1482,usine,nf,feminine,factory,je rouvre une usine aux États-Unis,I’m reopening a factory in the U.S.,yzin
1483,unir,v,,to unite,le mariage devrait unir un homme et une femme,marriage should unite one man and one woman,yniʀ
1484,rang,nm,masculine,"rank, row",nous sommes assis au premier rang,we sat on the first row,ʀɑ͂
1485,employé,nm,masculine,employee,les patrons veulent des employés qualifiés,bosses want qualified employees,ɑ͂plwaje
1486,sommet,nm,masculine,summit,le sommet extraordinaire de Bruxelles n’était pas une fête,the special summit at Brussels was no picnic,sɔmɛ
1487,franchir,v,,to get over,les Huns ont franchi notre frontière nord,the Huns broke through our northern border,fʀɑ͂ʃiʀ
1488,évident,adj,,obvious,ce n’était pas évident pour nous au début,it wasn’t obvious to us at first,"evidɑ͂, ɑ͂t"
1489,comportement,nm,masculine,behavior,leur comportement agressif et violent ne change pas,their aggressive and violent behavior is not changing,kɔ͂pɔʀtəmɑ͂
1490,fête,nf,feminine,"holiday, celebration",c’est une fête privée,it’s a private party,fɛt
1491,sol,nm,masculine,"floor, ground",nous dormions sur le sol en béton,we were sleeping on the cement-covered ground,sɔl
1492,écarter,v,,"to separate, move apart, keep away",les journalistes ont été écartés de l’intérieur du bâtiment,the reporters were kept away from the building’s interior,ekaʀte
1493,vague,"nadj(f),nf",masc / fem,vague; wave,ces vagues sont tellement puissantes!,these waves are so powerful!,vag
1494,réduction,nf,feminine,reduction,il parle aussi des réductions d’impôt,he’s also talking about tax reductions,ʀedyksjɔ͂
1495,culturel,adj,,cultural,"la vie culturelle est appauvrie, terne et stagnante","cultural life is impoverished, dull, and stagnant",kyltyʀɛl
1496,coopération,nf,feminine,cooperation,nous ne bénéficions pas toujours d’une coopération sérieuse de leur part,we don’t always enjoy serious cooperation on their behalf,kɔɔpeʀasjɔ͂
1497,vertu,nf,feminine,virtue,"la vertu et le vice, tout se confond","virtue and vice, everything’s getting mixed up",vɛʀty
1498,d’autant,,,since,il lui est d’autant plus facile d’en acquérir d’autres,it’s so much easier for him to buy other ones,dotɑ͂
1499,leader,"nm,nf",masculine,leader,il est très difficile d’être un leader autochtone,it’s difficult to be a native leader,lidœʀ
1500,taille,nf,feminine,"size, height","je l’ai interrogée sur sa taille, sur son âge","I asked her about her height, her age",tɑj
1501,contenu,nadj,masculine,contents,il faut réviser la réglementation quant au contenu francophone,we must revise the regulation of French-speaking content,kɔ͂t(ə)ny
1502,distance,nf,feminine,distance,la distance entre les villes est énorme,the distance between cities is enormous,distɑ͂s
1503,automne,nm,masculine,"fall, autumn",on dirait un après-midi d’automne,it felt like an autumn afternoon,otɔn
1504,arrière,"adji,adv,nm",masculine,"back, rear",mets tes cheveux en arrière,put your hair back,aʀjɛʀ
1505,vision,nf,feminine,"vision, view",nous avons sur ce sujet une vision commune,we have a common view on this subject,vizjɔ͂
1506,investir,v,,to invest,il veut y investir encore plus d’argent,he wants to invest even more money in it,ɛ͂vɛstiʀ
1507,diminuer,v,,"to diminish, decrease",les investissements en provenance de l’extérieur diminuent,investments from abroad are decreasing,diminɥe
1508,réfugier,v,,to take refuge,je m’étais réfugié dans une espèce d’esprit farceur,I sought refuge in a farcical mindset,ʀefyʒje
1509,entourer,v,,to surround,il courut à lui et l’entoura de ses bras,he ran up to him and held him in his arms,ɑ͂tuʀe
1510,juif,nadj,masculine,"Jew, Jewish",la société se retourne contre les juifs,society has turned against the Jews,"ʒɥif, -iv"
1511,considérable,adj(f),,"considerable, significant",nous avons réalisé des progrès considérables,we achieved considerable progess,kɔ͂sideʀabl
1512,conduite,nf,feminine,"behavior, driving",certaines de mes conduites affectaient directement ma mère,some of my behavior directly affected my mother,kɔ͂dɥit
1513,convention,nf,feminine,"agreement, convention",la convention relative aux droits de l’enfant,the convention on children’s rights,kɔ͂vɑ͂sjɔ͂
1514,communiquer,v,,to communicate,mes fonctionnaires ont communiqué avec le ministère des finances,my public servants communicated with the finance minister,kɔmynike
1515,prolonger,v,,"to prolong, extend",quels sont les indicateurs d’une sécheresse prolongée?,what are the indications of a prolonged drought?,pʀɔlɔ͂ʒe
1516,verser,v,,"to pour, deposit, shed",cette conversation sera versée au dossier,this conversation will be deposited into the record,vɛʀse
1517,évidence,nf,feminine,evidence,je souhaite que cette évidence pénètre les esprits,I hope this evidence will provoke minds,evidɑ͂s
1518,essentiellement,adv,,essentially,votre métier est essentiellement une fonction de médiation,your trade is essentially a function of mediation,esɑ͂sjɛlmɑ͂
1519,démontrer,v,,to demonstrate,il ne démontre aucun signe de compassion envers ces travailleurs,he shows no sign of compassion towards these workers,demɔ͂tʀe
1520,négatif,nadj,masculine,negative,ils n’ont pas totalement une image négative,they don’t have a completely negative image,negatif
1521,approche,nf,feminine,approach,c’est là une approche équilibrée,that’s a balanced approach,apʀɔʃ
1522,délai,nm,masculine,delay,je vous demande donc de prolonger le délai,I therefore ask you to extend the timeframe,delɛ
1523,accroître,v,,to increase,"évidemment, cela accroît le climat de tension","apparently, this increased the tension",akʀwɑtʀ
1524,bruit,nm,masculine,noise,j’entends ce bruit horrible,I hear this horrible noise,bʀɥi
1525,humanité,nf,feminine,humanity,il ne faut pas renier notre humanité,we must not deny our humanity,ymanite
1526,radio,"adji,nm,nf",feminine,radio,j’éteins mon émetteur radio,I turn off my radio,ʀadjo
1527,moi-même,pro,,myself,j’aimerais redevenir moi-même,I would like to become myself again,mwamɛm
1528,syndicat,nm,masculine,union,ça n’appartient pas au syndicat,that’s not up to the union,sɛ͂dika
1529,prudent,adj,,"prudent, careful, cautious",nous avons été très prudents dans nos demandes,we were very prudent in our requests,"pʀydɑ͂, ɑ͂t"
1530,soirée,nf,feminine,evening,je rentre d’une soirée chez des amis,I’m going home from an evening at my friends’ place,swaʀe
1531,vol,nm,masculine,"flight, theft",il a pu prendre un autre vol,he was able to take another flight,vɔl
1532,marcher,v,masculine,to walk,elle se lève et elle marche comme ça,she gets up and walks like this,maʀʃe
1533,tiers,nadj(pl),masculine,third,elle est musulmane du tiers monde,she is a third-world Moslem,tjɛʀ
1534,mètre,nm,masculine,meter,la zone cible fait seulement 2 mètres de large,the target zone is only two meters wide,mɛtʀ
1535,aborder,v,,"to reach, approach",je voudrais aborder la question sous un autre angle,I would like to address the issue from another angle,abɔʀde
1536,occidental,nadj,masculine,western,peut-on être moderne sans être occidental?,can one be modern and not Western?,"ɔksidɑ͂tal, o"
1537,suffisant,adj,,sufficient,cette motivation n’est toutefois pas suffisante,"still, these motives aren’t enough","syfizɑ͂, ɑ͂t"
1538,ciel,nm,masculine,sky,le ciel est resté bleu au-dessus de Paris,the sky remained blue over Paris,"sjɛl, sjø"
1539,tromper,v,,to deceive,oups! je me suis trompé,"oops, I made a mistake",tʀɔ͂pe
1540,modeste,adj(f),,modest,ce serait un modeste pas dans la bonne voie,it would be a modest step in the right direction,mɔdɛst
1541,éloigner,v,,"to move away, take away, distance",il avait besoin de s’éloigner de sa femme,he needed to distance himself from his wife,elwaɲe
1542,seconde,"det,nf",feminine,second,au bout de quelques secondes tout reprend,after a few seconds everything started over again,s(ə)gɔ͂d
1543,malheureusement,adv,,unfortunately,il y a malheureusement des criminels et des terroristes,unfortunately there are criminals and terrorists,maløʀøzmɑ͂
1544,évaluer,v,,to evaluate,nous évaluons des projets en fonction de leur pertinence,we evaluate projects based on their relevance,evalɥe
1545,extrêmement,adv,,extremely,ce processus a été extrêmement lent,this process was extremely slow,ɛkstʀɛmmɑ͂
1546,interne,nadj(f),masc / fem,"internal, interior, intern","chez les internes, sa renommée était moins prestigieuse",among interns his renown was less prestigious,ɛ͂tɛʀn
1547,voire,adv,,"even, indeed","deux, trois cent millions. voire plus","two, three billion. even more.",vwaʀ
1548,témoignage,nm,masculine,testimony,les contrôleurs aériens étudient les témoignages oculaires,the air traffic controllers are studying eyewitness testimony,temwaɲaʒ
1549,messieurs,nmpl,,gentlemen,"je vous remercie, messieurs, madame","thank you, gentlemen, madam",mesjø
1550,effectivement,adv,,effectively,c’est effectivement quelque chose qui nous préoccupe,indeed that’s something we worry about,efɛktivmɑ͂
1551,gaz,nm(pl),masculine,gas,c’est un gaz mortel sans odeur,"it’s a deadly, odorless gas",gɑz
1552,acteur,nm,masculine,actor,tu es le plus grand acteur au monde,you’re the greatest actor in the world,"aktœʀ, -tʀis"
1553,adapter,v,,to adapt,il dit savoir s’adapter à toutes les difficultés,he says he can adapt to any difficulty,adapte
1554,cour,nf,feminine,"yard, court",ils m’attendaient dans la cour de la Sorbonne,they waited for me in the courtyard of the Sorbonne,kuʀ
1555,dépense,nf,feminine,"expense, expenditure",nous avons vu les dépenses publiques augmenter,we saw public expenditures increase,depɑ͂s
1556,souci,nm,masculine,"worry, concern",nos petits soucis ne sont pas importants,our little concerns are not important,susi
1557,expert,nadj,masculine,expert,je ne prétends pas être expert en la matière,I don’t pretend to be an expert on the topic,"ɛkspɛʀ, ɛʀt"
1558,sœur,nf,feminine,sister,je suis la grande sœur mariée,I’m the elder married sister,sœʀ
1559,relativement,adv,,relatively,le trafic était dense mais relativement fluide,the traffic was heavy but relatively free- flowing,ʀ(ə)lativmɑ͂
1560,comparer,v,,to compare,il est important de ne pas se comparer aux autres,it’s important to not compare oneself to others,kɔ͂paʀe
1561,procès,nm(pl),masculine,"trial, proceedings",un juge recommandait un nouveau procès,a judge recommended a new trial,pʀɔsɛ
1562,provenir,v,,"to be from, come from",la balle provient d’un revolver britannique,the bullet comes from a British revolver,pʀɔv(ə)niʀ
1563,réellement,adv,,really,elle ne sait pas qui je suis réellement,she doesn’t know who I really am,ʀeɛlmɑ͂
1564,conscient,adj,,"conscious, aware",nous sommes conscients des exigences économiques,we are aware of the economic demands,"kɔ͂sjɑ͂, jɑ͂t"
1565,céder,v,,"to give up, give way",l’euro cède quelques fractions face au dollar,the euro lost some percentage points to the dollar,sede
1566,médical,adj,,medical,"sans aide médicale, je vais mourir","without medical help, I’ll die","medikal, o"
1567,diviser,v,,to divide,le reste se divisait en trois fractions sensiblement égales,the rest was divided in three largely equal amounts,divize
1568,colère,nf,feminine,anger,je me sentis soudain très en colère contre mon père,I suddenly felt myself angry at my father,kɔlɛʀ
1569,patient,nadj,masculine,patient,"la clinique a beaucoup de patients, mais je peux vous aider","the clinic has many patients, but I can help you","pasjɑ͂, jɑ͂t"
1570,notion,nf,feminine,notion,"par contre, je n’ai aucune notion de médecine","on the other hand, I have no clue about medicine",nosjɔ͂
1571,siège,nm,masculine,"seat, bench","puis je vous conduire à votre siège, monsieur?","may I help you to your seat, sir?",sjɛʒ
1572,hausse,nf,feminine,"rise, raise, increase",il faut s’attendre à une légère hausse des prix,a slight raise in prices is to be expected,ˊos
1573,mécanisme,nm,masculine,mechanism,il existe donc un mécanisme pour prévenir la fuite,thus there is a mechanism to prevent escapes,mekanism
1574,traditionnel,adj,,traditional,il faut maintenir des cultures traditionnelles,traditional cultures must be maintained,tʀadisjɔnɛl
1575,quart,nadj,masculine,quarter,le train part dans trois quarts d’heure,the train leaves in three-quarters of an hour,kaʀ
1576,approcher,v,,to approach,le gros monsieur s’approche de nous,the big man is approaching us,apʀɔʃe
1577,trafic,nm,masculine,"traffic, circulation","le week-end, en revanche, le trafic doit être normal","on the other hand, during weekends traffic should be normal",tʀafik
1578,catholique,nadj(f),masc / fem,Catholic,ma sœur était une fervente catholique,my sister was a devout Catholic,katɔlik
1579,foyer,nm,masculine,"home, hearth",ils ont eu chacun un foyer,each of them had a home,fwaje
1580,adulte,nadj(f),masc / fem,adult,je me suis sentie devenir une adulte,I felt myself becoming an adult,adylt
1581,reprocher,v,,"to blame, reproach",nous lui avons reproché d’avoir manqué le sommet,we blame him for not having reached the summit,ʀ(ə)pʀɔʃe
1582,métier,nm,masculine,"job, occupation, trade","c’est déjà plus qu’un métier, c’est une profession",it’s more than a job – it’s a profession,metje
1583,modification,nf,feminine,modification,d’autres modifications sont aussi apportées à la convention,other changes were also made to the agreement,mɔdifikasjɔ͂
1584,peser,v,,to weigh,il pesait lourd sur mon cœur,it weighed heavily on my heart,pəze
1585,médias,nmpl,masculine-plural,media,les médias vous ont comparée à Oprah Winfrey,the media has compared you to Oprah Winfrey,medja
1586,hiver,nm,masculine,winter,tu ne peux pas passer l’hiver ici,you can’t spend the winter here,ivɛʀ
1587,définition,nf,feminine,definition,je voudrais savoir quelle est sa définition d’égalité,I would like to know his definition of equality,definisjɔ͂
1588,spécialiste,nadj(f),masc / fem,specialist,il y a des spécialistes pour ça,there are specialists for that,spesjalist
1589,mari,nm,masculine,husband,je suis un collègue de votre mari,I’m a colleague of your husband,maʀi
1590,supprimer,v,,"to remove, withdraw","supprime ce paragraphe, cela ne changera rien",delete this paragraph; that won’t change anything,sypʀime
1591,guère,adv,,hardly,mon travail n’avançait guère,my job was hardly going anywhere,gɛʀ
1592,douter,v,,to doubt,il n’avait jamais douté de la victoire,he never doubted victory,dute
1593,ressentir,v,,to feel,"c’est alors qu’il ressentit, dans sa nuque, la douleur","that’s when he felt, on the back of his neck, a sharp pain",ʀ(ə)sɑ͂tiʀ
1594,sexuel,adj,,sexual,il y a des pervers sexuels partout,there are sexual perverts everywhere,sɛksɥɛl
1595,consulter,v,,to consult,je n’ai pas été consulté,I was not consulted,kɔ͂sylte
1596,renseignement,nm,masculine,information,je cherche des renseignements sur la femme qui a été tuée,I’m seeking information on the woman who was killed,ʀɑ͂sɛɲmɑ͂
1597,âgé,adj,,old,ces hommes sont tous très âgés maintenant,these men are all very old now,ɑʒe
1598,fonctionnement,nm,masculine,"operation, functioning",laissez-moi vous expliquer le fonction- nement de ce système,let me explain to you how the system works,fɔ͂ksjɔnmɑ͂
1599,garçon,nm,masculine,boy,c’est un garçon unique,he’s a unique boy,gaʀsɔ͂
1600,parfait,nadj,masculine,perfect,je suis en parfaite santé,I’m in perfect health,paʀfɛ
1601,résumer,v,,"to summarize, sum up",les résultats obtenus sont résumés dans le tableau,the results are summarized in the table,ʀezyme
1602,prévision,nf,feminine,"forecast, prediction, expectation",l’économie mondiale a surpassé toutes les prévisions,the global economy surpassed all predictions,pʀevizjɔ͂
1603,quatrième,"det,nm,nf",masc / fem,fourth,c’est mon quatrième séjour en France,it’s my fourth stay in France,katʀijɛm
1604,fenêtre,nf,feminine,window,j’ai sauté par la fenêtre,I jumped out the window,f(ə)nɛtʀ
1605,incapable,nadj(f),,"incapable, incompetent",il est incapable de rentrer dans des détails concrets,he’s incapable of delving into concrete details,ɛ͂kapabl
1606,hésiter,v,,to hesitate,n’hésitez pas à les appeler,don’t hesitate to call them,ezite
1607,menace,nf,feminine,threat,la menace terroriste est bien réelle,the terrorist threat is very real,mənas
1608,universel,nadj,,universal,nous voulons un régime de santé universel,we want a universal health care system,ynivɛʀsɛl
1609,jeunesse,nf,feminine,youth,c’est la jeunesse que j’aime en eux,it’s their youthfulness that I like,ʒœnɛs
1610,voler,v,,"to steal, rob",c’est pas bien de voler,it’s not good to steal,vɔle
1611,résister,v,,to resist,j’ai résisté à la mort de ma fille,I wasn’t able to accept the death of my daughter,ʀeziste
1612,profondément,adv,,"profoundly, deeply",j’en suis profondément heureux,I am deeply pleased about it,pʀɔfɔ͂demɑ͂
1613,séparation,nf,feminine,separation,la séparation tend à devenir une invasion,separation tends to turn into invasion,sepaʀasjɔ͂
1614,inutile,nadj(f),,useless,notre travail vous semble inutile,our work seems useless to you,inytil
1615,refus,nm(pl),masculine,refusal,plusieurs raisons peuvent motiver un refus de visa,a visa may be refused for several reasons,ʀ(ə)fy
1616,poisson,nm,masculine,fish,nous pouvons bien survivre sans manger du poisson,we can survive very well without eating fish,pwasɔ͂
1617,révolution,nf,feminine,revolution,la révolution allemande était sans avenir,the German revolution had no future,ʀevɔlysjɔ͂
1618,prisonnier,nadj,masculine,"prisoner, captive",je viens demander la libération d’une prisonnière,I have come to ask for the release of one female prisoner,"pʀizɔnje, -jɛʀ"
1619,avouer,v,,to admit,j’avoue que j’étais encore plutôt naïf,I admit I was still somewhat naïve,avwe
1620,saluer,v,,"to greet, salute",tu ne dois pas saluer les gens que tu ne connais pas,you shouldn’t greet people you don’t know,salɥe
1621,fer,nm,masculine,iron,la grille de fer était ouverte,the iron gate was open,fɛʀ
1622,familial,adj,,family,la violence familiale n’est que trop fréquente,family violence is only too frequent,"familjal, jo"
1623,cinéma,nm,masculine,cinema,il était allé au cinéma voir un film extraordi- naire,he went to the movies and saw an extraordinary film,sinema
1624,calcul,nm,masculine,calculation,une erreur de calcul figurait dans votre facture,there was a miscalculation in your bill,kalkyl
1625,armé,adj,,armed,ils ont croisé un homme armé,they came upon an armed man,aʀme
1626,enseignement,nm,masculine,"education, teaching",c’est dans l’enseignement que j’ai acquis mes cheveux blancs,teaching is what gave me gray hair,ɑ͂sɛɲ(ə)mɑ͂
1627,étonnant,nadj,,"surprising, amazing, incredible",il est étonnant de voir combien d’argent on peut obtenir,it’s striking to see how much money one can obtain,etɔnɑ͂
1628,dizaine,nf,feminine,approximately ten,il y a des dizaines de milliers de jeunes dans ce pays,there are tens of thousands of youth in this country,dizɛn
1629,dessus,"adv,nm(pl),prep",masculine,"above, on top",je mets mes pieds dessus,I’m putting my feet on top of it,d(ə)sy
1630,achever,v,,"to complete, finish, end",pensez-vous réellement que cette guerre s’achèvera,do you really think that this war will end?,aʃ(ə)ve
1631,fonctionnaire,"nm,nf",masc / fem,"state employee, public servant",les juges sont aussi des fonctionnaires,judges are also public servants,fɔ͂ksjɔnɛʀ
1632,instruction,nf,feminine,"instruction, direction",je ne reçois aucune instruction de l’industrie nucléaire,I don’t receive any instruction from the nuclear industry,ɛ͂stʀyksjɔ͂
1633,pratiquement,adv,,practically,ils ont continué de grimper de manière pratiquement ininterrompue,they continued with their practically uninterrupted climbing,pʀatikmɑ͂
1634,oser,v,,to dare,ose me dire que tu vas rester ici!,dare to tell me that you will stay here!,oze
1635,rassembler,v,,to gather together,je rassemblai assez de forces pour me lever,I summoned enough energy to get up,ʀasɑ͂ble
1636,réalisation,nf,feminine,"realization, achievement",un lancement d’opération demande la réalisation d’une action,launching an operation requires performing some action,ʀealizasjɔ͂
1637,fiscal,adj,,fiscal,le régime fiscal n’est pas juste,the tax system is not fair,"fiskal, o"
1638,démarche,nf,feminine,"walk, process",la démarche serait trop longue et trop coûteuse,the process would be too long and too costly,demaʀʃ
1639,corriger,v,,to correct,je voudrais corriger un petit détail technique,I would like to correct a small technical detail,kɔʀiʒe
1640,volume,nm,masculine,volume,gardez le moral haut et le volume bas,keep your morale up and your volume down,vɔlym
1641,réussite,nf,feminine,success,elle est aussi capable de magnifiques réussites,she’s also capable of magnificent successes,ʀeysit
1642,désir,nm,masculine,desire,faites attention à vos désirs,watch out for your desires,deziʀ
1643,pur,nadj,,pure,l’oxygène pur annihile toute douleur,pure oxygen obliterates all pains,pyʀ
1644,exportation,nf,feminine,export,les exportations ont légèrement baissé,exports dropped slightly,ɛkspɔʀtasjɔ͂
1645,prier,v,,to pray,je vais prier pour que Dieu vous bénisse,I’ll pray for God to bless you,pʀije
1646,trente,"det,nmi",,thirty,il a été trente ans chez nous,he lived at our place for thirty years,tʀɑ͂t
1647,âme,nf,feminine,soul,je ne vendrai jamais mon âme au diable,I will never sell my soul to the devil,ɑm
1648,dominer,v,,to dominate,la France a dominé l’Europe pendant trois siècles,France dominated Europe for three centuries,dɔmine
1649,autorisation,nf,feminine,"authorization, permission, permit",j’ai besoin d’une autorisation,I need an authorization,otoʀizasjɔ͂
1650,instrument,nm,masculine,instrument,je voulais connaître mieux l’instrument et apprendre des solos,I want to know the instrument better and learn some solos,ɛ͂stʀymɑ͂
1651,indépendance,nf,feminine,independence,l’île a acquis son indépendance en 1981,the island gained its independance in 1981,ɛ͂depɑ͂dɑ͂s
1652,tort,nm,masculine,wrong,"vous aviez raison, j’avais tort","you were right, I was wrong",tɔʀ
1653,hauteur,nf,feminine,height,ceux qui tombent de cette hauteur sont morts,whoever falls from this height dies,ˊotœʀ
1654,critiquer,v,,to criticize,"ils s’arrogent le droit de me critiquer, me juger","they reserve the right to criticize me, to judge me",kʀitike
1655,attaque,nf,feminine,attack,l’attaque rebelle survient après deux jours,the rebel attack took place after two days,atak
1656,assurance,nf,feminine,"insurance, confidence",tout mon argent sert à payer l’assurance médicale,all my money goes to pay medical insurance,asyʀɑ͂s
1657,déficit,nm,masculine,deficit,le déficit du extérieur s’est fortement contracté,the foreign trade deficit dropped sharply,defisit
1658,évoluer,v,,to evolve,la situation évolue cependant dans le bon sens,but the situation did evolve in the right direction,evɔlɥe
1659,drogue,nf,feminine,drug,il parle ouvertement des effets des drogues,he talks openly about the effects of drugs,dʀɔg
1660,concret,nadj,masculine,concrete,que proposez-vous comme solutions concrètes?,what concrete solutions do you propose?,kɔ͂kʀɛ
1661,percevoir,v,,to perceive,"il était perçu comme agressif, arrogant et généralement hostile","he was perceived as aggressive, arrogant, and generally hostile",pɛʀsəvwaʀ
1662,rythme,nm,masculine,"rhythm, rate",le génie génétique progresse à un rythme incroyable,genetic engineering is progressing at an unbelievable pace,ʀitm
1663,approuver,v,,to approve,chacun de vos projets a été approuvé,each of your trips has been approved,apʀuve
1664,douze,"det,nmi",,twelve,on a envoyé des petits de douze ans à la mine,little twelve-year-olds were sent to the mine,duz
1665,juridique,adj(f),,"legal, judicial",le système juridique gêne le travail des policiers,the legal system hinders police work,ʒyʀidik
1666,espagnol,nadj,masculine,Spanish,"vous n’êtes pas espagnole, vous",you’re not a Spaniard,ɛspaɲɔl
1667,saison,nf,feminine,season,"l’automne, c’est la saison du football",autumn is football season,sɛzɔ͂
1668,épreuve,nf,feminine,"test, ordeal, trial",nous mettons peut-être votre patience à l’épreuve,perhaps we’re putting your patience to the test,epʀœv
1669,hypothèse,nf,feminine,hypothesis,cette hypothèse était tellement invraisem- blable,this hypothesis was so unlikely,ipɔtɛz
1670,relier,v,,to connect,toutes les choses sont reliées. nous le savons,everything is connected. we know that,ʀəlje
1671,financement,nm,masculine,financing,le financement de cet achat est assuré,the financing of this purchase is assured,finɑ͂smɑ͂
1672,dos,nm(pl),masculine,back,"il est couché sur le dos, les bras en croix","he’s lying on his back, arms crossed",do
1673,consommateur,nm,masculine,"consumer, customer",les consommateurs en ressentent directementlesavantages–,consumers feel the advantages directly,"kɔ͂sɔmatœʀ, -tʀis"
1674,soviétique,nadj(f),masc / fem,Soviet,une sonde spatiale soviétique se pose sur Vénus,a Soviet space probe is sitting on Venus,sɔvjetik
1675,volontaire,nadj(f),masc / fem,volunteer; voluntary,je me porte volontaire pour sortir,I hereby volunteer to go outside,vɔlɔ͂tɛʀ
1676,négocier,v,,to negotiate,l’Israël veut dicter et non pas négocier,"Israel wants to dictate, not negotiate",negɔsje
1677,finance,nf,feminine,finance,je n’ai pas étudié la finance mais j’étais un guerrier dans l’âme,I didn’t study finance but I was a warrior at heart,finɑ͂s
1678,rêver,v,,to dream,j’ai rêvé de toi,I dreamed about you,"ʀeve, ʀɛve"
1679,indien,nadj,masculine,Indian,la police fédérale indienne va enquêter,the Indian federal police is going to investigate,"ɛ͂djɛ͂, jɛn"
1680,quantité,nf,feminine,quantity,ces services existent en quantités limitées,these services are available in limited quantities,kɑ͂tite
1681,définitif,nadj,,"definitive, final",je n’ai pas pris de décision définitive à ce sujet,I haven’t taken a final decision on this subject,definitif
1682,persuader,v,,"to convince, persuade",il était persuadé que j’avais un talent,he was convinced I had a talent,pɛʀsɥade
1683,interpréter,v,,to interpret,ces résultats sont évidemment à interpréter avec prudence,these results are clearly to be interpreted carefully,ɛ͂tɛʀpʀete
1684,annuel,adj,,annual,l’inflation annuelle a augmenté à 4.1 %,annual inflation grew by 4.1%,anɥɛl
1685,commentaire,nm,masculine,"comment, remark",j’ai été très impressionné des commentaires que j’ai reçus,I’m very impressed by the comments I have received,kɔmɑ͂tɛʀ
1686,marier,v,,to marry,il veut se marier avec moi,he wants to marry me,maʀje
1687,spectacle,nm,masculine,"sight, show",ça va être un spectacle d’enfer,that will be a hellish spectacle,spɛktakl
1688,pari,nm,masculine,bet,je n’ai jamais fait le pari de quoi que ce soit,I have never bet on anything,paʀi
1689,célèbre,adj(f),,famous,elle était une musicienne célèbre dans notre pays,she was a famous musician in our country,selɛbʀ
1690,ouest,"adji,nm",masculine,west,le vent arrive toujours de l’ouest,the wind always blows from the west,wɛst
1691,sexe,nm,masculine,sex,"je ne sais pas, le sexe n’a peut-être rien à voir","I don’t know, perhaps sex doesn’t have anything to do with it",sɛks
1692,eh,intj,,"hey, uh","eh bien, j’ai changé d’avis","well, I have changed my mind","e, ɛ"
1693,recours,nm(pl),masculine,"resort, recourse",vous disiez qu’on a eu recours à des injonctions,you were saying we can resort to injunctions,ʀ(ə)kuʀ
1694,accent,nm,masculine,accent,son accent est tellement mignon,her accent is so cute,aksɑ͂
1695,introduire,v,,to introduce,on l’avait introduit dans une chambre,he was taken into a room,ɛ͂tʀɔdɥiʀ
1696,communiste,nadj(f),masc / fem,communist,les communistes ont toujours une certaine influence,the communists still have some influence,kɔmynist
1697,concert,nm,masculine,concert,"ce soir, on va à un concert",tonight we’re going to a concert,kɔ͂sɛʀ
1698,couverture,nf,feminine,blanket,la couverture de neige a fortement fondu,the blanket of snow melted drastically,kuvɛʀtyʀ
1699,religion,nf,feminine,religion,l’Islam est une religion de paix et de tolérance,Islam is a religion of peace and tolerance,ʀ(ə)liʒjɔ͂
1700,appui,nm,masculine,support,sa loyauté et son appui me manqueront,I’ll miss his loyalty and his support,apɥi
1701,théâtre,nm,masculine,theater,"ils allaient au café, au théâtre, au cinéma","they went to the café, the theatre, the movies",teɑtʀ
1702,saint,nadj,masculine,"saint, holy",je priais devant la statue de la Sainte Vierge,I was praying before the statue of the Holy Virgin,"sɛ͂, sɛ͂t"
1703,conséquent,nadj,,"logical, rational, consistent","il semble, par conséquent, que nous soyons face à une contradiction",consequently it seems that we are facing a contradiction,"kɔ͂sekɑ͂, ɑ͂t"
1704,équipement,nm,masculine,equipment,nous avons le meilleur équipement possible,we have the best possible equipment,ekipmɑ͂
1705,descendre,v,,"to go down, come down","personne n’entre, personne ne descend du train",nobody gets on or off the train,desɑ͂dʀ
1706,patron,nm,masculine,boss,je veux parler avec ton patron,I want to speak with your boss,patʀɔ͂
1707,marge,nf,feminine,margin,il y avait une marge d’incertitude considérable,there was a substantial margin of uncertainty,maʀʒ
1708,abri,nm,masculine,shelter,mettons-nous à l’abri,let’s take shelter,abʀi
1709,recette,nf,feminine,recipe,il n’y a pas de recette secrète,there’s no secret recipe,ʀ(ə)sɛt
1710,généralement,adv,,generally,les conditions sont généralement favorables,the conditions are generally favorable,ʒeneʀalmɑ͂
1711,vigueur,nf,feminine,vigor,le nouveau programme sera en vigueur dès juillet prochain,the new program will take effect starting next July,vigœʀ
1712,baser,v,,to base,cette loi se base sur trois principes,this law is based on three principles,bɑze
1713,soleil,nm,masculine,sun,ces lunettes de soleil valent 100 millions de dollars?,these sunglasses are worth 100 million dollars?,sɔlɛj
1714,électoral,adj,,electoral,les campagnes électorales sont affaire de pouvoir,electoral campaigns involve power,"elɛktɔʀal, -o"
1715,ennemi,nadj,masculine,enemy,"s’il est l’ennemi de notre ennemi, c’est un ami",the enemy of our enemy is our friend,en(ə)mi
1716,bourse,nf,feminine,"purse, scholarship",j’ai réussi à obtenir une bourse pour ma deuxième année,I managed to obtain a scholarship for my second year,buʀs
1717,dimension,nf,feminine,dimension,nous connaissions un univers à trois dimensions,we experienced a three- dimensionaluniverse,dimɑ͂sjɔ͂
1718,déployer,v,,"to deploy, open",des chars d’assaut israéliens ont été déployés,Israeli assault vehicles were deployed,deplwaje
1719,dialogue,nm,masculine,dialogue,nous avons voulu proposer un dialogue sur ces trois sujets,we wanted to propose a dialogue on these three topics,djalɔg
1720,thème,nm,masculine,"theme, topic",vous pouvez choisir un thème,you can choose a topic,tɛm
1721,circuler,v,,"to drive, circulate",elle peut désormais circuler librement,she can henceforth circulate freely,siʀkyle
1722,porte-parole,nmi,masc / fem,"spokesperson, spokes- woman, spokesman",je ne me sens porte-parole de personne,I don’t feel like I’m anybody’s spokesman,pɔʀtpaʀɔl
1723,présentation,nf,feminine,presentation,j’ai écouté avec intérêt la présentation de mon collègue,I listened with interest to the presentation of my colleague,pʀezɑ͂tasjɔ͂
1724,forêt,nf,feminine,forest,"de ma fenêtre, on voyait la forêt",from my window you could see the forest,fɔʀɛ
1725,outil,nm,masculine,tool,ça m’a donné les outils pour atteindre mes buts,that gave me the wherewithal to achieve my goals,uti
1726,vacance,nf,feminine,vacancy; vacation,"moi, j’ai interrompu mes vacances","as for me, I had to interrupt my vacation",vakɑ͂s
1727,suffisamment,adv,,sufficiently,je ne l’ai pas dit suffisamment,I haven’t said it enough,syfizamɑ͂
1728,défi,nm,masculine,challenge,tu es peut-être venu me lancer un défi,maybe you came to challenge me,defi
1729,front,nm,masculine,"front, forehead",le moustique vibrait autour de son front,the mosquito buzzed around his forehead,fʀɔ͂
1730,suspendre,v,,"to suspend, postpone",il faut suspendre la séance pour quelques instants,the hearing will have to be suspended for a little while,syspɑ͂dʀ
1731,calme,nadj(f),masculine,calm,le temps est désormais très calme,the weather has since been very calm,kalm
1732,montagne,nf,feminine,mountain,il atteignit le sommet de la grande montagne,he reached the summit of the great mountain,mɔ͂taɲ
1733,sévère,adj(f),,severe,"ils sont contrôlés de façon sévère, de façon méticuleuse","they are strictly, meticulously controlled",sevɛʀ
1734,apparemment,adv,,apparently,"apparemment, ces moulins tournent encore","apparently, these mills are still turning",apaʀamɑ͂
1735,présidence,nf,feminine,presidency,vous devez comprendre que la présidence a une mission,you must understand that the presidency has a mission,pʀezidɑ͂s
1736,magasin,nm,masculine,store,il travaillait dans un petit magasin en face,he worked in a little shop across the street,magazɛ͂
1737,commissaire,"nm,nf",masc / fem,"superintendent, commissioner","excusez-moi, je vois que le commissaire vient d’arriver","excuse me, I see the commissioner has just arrived",kɔmisɛʀ
1738,écrivain,nm,masculine,writer,"ma chérie, devenir écrivain est tout aussi dur","my dear, becoming a writer is just as hard",ekʀivɛ͂
1739,monétaire,adj(f),,monetary,le travailleur désire une élévation de salaire monétaire,the worker wants an increase in monetary salary,mɔnetɛʀ
1740,ouvrage,nm,masculine,work,il s’agit du seul ouvrage de référence sur le sujet,it’s the only reference work on the subject,uvʀaʒ
1741,réputation,nf,feminine,reputation,nous sommes fiers de notre réputation,we’re proud of our reputation,ʀepytasjɔ͂
1742,cabinet,nm,masculine,"cabinet, agency, office",les députés ministériels sont les membres du Cabinet,the deputy ministers are Cabinet ministers,kabinɛ
1743,écart,nm,masculine,"space, gap",elle est un peu à l’écart de la route,it’s a little bit off the road,ekaʀ
1744,chien,nm,masculine,dog,notre mère avait peur des chiens,our mother was afraid of dogs,ʃjɛ͂
1745,surveillance,nf,feminine,"surveillance, monitoring",les caméras de surveillance l’ont bien vue,the surveillance cameras sure saw it,syʀvɛjɑ͂s
1746,indispensable,adj(f),,essential,le gouvernement français estime cette opération indispensable,the French government deems this operation essential,ɛ͂dispɑ͂sabl
1747,conversation,nf,feminine,conversation,notre conversation a duré deux heures,our conversation lasted two hours,kɔ͂vɛʀsasjɔ͂
1748,surface,nf,feminine,surface,les eaux de surface sont très chaudes,the surface water is very hot,syʀfas
1749,féliciter,v,,to congratulate,je voulais te féliciter pour cette victoire,I wanted to congratulate you on this victory,felisite
1750,sûrement,adv,,surely,quelqu’un a sûrement besoin d’aide,someone surely needs help,syʀmɑ͂
1751,bombe,nf,feminine,bomb,une vingtaine de bombes sont tombées sur la capitale,some twenty bombs fell on the capital,bɔ͂b
1752,efficacité,nf,feminine,"efficiency, effectiveness",les chercheurs pourront vérifier l’efficacité du traitement,the researchers will be able to verify the effectiveness of the treatment,efikasite
1753,euro,nm,masculine,euro,"à 21 euros, ce n’est pas très cher","at 21 euros, it’s not very expensive",øʀo
1754,phase,nf,feminine,phase,toute maladie est une phase de guérison,each sickness is a phase of healing,fɑz
1755,confusion,nf,feminine,"confusion, mix-up",j’ai cru mourir de confusion,I thought I would die from confusion,kɔ͂fyzjɔ͂
1756,précision,nf,feminine,precision,il faut une certaine précision dans la loi,the law must have some degree of precision,pʀesizjɔ͂
1757,compétence,nf,feminine,competence,nous voulons qu’ils acquièrent les compé- tences nécessaires,we want them to acquire the necessary competency,kɔ͂petɑ͂s
1758,bilan,nm,masculine,"balance sheet, outcome",pouvez-vous proposer un bilan de ces épreuves?,can you suggest an outcome for these tests?,bilɑ͂
1759,immense,adj(f),,immense,nous vivons dans un territoire immense,we live in an immense territory,i(m)mɑ͂s
1760,massif,nadj,masculine,massive,une faillite institutionnelle massive se produit,a massive institutional failure took place,masif
1761,chute,nf,feminine,fall,"quelques mois après la chute du mur de Berlin, en avril 1990","a few months after the fall of the Berlin wall, in April 1990",ʃyt
1762,constant,adj,,constant,vous travailliez tous de façon constante,you all work in a consistent manner,"kɔ͂stɑ͂, ɑ͂t"
1763,sain,adj,,"healthy, sane","si vous menez une vie saine, vos réduisez vos risques","if you live a healthy life, you reduce your risks","sɛ͂, sɛn"
1764,intégrer,v,,to integrate,l’art est une tentative pour intégrer le mal,art is an attempt to integrate evil,ɛ͂tegʀe
1765,aérien,adj,,aerial,les renforts aériens arrivent,air support is arriving,"aeʀjɛ͂, jɛn"
1766,contrairement,adv,,contrary,contrairement à une idée couramment répandue,contrary to a commonly held idea,kɔ͂tʀɛʀmɑ͂
1767,pierre,nf,feminine,stone,on nous lance des pierres par la fenêtre,they were throwing stones out the window at us,pjɛʀ
1768,socialiste,nadj(f),masc / fem,socialist,les pays que nous appelons socialistes aujourd’hui ne le sont pas du tout,countries that we call socialist today really aren’t at all,sɔsjalist
1769,fortement,adv,,strongly,"encore une fois, j’insiste fortement","again, I strongly insist",fɔʀtəmɑ͂
1770,régulier,adj,,regular,travaillez-vous avec des clients réguliers,do you work with regular clients?,"ʀegylje, -jɛʀ"
1771,boîte,nf,feminine,box,elle va vérifier plusieurs fois sa boîte aux lettres,she went several times to look in her mailbox,bwat
1772,financer,v,,to finance,il a déjà financé des films en Europe,he has already financed films in Europe,finɑ͂se
1773,théorie,nf,feminine,theory,je crois me souvenir de tes théories,I think I remember your theories,teɔʀi
1774,hôtel,nm,masculine,hotel,il change d’hôtel chaque soir,he changes hotels every night,"ɔtɛl, otɛl"
1775,nier,v,,to deny,vous ne pouvez pas le nier et les autres non plus,"you can’t deny it, neither can the others",nje
1776,phénomène,nm,masculine,phenomenon,"je suis un phénomène, non?","I’m a phenomenon, right?",fenɔmɛn
1777,là-bas,adv,,"over there, out there",il y a deux mecs là-bas qui vous cherchent,there are two guys over there looking for you,labɑ
1778,étonner,v,,"to astonish, amaze","évidemment, ça a étonné tout le monde",evidently this stunned the whole world,etɔne
1779,totalité,nf,feminine,"totality, entirety","toute totalité, paradoxalement, est restrictive","entirety is, paradoxically, restrictive",tɔtalite
1780,sort,nm,masculine,"fate, curse",le sort de la pièce était entre mes mains,the outcome of the play was in my hands,sɔʀ
1781,accéder,v,,"to access, reach, attain",j’ai besoin d’accéder à ces données,I need to access this data,aksede
1782,église,nf,feminine,church,vous allez toujours à l’église?,do you still go to church?,egliz
1783,récupérer,v,,"to get back, recover, recuperate",nous avons récupéré vos armes,we recovered your weapons,ʀekypeʀe
1784,doter,v,,"to endow, provide",vous êtes dotée d’un superbe vocabulaire,you’re endowed with a superb vocabulary,dɔte
1785,contribution,nf,feminine,contribution,nous reconnaissons leur contribution dans le domaine médical,we recognize their contribution to the medical domain,kɔ͂tʀibysjɔ͂
1786,profondeur,nf,feminine,depth,ce serait sous-estimer la profondeur de la crise,that would be to underestimate the gravity of the crisis,pʀɔfɔ͂dœʀ
1787,émettre,v,,"to emit, issue",ce sont eux qui émettent le plus de CO2,that’s what emits the most carbon dioxide,emɛtʀ
1788,test,nm,masculine,test,j’ai eu un test de Q. I. cette année,I had an IQ test this year,tɛst
1789,vice-président,nm,masculine,vice-president,le vice-président sortant a passé la nuit dans sa résidence,the outgoing vice-president spent the night in his residence,"vispʀezidɑ͂, vispʀezidɑ͂t"
1790,pêche,nf,feminine,fishing; peach,tu viens à la pêche cet après-midi?,are you coming fishing this afternoon?,pɛʃ
1791,découverte,nf,feminine,discovery,cette découverte l’amusa toute la soirée,this discovery kept her happy all evening,dekuvɛʀt
1792,potentiel,nadj,masculine,potential,elle a vraiment un bon potentiel!,she really has great potential!,pɔtɑ͂sjɛl
1793,agricole,adj(f),,"agricultural, farming",les subventions agricoles sont des taxes,farm subsidies are taxes,agʀikɔl
1794,intellectuel,nadj,masculine,intellectual,je crois que la vie intellectuelle changerait profondément,I think that intellectual life would change dramatically,ɛ͂telɛktɥɛl
1795,essence,nf,feminine,"gas, petrol",ta moto n’a plus d’essence,your motorbike ran out of gas,esɑ͂s
1796,pencher,v,,"to lean, tilt","vous penchez à gauche, ça tourne à gauche",lean to the left and it turns to the left,pɑ͂ʃe
1797,artiste,nadj(f),masc / fem,artist,l’artiste refait le monde à son compte,the artist remakes the world according to his own fashion,aʀtist
1798,coin,nm,masculine,corner,"ils vivent peut-être ici, au coin de la rue","maybe they live here, on the street corner",kwɛ͂
1799,tension,nf,feminine,tension,parler pour briser la tension,say something to break the tension,tɑ͂sjɔ͂
1800,don,nm,masculine,gift,elle a le don de communiquer avec la musique,she has the gift of communication through music,dɔ͂
1801,uniforme,"adj(f),nm",masculine,"uniform, steady, regular","vous ne portiez pas d’uniforme, quoique armé","you weren’t wearing a uniform, even though you were armed",ynifɔʀm
1802,fidèle,nadj(f),masc / fem,faithful,tes hommes te sont fidèles,your men are faithful to you,fidɛl
1803,grève,nf,feminine,strike,nous allons faire grève demain,we’re going on strike tomorow,gʀɛv
1804,achat,nm,masculine,purchase,il est devenu responsable des achats,he became the purchasing agent,aʃa
1805,mentionner,v,,to mention,ces points ont déjà été mentionnés par le rapporteur,these points were already mentioned by the reporter,mɑ͂sjɔne
1806,exécution,nf,feminine,"execution, accomplishment","dans sa cellule, avant l’exécution, il en refuse les secours","in his cell, before the execution, he refuses help",ɛgzekysjɔ͂
1807,distinguer,v,,to distinguish,c’est cela qui nous distingue des orientaux,that’s what distinguishes us from the Orientals,distɛ͂ge
1808,exploiter,v,,to exploit,les Américains veulent exploiter notre pétrole,the Americans want to exploit our oil,ɛksplwate
1809,administratif,nadj,,administrative,j’occupe actuellement un poste administratif,I currently hold an administrative position,"administʀatif, -iv"
1810,effectif,nadj,masculine,"effective; size, workforce",Volkswagen supprime un quart de ses effectifs aux Etats-Unis,Volkswagen is eliminating a quarter of its workforce in the U.S.,efɛktif
1811,communautaire,adj(f),,"community, communal",une intervention au niveau communautaire ne se justifiait pas,community intervention was not justified,kɔmynotɛʀ
1812,individuel,adj,,individual,la religion se fait sur une base individuelle,religion happens at an individual level,ɛ͂dividɥɛl
1813,faciliter,v,,"to make easier, facilitate",je voudrais faciliter votre décision,I would like to facilitate your decision,fasilite
1814,original,nadj,masculine,original,dire que la ville était belle était original,to say that the city was beautiful was quite a stretch,"ɔʀiʒinal, o"
1815,surprise,nf,feminine,surprise,"j’étais plutôt content, c’était la bonne surprise",I was rather pleased – that was a nice surprise,syʀpʀiz
1816,veiller,v,,"to look after, stay up","ne veille pas trop tard, cela use les yeux","don’t stay up too late, it wears out your eyes",veje
1817,dette,nf,feminine,debt,je vais régler ma dette,I’m going to take care of my debt,dɛt
1818,capitale,nf,feminine,capital,nous ne sommes pas la capitale de l’État mais nous grandissons,we’re not the state capital but we’re growing,kapital
1819,maintien,nm,masculine,"holding, maintaining",le maintien de la paix ne se limite plus,maintaining peace has no limits,mɛ͂tjɛ͂
1820,chanter,v,,to sing,il chantait la mélodie,he sang the melody,ʃɑ͂te
1821,pension,nf,feminine,"pension; room and board, boarding school",elle ira directement du camp en pension,she’ll go directly from the camp to a boarding school,pɑ͂sjɔ͂
1822,revue,nf,feminine,"review, magazine, journal",la revue n’a pas publié les résultats des travaux,the journal didn’t publish the results of the work,ʀ(ə)vy
1823,clore,v,,to close,"pour moi, le sujet est clos","for me, the subject is moot",klɔʀ
1824,neige,nf,feminine,snow,ils ne peuvent plus pelleter la neige,they can’t shovel snow any more,nɛʒ
1825,figure,nf,feminine,face; figure,"sa figure était maigre et pâle, un peu effrayante","his face was lean and pale, somewhat frightening",figyʀ
1826,masse,nf,feminine,mass,l’entreprise doit atteindre une masse critique,the company must achieve critical mass,mas
1827,susceptible,adj(f),,"sensitive, touchy",oh! ce que vous pouvez être susceptible mon ami,"gee, can you ever be touchy, my friend",sysɛptibl
1828,étroit,adj,,"narrow, tight",ils demeurèrent quelques instants dans l’étroit couloir,they lingered for a few moments in the narrow corridor,"etʀwa, wat"
1829,goût,nm,masculine,taste,le goût n’a rien à voir avec l’appétit,taste has nothing to do with appetite,gu
1830,prestation,nf,feminine,benefit,de nombreuses prestations ont été éliminées,numerous benefits were eliminated,pʀɛstasjɔ͂
1831,régner,v,,to reign,un silence de mort règne dans la salle,a deathly silence filled the room,ʀeɲe
1832,catastrophe,nf,feminine,"catastrophe, disaster",les agriculteurs subissent déjà beaucoup de catastrophes naturelles,farmers are already suffering from many natural disasters,katastʀɔf
1833,ressortir,v,,"to go out again, come out again, take out again","sur un fond noir, les couleurs ressortaient mieux",on a black background the colors showed up better,ʀ(ə)sɔʀtiʀ
1834,exploitation,nf,feminine,"operation, exploitation",il s’agit d’une exploitation intellectuelle de l’enfant,it’s all about intellectual exploitation of children,ɛksplwatasjɔ͂
1835,manifestation,nf,feminine,"demonstration, event",on en attendait des manifestations spectaculaires,a spectacular event was expected,manifɛstasjɔ͂
1836,dormir,v,,to sleep,je ne faisais que dormir sur la plage,all I did was sleep on the beach,dɔʀmiʀ
1837,lit,nm,masculine,bed,je sautai joyeusement du lit,I jumped joyfully out of the bed,li
1838,bouche,nf,feminine,mouth,des mots sortirent mécaniquement de ma bouche,words left my mouth automatically,buʃ
1839,excuse,nf,feminine,"excuse, apology",tu pouvais t’inventer une meilleure excuse,you could have come up with a better excuse,ɛkskyz
1840,veille,nf,feminine,"the day before, the eve of, night watch",on s’était fiancés la veille,we were engaged the night before,vɛj
1841,content,adj,,"glad, pleased, happy",elles étaient très contentes d’y aller,they were very happy to go there,kɔ͂tɑ͂
1842,rassurer,v,,"to reassure, calm down",le premier travail consiste à rassurer le gosse,the first task is to calm the kid down,ʀasyʀe
1843,triste,adj(f),,sad,"ouais, ouais, ne sois pas triste pour ça","yeah, yeah, don’t be sad about that",tʀist
1844,latin,nadj,masculine,Latin,l’anglais est encore plus latin que le français,English is more Latin than French is,latɛ͂
1845,classique,nadj(f),masculine,classic,j’ai étudié la musique classique,I studied classical music,klasik
1846,alliance,nf,feminine,alliance,nous reconnaissons nos obligations envers l’alliance,we recognize our duty to the alliance,aljɑ͂s
1847,préoccupation,nf,feminine,"worry, concern",je pense que c’est une préoccupation que nous partageons,I think it’s a concern we share,pʀeɔkypasjɔ͂
1848,trace,nf,feminine,"trace, mark, track",l’histoire humaine laisse d’éternelles traces,human history is leaving behind eternal footprints,tʀas
1849,logement,nm,masculine,accommodation,ils ont trouvé un logement et fait venir leur famille,they found a place to live and had their family come,lɔʒmɑ͂
1850,langage,nm,masculine,language,je parle le langage de la passion,I speak the language of passion,lɑ͂gaʒ
1851,plainte,nf,feminine,"moan, groan, complaint","quand cette femme a porté plainte, sa vie a été menacée","when this woman filed a complaint, her life was threatened",plɛ͂t
1852,chaud,"adv,nadj",masculine,"warm, hot",il y a du café chaud dans le coffre sous la banquette,there’s hot coffee in the box under the bench,ʃo
1853,taire,v,,to keep quiet,"oh, tais toi, tu n’as pas honte","oh, shut up, you have no shame",tɛʀ
1854,émotion,nf,feminine,"emotion, feeling",je fis de mon émotion un événement,I turned my emotions into a spectacle,emosjɔ͂
1855,judiciaire,adj(f),,judiciary,nous devons préserver l’indépendance du pouvoir judiciaire,we must preserve the judiciary’sindependance,ʒydisjɛʀ
1856,progresser,v,,to progress,nous avons pas mal progressé à ce sujet,we have progressed quite well on this topic,pʀɔgʀese
1857,secours,nm(pl),masculine,"help, aid, assistance",une jeune fille appelait au secours,a young girl was crying for help,s(ə)kuʀ
1858,confronter,v,,to confront,elle est confrontée à des défis plus nombreux,she was confronted by numerous challenges,kɔ͂fʀɔ͂te
1859,strict,adj,,"strict, absolute",ce serait son strict devoir,this would be his strict duty,stʀikt
1860,club,nm,masculine,club,j’arrivais dans un club qui avait gagné deux championnats,I joined a club that had won two championships,klœb
1861,ouvrier,nadj,masculine,worker,l’Allemand a toujours été bon ouvrier,the German has always been a hard worker,"uvʀije, -jɛʀ"
1862,souffrance,nf,feminine,suffering,je connais les souffrances du monde,I know the sufferings of the world,sufʀɑ͂s
1863,observation,nf,feminine,observation,j’ai trouvé l’observation astucieuse,I found the observation astute,ɔpsɛʀvasjɔ͂
1864,rétablir,v,,"to restore, re-establish","parfois, j’ai envie de rétablir quelques vérités",sometimes I want to re-establish some truths,ʀetabliʀ
1865,immeuble,nadj(f),masculine,building,j’habite dans cet immeuble,I live in this building,imœbl
1866,passion,nf,feminine,passion,lirait-il avec passion les journaux?,would he read newspapers with passion?,pasjɔ͂
1867,rupture,nf,feminine,"break, rupture","il y a eu rupture des négociations, reprise des négociations","negotiations broke down, then restarted",ʀyptyʀ
1868,office,nm,masculine,"office, bureau",il perd son emploi à l’office des jardins,he lost his job at the gardening office,ɔfis
1869,compliquer,v,,to complicate,le système actuel s’avère-t-il compliqué,the current system proves too complicated,kɔ͂plike
1870,assumer,v,,to assume,les autorités font assumer la responsabilité des troubles,the authorities will assume responsibility for the confusion,asyme
1871,partiel,nadj,,partial,elle travaille à temps partiel,she works part-time,paʀsjɛl
1872,éprouver,v,,"to feel, experience",je n’éprouvais aucune hâte à procéder,I didn’t feel any need to continue,epʀuve
1873,rendez-vous,nm(pl),masculine,appointment,"oui, nous avions un rendez-vous clandestin","yes, we had a secret rendez-vous",ʀɑ͂devu
1874,argument,nm,masculine,argument,j’ai entendu des arguments peu convain- cants,I heard fairly unconvincing arguments,aʀgymɑ͂
1875,planète,nf,feminine,planet,toute la planète est fatiguée de ce conflit,the whole planet is tired of this conflict,planɛt
1876,maire,nm,masc / fem,mayor,il a fait 3 mandats comme maire,he filled three terms as mayor,mɛʀ
1877,délicat,nadj,,"delicate, fine, gentle",c’est toujours délicat d’embaucher des amies!,it’s always tricky to hire girlfriends,"delika, at"
1878,attentat,nm,masculine,"attack, assassination attempt",il s’agit d’un attentat de la guérilla,it was a guerilla attack,atɑ͂ta
1879,boire,"nm,v",masculine,to drink,vous boirez quelque chose?,would you like something to drink?,bwaʀ
1880,richesse,nf,feminine,"wealth, richness","ce sera mon passeport pour la richesse, l’indépendance","this will be my passport to riches, independence",ʀiʃɛs
1881,caisse,nf,feminine,"till, cash desk",tu vas passer à la caisse!,you must go to the cashier!,kɛs
1882,hasard,nm,masculine,"chance, luck",on ne laissait rien au hasard,nothing was left to chance,ˊazaʀ
1883,héros,nm(pl),masculine,hero,un héros lui aurait sauvé la vie,a hero would have saved her life,"ˊeʀo, eʀɔin"
1884,oreille,nf,feminine,ear,il s’introduisit un doigt dans l’oreille,he stuck a finger in his ear,ɔʀɛj
1885,incident,"adj,nm",masculine,incident,"fort heureusement, l’incident n’a pas fait de victime","very fortunately, the incident was without victims",ɛ͂sidɑ͂
1886,café,nm,masculine,"coffee, café",Amélie est serveuse dans un café de Montmartre,Amélie is a waitress in a Montmartre café,kafe
1887,annonce,nf,feminine,announcement,il n’y a pas eu d’annonce à ce sujet,there was no announcement concerning this,anɔ͂s
1888,régulièrement,adv,,regularly,elle a promis de venir régulièrement,she promised to come regularly,ʀegyljɛʀmɑ͂
1889,pont,nm,masculine,bridge,il fallait jeter un pont entre l’Est et l’Ouest,a bridge had to be built between the East and the West,pɔ͂
1890,foutre,"v,nm",,"to f*ck, shove off",va te faire foutre,go f*ck yourself,futʀ
1891,apercevoir,v,,"to see, notice",on aperçoit la sortie du tunnel,you can see the exit of the tunnel,apɛʀsəvwaʀ
1892,refléter,v,,to reflect,la pièce d’eau reflétait la majestueuse façade d’un palais de pierre,the ornamental pool reflected the majestic facade of a stone palace,ʀ(ə)flete
1893,bouger,v,,"to move, shift, budge",je reste là. je ne bouge pas,I’ll stay here. I won’t budge,buʒe
1894,foule,nf,feminine,crowd,"il y a foule chez toi, ce soir",there’s a crowd at your place tonight,ful
1895,chrétien,nadj,masculine,Christian,la moitié des habitants sont de confession chrétienne,half of the inhabitants are Christians,"kʀetjɛ͂, jɛn"
1896,isoler,v,,"to isolate, insulate","il se sentait isolé, isolé psychologiquement","he felt isolated, psychologically alone",izɔle
1897,norme,nf,feminine,"norm, standard",nous appliquons désormais les normes d’hygiène,from now on we are applying hygiene standards,nɔʀm
1898,égalité,nf,feminine,equality,l’égalité des hommes et des femmes est garantie,equality for men and women is guaranteed,egalite
1899,tenue,nf,feminine,"dress, outfit",il est rare qu’on me complimente sur ma tenue,rarely do I receive compliments on my outfit,t(ə)ny
1900,animer,v,,"to lead, conduct, animate",le vin suscitait des conversations animées,the wine gave rise to animated conversations,anime
1901,statistique,nf,feminine,"statistics, statistical",je suis tombé sur une statistique très intéressante,I came across an interesting statistic,statistik
1902,piste,nf,feminine,"track, trail",c’est là où la piste s’arrête,that’s where the trail ends,pist
1903,préserver,v,,to preserve,"dans le bocal, mes larmes préservent le cœur de mon fils","inside the jar, my tears preserved my son’s heart",pʀezɛʀve
1904,hommage,nm,masculine,"homage, tribute",il a ensuite rendu hommage au président,then he paid homage to the president,ɔmaʒ
1905,inférieur,nadj,masculine,inferior,il déclare qu’elle lui est inférieure en amitié,he declares that she is less loving than he,ɛ͂feʀjœʀ
1906,match,nm,masculine,"match, game",je n’avais pas gagné un match depuis deux mois,I hadn’t won a match in two months,matʃ
1907,pointe,nf,feminine,"point, tip",la longue pointe de mon parapluie était comme un doigt,the long tip of my umbrella was like a finger,pwɛ͂t
1908,gouvernemental,adj,,governmental,on va alléger l’appareil gouvernemental,we’re going to lighten the governmental apparatus,"guvɛʀnəmɑ͂tal, o"
1909,exécuter,v,,"to execute, carry out",je suis ici pour exécuter vos ordres,I’m here to carry out your orders,ɛgzekyte
1910,tragédie,nf,feminine,tragedy,la tragédie a commencé. Hitler a attaqué l’URSS,the tragedy began. Hitler invaded the Soviet Union,tʀaʒedi
1911,distribution,nf,feminine,distribution,j’ai participé à un programme de distribution de petits déjeuners,I participated in a breakfast distribution program,distʀibysjɔ͂
1912,scandale,nm,masculine,"scandal, uproar",il y aurait eu un petit scandale dans le famille,there was a little scandal in the family,skɑ͂dal
1913,irakien,nadj,masculine,Iraqi,Hussein est totalement coupé de la population irakienne,Hussein is totally cut off from the Iraqi population,"iʀakjɛ͂, jɛn"
1914,chinois,nadj(pl),masculine,Chinese,la main-d’œuvre chinoise a contribué de façon importante au développement économique,Chinese manpower contributed greatly to economic development,ʃinwa
1915,bénéfice,nm,masculine,"benefit, profit",l’entreprise fait des bénéfices,the company is making profits,benefis
1916,billet,nm,masculine,ticket,j’ai pas de billet pour le match de demain,I don’t have a ticket for tomorrow’s game,bijɛ
1917,choc,nm,masculine,"shock, clash",elle est en état de choc,she’s in a state of shock,ʃɔk
1918,proportion,nf,feminine,proportion,la fréquence des agressions atteint des proportions alarmantes,the frequency of attacks is reaching alarming proportions,pʀɔpɔʀsjɔ͂
1919,canal,nm,masculine,"canal, channel",l’utilisation du canal sémaphore est suspendue,the use of a semaphore channel is discontinued,"kanal, o"
1920,briser,v,,to break,vous m’avez brisé le cœur,you broke my heart,bʀize
1921,destruction,nf,feminine,destruction,votre salut est sa destruction,your salvation is his destruction,dɛstʀyksjɔ͂
1922,reculer,v,,"to move back, back up",ils ne reculent devant rien,they don’t back down from anything,ʀ(ə)kyle
1923,critère,nm,masculine,"criterion, criteria",selon quels critères ces traits sont-ils sélectionnés?,according to what criteria were these features selected?,kʀitɛʀ
1924,gardien,nadj,masculine,"guardian, keeper",nous sommes les gardiens de cette planète,we are the guardians of this planet,"gaʀdjɛ͂, jɛn"
1925,adresse,nf,feminine,address,on a une adresse Internet,we have an Internet address,adʀɛs
1926,réception,nf,feminine,reception,les mêmes invités étaient présents à chaque réception,the same invited guests were at each reception,ʀesɛpsjɔ͂
1927,conservateur,nadj,masculine,conservative,"dans les auteurs, y a un conservateur","among the authors, there is a conservative one",kɔ͂sɛʀvatœʀ
1928,ouais,intj,,yeah,"j’aime mon job. ouais, bien sûr","I like my job. yeah, of course",ˊwɛ
1929,transporter,v,,"to transport, carry",il transporta des milliers d’hommes ici,it transported thousands of men here,tʀɑ͂spɔʀte
1930,brûler,v,,to burn,je sais que Lucy brûlait d’une passion secrète pour vous,I know Lucy was burning up with a secret passion for you,bʀyle
1931,manœuvre,"nm,nf",masc / fem,manoeuvre,nous étions trois soldats à faire la manœuvre,three of us soldiers participated in the manoeuvre,manœvʀ
1932,monnaie,nf,feminine,"currency, coin, change","aujourd’hui, nous avons une monnaie stable",today we have a stable currency,mɔnɛ
1933,transmission,nf,feminine,transmission,cette transmission est vraiment excellente,this transmission is really excellent,tʀɑ͂smisjɔ͂
1934,quelconque,adj(f),,"any, some",est-ce qu’on a un vase quelconque?,do we have some kind of vase?,kɛlkɔ͂k
1935,courrier,nm,masculine,"mail, post",il y a peut-être du courrier,maybe there’s mail,kuʀje
1936,grandir,v,,"to grow, increase, expand",je ne grandis plus ... je grossis,I’m not growing any taller ... just stouter,gʀɑ͂diʀ
1937,élaborer,v,,"to work out, develop",cette vision a été élaborée avant le 11 septembre,this vision was developed before September 11,elabɔʀe
1938,doigt,nm,masculine,finger,"il tapait du doigt sur la table, à coups secs",he tapped his finger on the table repeatedly,dwa
1939,illustrer,v,,to illustrate,cette manifestation illustre les craintes des citoyens,this protest shows the citizens’ fears,i(l)lystʀe
1940,poche,nf,feminine,pocket,je n’ai rien dans les poches,I don’t have anything in my pockets,pɔʃ
1941,affronter,v,,"to confront, face",j’ai dû affronter la terrible réalité,I had to confront the terrible reality,afʀɔ͂te
1942,éclater,v,,"to burst, explode","quand la guerre a éclaté, tout était perdu","when war broke out, everything was lost",eklate
1943,honte,nf,feminine,shame,n’aie pas honte de tes origines,don’t be ashamed of your origins,ˊɔ͂t
1944,faiblesse,nf,feminine,weakness,c’est là ma faiblesse et ma force,therein lies my weakness and my strength,fɛblɛs
1945,fédération,nf,feminine,federation,les fonctionnaires étaient convoqués par leurs fédérations,the bureaucrats were called together by their federations,fedeʀasjɔ͂
1946,presser,v,,"to squeeze, press",ils ont laissé un soldat chargé de presser le détonateur,they left a soldier with the order to press the detonator,pʀese
1947,mêler,v,,"to mingle, mix",la fiction se mêle constamment à l’autobiographie,fiction constantly gets mixed in with autobiography,mele
1948,bonheur,nm,masculine,happiness,"aujourd’hui, ce bonheur n’est plus que souvenir",today this happiness is merely a memory,bɔnœʀ
1949,formuler,v,,to formulate,je veux formuler un commentaire général,I want to make a general comment,fɔʀmyle
1950,crier,v,,"to shout, scream, cry out",ils se meurent. ils crient au secours,they’re dying. they cry out for help,kʀije
1951,pauvreté,nf,feminine,poverty,ils vivent dans la pauvreté,they live in poverty,povʀəte
1952,bâtiment,nm,masculine,building,il travaillait au deuxième étage du bâtiment,he worked on the second floor of the building,bɑtimɑ͂
1953,époux,nm(pl),masculine,"husband, spouse",je suis fier de l’avoir choisi comme époux,I’m proud of having chosen him for a husband,"epu, epuz"
1954,médicament,nm,masculine,"medicine, drug, medication",je crois en les médicaments génériques peu coûteux,I believe in cheap generic medications,medikamɑ͂
1955,firme,nf,feminine,firm,il gérait les fonds de la firme,he managed the firm’s funds,fiʀm
1956,élargir,v,,"to widen, expand",nous devons élargir nos horizons,we have to expand our horizons,elaʀʒiʀ
1957,électeur,nm,masculine,"elector, voter",je remercie également les électeurs de ma circonscription,I also thank the voters in my district,"elɛktœʀ, -tʀis"
1958,plonger,v,,to dive,"chaque matin, je plonge dans la mer",every morning I take a dip in the sea,plɔ͂ʒe
1959,véhicule,nm,masculine,vehicule,sortez du véhicule. vous aussi,exit the vehicle. you too,veikyl
1960,fuir,v,,to flee,j’aggravai ma situation en voulant fuir,I worsened my situation by wanting to flee,fɥiʀ
1961,chercheur,nadj,masculine,researcher,"même si vous êtes un bon chercheur, la compétition est rude","even if you’re a good researcher, competition is fierce",ʃɛʀʃœʀ
1962,varier,v,,"to vary, change","on aime varier les plaisirs. varier, c’est bon",we like to vary our pleasures. change is good,vaʀje
1963,personnalité,nf,feminine,personality,il était brillant et avait une riche personnalité,he was brilliant and had a rich personality,pɛʀsɔnalite
1964,inventer,v,,to invent,je n’ai pas pu inventer un tel souvenir,I couldn’t have invented such a memory,ɛ͂vɑ͂te
1965,principalement,adv,,"principally, mainly, primarily",c’est sur les femmes principalement qu’elle a exercé une grande influence,it’s primarily with women that she wields great influence,pʀɛ͂sipalmɑ͂
1966,prudence,nf,feminine,"prudence, care, caution",la prudence est la meilleure attitude à adopter,caution is the best policy,pʀydɑ͂s
1967,stade,nm,masculine,"stadium, stage",leurs recherches sont encore au stade préliminaire,their research is still at the preliminary stage,stad
1968,liaison,nf,feminine,"liaison, connection",les liaisons ferroviaires ont été interrompues,railroad connections were interrupted,ljɛzɔ͂
1969,consultation,nf,feminine,consultation,après consultation confidentielle des professeurs,after confidential consultation with the professors,kɔ͂syltasjɔ͂
1970,québécois,nadj(pl),masculine,"Quebecker, Quebecer, Québécois",il existe un marché pour le produit québécois en France,there’s a market for Quebecois products in France,kebekwa
1971,ordonner,v,,"to ordain, organize, order","soldat, je vous ordonne d’avancer ces catapultes","soldier, I order you to move these catapults forward",ɔʀdɔne
1972,bonjour,nm,masculine,hello,"voilà ma petite fille. bonjour, ma chérie. viens par ici","there’s my little girl. hello, dear. come here",bɔ͂ʒuʀ
1973,morale,nf,feminine,ethics; moral,la morale judéo-chrétienne me paraît l’une des plus belles,to me the Judeo-Christian ethic seems among the finest,mɔʀal
1974,contester,v,,"to contest, question",l’art conteste le réel,art questions reality,kɔ͂tɛste
1975,nécessairement,adv,,necessarily,le bien n’est pas nécessairement beau,what’s good is not necessarily beautiful,nesesɛʀmɑ͂
1976,détermination,nf,feminine,"determination, resolution",il peut avoir sans doute des déterminations égoïstes,he certainly could have selfish resolve,detɛʀminasjɔ͂
1977,congrès,nm(pl),masculine,"congress, conference",c’est lui qui préside le congrès,he’s who presides over the conference,kɔ͂gʀɛ
1978,semblable,nadj(f),masc / fem,similar,nous avons vu un cas semblable ici,we have seen a similar case here,sɑ͂blabl
1979,préoccuper,v,,"to worry, preoccupy",il nous faut sans doute nous préoccuper de l’avenir de nos enfants,we need to be concerned about the future of our children,pʀeɔkype
1980,dépôt,nm,masculine,"deposit, depot",voici le mandat de dépôt du détenu,here’s the incarceration order for the prisoner,depo
1981,considération,nf,feminine,consideration,j’aimerais que vous preniez en considération ma suggestion,I would like you take my suggestion under consideration,kɔ͂sideʀasjɔ͂
1982,multiplier,v,,to multiply,nous sommes maintenant en train de multiplier le danger nucléaire,we’re currently multiplying nuclear risks,myltiplije
1983,dame,"intj,nf",feminine,lady,une belle rose pour une belle dame,a beautiful rose for a beautiful lady,dam
1984,joie,nf,feminine,joy,je ne ressens ni peine ni joie,I feel neither pain nor joy,ʒwa
1985,durable,adj(f),,"durable, long-lasting",la transgenèse promeut une agriculture durable,hybrid crops encourage durable agriculture,dyʀabl
1986,faim,nf,feminine,hungry,je commence à avoir faim,I’m starting to feel hungry,fɛ͂
1987,excuser,v,,to excuse,excusez moi de vous interrompre monsieur,"excuse me for interrupting, sir",ɛkskyze
1988,recommander,v,,to recommend,je ne lui recommandai même pas la prudence,I didn’t even recommend caution to him,ʀ(ə)kɔmɑ͂de
1989,concept,nm,masculine,concept,"ce concept me réjouit, il est plein d’espoir","I delight in this concept, it’s full of hope",kɔ͂sɛpt
1990,cerveau,nm,masculine,brain,"à la naissance, le cerveau humain est loin d’être complètement développé","at birth, the human brain is far from completely developed",sɛʀvo
1991,truc,nm,masculine,trick; thingamajig,je peux avoir un truc à grignoter?,can I have something to snack on?,tʀyk
1992,allié,nadj,masculine,allied; ally,la guerre sera gagnée par les Alliés,the war will be won by the Allies,alje
1993,scolaire,adj(f),,"school, educational, academic",je veux juste finir l’année scolaire avec mes amis,I just want to finish the school year with my friends,skɔlɛʀ
1994,arabe,nadj(f),masculine,"Arabic, Arab",le monde arabe devient bipolaire,the Arab world is becoming bipolar,aʀab
1995,diffuser,v,,"to diffuse, broadcast",nos stations diffusent une émission quotidienne,our stations broadcast a daily program,difyze
1996,budgétaire,adj(f),,budgetary,la situation budgétaire nous place dans une position critique,the budgetary situation puts us in a critical position,bydʒetɛʀ
1997,inquiétant,adj,,"worrying, disturbing",la puissance iranienne est inquiétante,Iranian power is disturbing,"ɛ͂kjetɑ͂, ɑ͂t"
1998,inclure,v,,to include,n’incluez pas une extension de fichier,don’t include a file extension,ɛ͂klyʀ
1999,style,nm,masculine,style,faut que je change de style,I’ve gotta change my style,stil
2000,combler,v,,"to fill, fill in, fulfill","les gens tentent de combler ce vide, pierre par pierre","people try to fill up the void, stone by stone",kɔ͂ble
2001,ombre,"nm,nf",feminine,"shade, shadow",il vivait dans son ombre et ne cherchait qu’à lui complaire,he lived in her shadow and only sought to please her,ɔ͂bʀ
2002,annuler,v,,to cancel,il a dû annuler un voyage,he had to cancel a trip,anyle
2003,joueur,nadj,masculine,player,j’étais même le meilleur joueur de l’équipe,I was even the best player on the team,"ʒwœʀ, -øz"
2004,bloquer,v,,to block,ils nous disent que nous bloquons le progrès,they say we’re blocking progress,blɔke
2005,interprétation,nf,feminine,interpretation,vous pouvez être en désaccord avec mon interprétation,you can disagree with my interpretation,ɛ͂tɛʀpʀetasjɔ͂
2006,climat,nm,masculine,climate,"pour rétablir le climat de confiance, il faut gagner le respect","to reestablish the climate of trust, respect must be gained",klima
2007,séjour,nm,masculine,stay,notre séjour s’achève. nous partons demain,our visit is over. we leave tomorrow,seʒuʀ
2008,guider,v,,to guide,voilà les convictions qui guident mes pas,these are the convictions that guide my footsteps,gide
2009,spécialiser,v,,to specialize,la main-d’œuvre spécialisée vieillit,specialized manpower is ageing,spesjalize
2010,bien,adv,masculine,well,bon ... ben il va falloir que je m’y mette,"OK, well I will have to get busy with it",bjɛ͂
2011,sport,"adji,nm",masculine,sport,le sport est le meilleur remède physique et mental,sports are the best physical and mental cure,spɔʀ
2012,amélioration,nf,feminine,improvement,il faut prévoir que l’amélioration sera lente,you have to expect the improvement to be slow,ameljɔʀasjɔ͂
2013,douleur,nf,feminine,pain,je comprends votre douleur et combien ceci est pénible,I feel your pain and how difficult this is,dulœʀ
2014,issue,nf,feminine,"exit, outcome",nous fondons nos espoirs sur une issue positive au référendum,our hopes rest on a positive outcome in the referendum,isy
2015,généreux,adj(pl),,generous,il était généreux dans ses activités bénévoles,he was generous in his charitable activities,"ʒeneʀø, -øz"
2016,absent,nadj,masculine,absent,il a été absent trois heures,he was absent for three hours,"apsɑ͂, ɑ͂t"
2017,talent,nm,masculine,talent,votre frère a beaucoup de talent,your brother has a lot of talent,talɑ͂
2018,normalement,adv,,normally,"normalement, je suis un chien très gentil","normally, I’m a very gentle dog",nɔʀmalmɑ͂
2019,remarque,nf,feminine,remark,par cette remarque je n’accuse personne,by making that remark I don’t accuse anyone,ʀ(ə)maʀk
2020,détourner,v,,to redirect,"pour rentrer, il suffit de détourner l’attention du gardien",to gain entry you just have to distract the security guard,detuʀne
2021,raisonnable,adj(f),,"reasonable, fair","soyez raisonnable, rentrez vous reposer",be reasonable—go home and rest,ʀɛzɔnabl
2022,suprême,nadj(f),,supreme,certains ont fait le sacrifice suprême,some made the supreme sacrifice,sypʀɛm
2023,éventuel,nadj,,possible,ce serait peut-être un éventuel projet pour vous,that might be a possible project for you,evɑ͂tɥɛl
2024,blesser,v,,to hurt,"le premier avait été légèrement blessé, le second était sorti indemne","the first was lightly injured, the second escaped unharmed",blese
2025,orientation,nf,feminine,"orientation, trend",je suis d’orientation homosexuelle,I have a homosexual orientation,ɔʀjɑ͂tasjɔ͂
2026,grec,nadj,masculine,Greek,il utilisait deux mots grecs,he used two Greek words,gʀɛk
2027,secondaire,nadj(f),,secondary,quels types d’effets secondaires pourraient survenir?,what kind of secondary effects could take place?,s(ə)gɔ͂dɛʀ
2028,reporter,"nm,nf,v",masculine,to report; to postpone,nous pourrions avoir à reporter certaines choses,we might have to delay certain things,ʀ(ə)pɔʀte
2029,partisan,nadj,masculine,"partisan, supporter",je ne suis pas un ardent partisan,I’m not an ardent supporter,"paʀtizɑ͂, an"
2030,cinquième,"det,nm,nf",masc / fem,fifth,il s’agissait de la cinquième médaille olympique de sa carrière,it was the fifth Olympic medal of his career,sɛ͂kjɛm
2031,distinction,nf,feminine,distinction,il y a une distinction sémantique importante à faire,there’s an important semantic distinction to be made,distɛ͂ksjɔ͂
2032,impact,nm,masculine,impact,ses paroles ont un impact épouvantable,her words have a deadful impact,ɛ͂pakt
2033,magazine,nm,masculine,magazine,on fait semblant de lire un magazine,we pretend to read a magazine,magazin
2034,compléter,v,,to complete,"cela complète notre présentation, mesdames et messieurs","that completes our presentation, ladies and gentlemen",kɔ͂plete
2035,mérite,nm,masculine,merit,mon mérite était nul,I had nothing going for me,meʀit
2036,naturellement,adv,,naturally,elle va naturellement sortir avec des garçons,naturally she will date guys,natyʀɛlmɑ͂
2037,collaboration,nf,feminine,collaboration,c’est cette collaboration qui a mené aux progrès,this collaboration is what is leading to progress,ko(l)labɔʀasjɔ͂
2038,procurer,v,,"to get, bring",j’ignore comment vous vous êtes procuré cette carte,I don’t know how you got that card,pʀɔkyʀe
2039,officier,"nm,nf,v",masculine,officer; officiate,il craint de perdre ses meilleurs officiers,he fears losing his best officers,ɔfisje
2040,remarquable,adj(f),,"remarkable, outstanding","c’est remarquable, ce qui peut être fait","it’s remarkable, what can be done",ʀ(ə)maʀkabl
2041,efforcer,v,,endeavor,nous nous efforçons de contenir ce fléau,we are endeavoring to contain this plague,efɔʀse
2042,tragique,nadj(f),masculine,tragic,"c’est tragique, elles sont mortes","tragically, they died",tʀaʒik
2043,anniversaire,nadj(f),masculine,"anniversary, birthday",j’ai un cadeau d’anniversaire pour toi,I have a birthday present for you,anivɛʀsɛʀ
2044,issu,adj,,descended from,Hugh était issu d’une famille de cinq garçons,Hugh came from a family of five boys,isy
2045,poursuite,nf,feminine,"chase, pursuit",je suis parti à la poursuite de mon rêve,I left to pursue my dream,puʀsɥit
2046,nôtre,nadj(f),masc / fem,"ours, our own",j’aurais aimé qu’il soit des nôtres,I would have preferred him to be on our side,notʀ
2047,éclairer,v,,to light up,vous êtes là pour que je vous éclaire,you’re here so that I can enlighten you,ekleʀe
2048,consommer,v,,"to eat, consume, drink, use, consummate",nous consommons des aliments génétique- ment modifiés,we consume genetically modified food,kɔ͂sɔme
2049,infirmier,nadj,masculine,nurse,un infirmier lui est venu en aide,a male nurse came to his aid,"ɛ͂fiʀmje, -jɛʀ"
2050,caractéristique,nadj(f),feminine,characteristic,il est toutefois caractéristique qu’aucune décision définitive n’a été prise,it is nevertheless characteristic that no definitive decision was taken,kaʀakteʀistik
2051,dépenser,v,,to spend,j’ai dépensé beaucoup d’argent pour elle,I spent a lot of money on her,depɑ͂se
2052,censé,adj,,supposed,elle est censé donner une réponse,she is supposed to give a response,sɑ͂se
2053,fuite,nf,feminine,escape,l’assassin prend la fuite à cheval,the assassin is fleeing on horseback,fɥit
2054,conviction,nf,feminine,"conviction, belief",vous avez agi selon vos convictions,you acted according to your convictions,kɔ͂viksjɔ͂
2055,nettement,adv,,"clearly, distinctly",il savait nettement ce qu’il devait et voulait faire,he knew clearly what he needed to do and wanted to do,nɛtmɑ͂
2056,détenir,v,,"to hold, detain",je ne prétends pas détenir la vérité,I don’t pretend to have the whole truth,det(ə)niʀ
2057,évaluation,nf,feminine,evaluation,il faudrait procéder à une évaluation avant de le faire,we’ll have to carry out an evaluation before doing it,evalɥasjɔ͂
2058,installation,nf,feminine,"installation, setup",on accordera une très grande importance aux installations,the installations will be very important for us,ɛ͂stalasjɔ͂
2059,innocent,nadj,masculine,innocent,l’essentiel est qu’ils soient innocents,the important thing is that they are innocent,"inɔsɑ͂, ɑ͂t"
2060,fameux,adj(pl),,famous,voici l’un de nos plus fameux sadiques,here is one of our most famous sadists,"famø, -øz"
2061,cultiver,v,,"to cultivate, grow",elle cultive le goût des petits plaisirs,she cultivates a taste for simple pleasures,kyltive
2062,doux,"adv,nadj(pl)",,"soft, sweet",le soleil était doux et chaud,the sunshine was soft and hot,du
2063,gouverner,v,,"to govern, rule, steer, helm",il a été élu pour gouverner,he was elected to govern,guvɛʀne
2064,jouir,v,,to enjoy,elle jouit du respect et de l’admiration des gens,she enjoys people’s respect and admiration,ʒwiʀ
2065,parcourir,v,,"to cover, travel",il parcourut son courrier,he went through his mail,paʀkuʀiʀ
2066,bloc,nm,masculine,block,"ici, nous avons un bloc de béton","here, we have a cement block",blɔk
2067,électrique,adj(f),,electric,je n’aime pas tous ces appareils électriques,I don’t like all of these electrical devices,elɛktʀik
2068,seuil,nm,masculine,"doorstep, threshold",a peine le seuil franchi elle s’arrêtait,"barely crossing the threshold, she stopped",sœj
2069,croissant,nadj,masculine,"growing, crescent, crescent-shape",la compétition avec les Etats-Unis ira croissant,competition with the U.S. will be growing,kʀwasɑ͂
2070,classer,v,,"to classify, file, grade, rate",vous devenez plus difficile à classer,you’re becoming more difficult to pigeonhole,klɑse
2071,audience,nf,feminine,"audience, hearing",l’audience a été suspendue jusqu’à mercredi,the hearing was suspended until Wednesday,odjɑ͂s
2072,multiple,nadj(f),masculine,multiple,il s’oppose aux multiples procédures d’extradition,he opposes multiple extradition proceedings,myltipl
2073,minorité,nf,feminine,minority,il y a une minorité francophone appréciable dans la région,there’s a sizable French- speaking minority in the region,minɔʀite
2074,phrase,nf,feminine,"sentence, phrase",je vomissais les phrases dans un très grand désordre,I spewed out the phrases in chaotic fashion,fʀɑz
2075,provisoire,adj(f),,"temporary, provisional",son fils était maintenu en détention provisoire,his son was held in temporary confinement,pʀɔvizwaʀ
2076,hein,intj,,"eh, huh","c’est un bon club, hein?","this is a good club, eh?",ˊɛ͂
2077,disparition,nf,feminine,disappearance,les condors sont en voie de disparition,condors are becoming extinct,dispaʀisjɔ͂
2078,dynamique,nadj(f),feminine,dynamic,le marché reste très dynamique jusqu’à présent,the markets remain very volatile at present,dinamik
2079,renverser,v,,"to knock down, turn over, overturn","tout le container est renversé, tout est mélangé","the whole container was overturned, everything is mixed up",ʀɑ͂vɛʀse
2080,trouble,"adj(f),nm",masculine,"turmoil, agitation, blurred, cloudy, trouble",la cause de ces troubles reste mal connue,the cause of these troubles remains relatively unknown,tʀubl
2081,désoler,v,,"to upset, sadden",je suis tellement désolé. désolé pour tout,I am so sorry. sorry for everything,dezɔle
2082,accélérer,v,,"to speed up, accelerate",les événements pourraient donc s’accélérer,the events could thus accelerate,akseleʀe
2083,littérature,nf,feminine,literature,je crois que la littérature africaine se porte bien,I think that African literature is faring very well,liteʀatyʀ
2084,résider,v,,to reside,c’est là que réside l’avenir de nos enfants,that’s where the future of our children lies,ʀezide
2085,adolescent,nm,masculine,"teenager, adolescent",nous étions alors de jeunes adolescents,we were young teenagers at the time,"adɔlesɑ͂, ɑ͂t"
2086,dessiner,v,,"to draw, design",je ne sais pas dessiner. c’est une frustration,I don’t know how to draw. it’s frustrating,desine
2087,rompre,v,,to break,il a rompu avec les Frères musulmans,he left the Muslim Brotherhood,ʀɔ͂pʀ
2088,agriculture,nf,feminine,agriculture,nous devons continuer de pratiquer une agriculture scientifique,we must continue to practice scientific agriculture,agʀikyltyʀ
2089,gouverneur,"nm,nf",masculine,governor,le rôle du nouveau gouverneur de l’île est si important,the role of the island’s new governor is so important,guvɛʀnœʀ
2090,aventure,nf,feminine,adventure,un voyage en auto est une véritable aventure,a car trip is a real adventure,avɑ͂tyʀ
2091,armer,v,,to arm,l’Iran est en train de s’armer,Iran is arming itself,aʀme
2092,volet,nm,masculine,shutter,"fermez bien les volets, il y aura de la tempête","close the shutters tightly, a storm is coming",vɔlɛ
2093,bâtir,v,,to build,nous pouvons continuer à bâtir une nation basée sur la tolérance,we can continue to forge a nation based on tolerance,bɑtiʀ
2094,prime,"nadj(f),nf",feminine,"free gift, premium, bonus",ils extorquent chaque jour une prime de protection,every day they extort protection money,pʀim
2095,résulter,v,,to result,il en est résulté une tragédie humaine énorme,an enormous human tragedy was the result,ʀezylte
2096,occupation,nf,feminine,"occupation, pastime",lire et faire l’amour sont ses occupations préférées,reading and making love are his favorite pastimes,ɔkypasjɔ͂
2097,japonais,nadj(pl),masculine,Japanese,l’économie japonaise ne se porte pas si mal,the Japanese economy is faring rather well,ʒapɔnɛ
2098,emmener,v,,to take,maman et papa ont dû l’emmener à l’hôpital,mommy and daddy had to take him to the hospital,ɑ͂m(ə)ne
2099,alimentaire,adj(f),,food,l’épidémie met en péril la sécurité alimentaire,the epidemic is threatening food safety,alimɑ͂tɛʀ
2100,lecteur,nm,masculine,reader,j’espère ne pas perdre des lecteurs,I hope to not lose any readers,lɛktœʀ
2101,marin,nadj,masculine,"sea, marine, sailor",la plupart des marins ont perdu leur emploi,most sailors have lost their jobs,maʀɛ͂
2102,intermédiaire,nadj(f),masc / fem,"intermediate, intermediary",le fait d’avoir des intermédiaires me dérange,having intermediaries bothers me,ɛ͂tɛʀmedjɛʀ
2103,vœu,nm,masculine,"vow, wish, will",j’ai rendu mes voeux de moine,I took my vows as a monk,vø
2104,dresser,v,,"to draw up, put up, raise",trois portes se dressaient maintenant devant lui,now three doors stood before him,dʀese
2105,conception,nf,feminine,conception,c’est notre conception de la politesse,it’s our idea of politeness,kɔ͂sɛpsjɔ͂
2106,afficher,v,,to display,ils ont affiché ma photo dans tous les bâtiments,they posted my photo in all the buildings,afiʃe
2107,fragile,adj(f),,"fragile, delicate, frail",une bulle de savon semblerait moins fragile,a soap bubble would seem to be less fragile,fʀaʒil
2108,satisfaction,nf,feminine,satisfaction,il rougit de satisfaction modeste,he blushes with modest satisfaction,satisfaksjɔ͂
2109,survenir,v,,"to occur, take place, appear",trop d’ événements néfastes sont survenus cette année,too many harmful events took place this year,syʀvəniʀ
2110,publicité,nf,feminine,"advertising, advertisement, publicity",même la mauvaise publicité peut être bonne,even bad publicity can be good,pyblisite
2111,arbre,nm,masculine,tree,je fais tailler mes arbres pour donner de l’ombre,I trim my trees so they’ll give shade,aʀbʀ
2112,univers,nm(pl),masculine,universe,on connaît à peine notre univers,we barely know our universe,ynivɛʀ
2113,aéroport,nm,masculine,airport,il faut qu’on parte pour l’aéroport,we have to leave for the airport,aeʀopɔʀ
2114,sauter,v,,to jump,"je saute la barrière, je tombe",I jump over the barrier and fall down,sote
2115,chasse,nf,feminine,"chase, hunt, hunting",la chasse et la pêche y sont une tradition,hunting and fishing are a tradition over there,ʃas
2116,collège,nm,masculine,"secondary school, college","je n’ai jamais été au collège, j’étais trop pauvre",I never went to college; I was too poor,kɔlɛʒ
2117,garantie,nf,feminine,guarantee,je ne puis vous donner cette garantie,I can’t give you this guarantee,gaʀɑ͂ti
2118,morceau,nm,masculine,"piece, bit",je les ai notées sur un morceau de papier,I jotted them down on a piece of paper,mɔʀso
2119,salarié,nadj,masculine,"wage-earning, employee",on doit protéger les salariés contre tout licenciement abusif,employees are supposed to be protected from any abusive firings,salaʀje
2120,discipline,nf,feminine,discipline,il n’y a pas de démocratie sans ordre et discipline,there’s no democracy without order and discipline,disiplin
2121,explosion,nf,feminine,explosion,une autre explosion a eu lieu presque au même moment,another explosion happened at almost the same instant,ɛksplozjɔ͂
2122,peau,nf,feminine,skin,elles ont la peau blanche,they have white skin,po
2123,commande,nf,feminine,"order, control",dès ce jour nous vous passons commande pour cet ouvrage,from this day on we order that work from you,kɔmɑ͂d
2124,orienter,v,,"to position, give advice, direct, orientate",il orientera les antennes à 140 degrés,he will position the antennas at 140 degrees,ɔʀjɑ͂te
2125,reproduire,v,,"to reproduce, repeat","malheureusement, ces situations se reproduiront","unfortunately, these situations will arise again",ʀ(ə)pʀɔdɥiʀ
2126,paragraphe,nm,masculine,paragraph,j’aimerais lire son dernier paragraphe,I would like to read its last paragraph,paʀagʀaf
2127,radical,nadj,masculine,radical,il faudra des changements radicaux,what it will take is radical change,"ʀadikal, o"
2128,transférer,v,,to transfer,le trafic est transféré d’un ou de plusieurs canaux sémaphores,the traffic is routed through one or more signal channels,tʀɑ͂sfeʀe
2129,diffusion,nf,feminine,"diffusion, spreading, circulation",la diffusion débridée d’armes crée de nouvelles menaces,rampant arms proliferation is spawning new threats,difyzjɔ͂
2130,spécialement,adv,,"especially, particularly",vous aimez les chats? pas spécialement,you like cats? not particularly,spesjalmɑ͂
2131,croître,v,,"to grow, increase",les bureaucraties ont tendance à croître et à s’étendre,bureaucracies tend to grow and spread,kʀwatʀ
2132,tolérer,v,,"to tolerate, access, put up, bear, endure",je te tolère car c’est bien de te tolérer,I tolerate you because it’s good to tolerate you,tɔleʀe
2133,copie,nf,feminine,"copy, replica, paper",j’en ai fait une copie,I made a copy of it,kɔpi
2134,enseigner,v,,to teach,j’ai enseigné les mathématiques et les finances,I taught mathematics and finance,ɑ͂seɲe
2135,rédiger,v,,"to write, draw up","l’année suivante, j’ai rédigé mon mémoire",the next year I wrote my dissertation,ʀediʒe
2136,magnifique,adj(f),,magnificent,cet endroit est magnifique,this place is magnificent,maɲifik
2137,initial,adj,,initial,au succès initial a succédé une stabilisation,after initial success there was a stabilization,"inisjal, jo"
2138,indice,nm,masculine,"indication, sign, clue",cet indice était d’ailleurs inutile,this clue was in fact useless,ɛ͂dis
2139,promotion,nf,feminine,"promotion, advertising",on a un budget pour de la promotion,we have an advertising budget,pʀɔmosjɔ͂
2140,branche,nf,feminine,branch,la situation économique de la branche s’est légèrement détériorée,the economic situation of the branch deteriorated somewhat,bʀɑ͂ʃ
2141,section,nf,feminine,section,il y a aussi une section en français,there’s also a French section,sɛksjɔ͂
2142,chanson,nf,feminine,song,je pense que toutes les chansons sont plaisantes à chanter,I think that all songs are fun to sing,ʃɑ͂sɔ͂
2143,pair,"adj,nm",masculine,"peer, pair, even",l’histoire de la musique va de pair avec l’histoire politique,music history goes hand-in-hand with political history,pɛʀ
2144,contraindre,v,,"to compel, force",on ne peut les contraindre à comparaître,they can’t be compelled to appear,kɔ͂tʀɛ͂dʀ
2145,trancher,v,,"to cut, sever, settle, decide",ils tranchent avec l’éclat du ciel,they stand out clearly with the brilliance of heaven,tʀɑ͂ʃe
2146,réformiste,nadj(f),masc / fem,reformist,les réformistes adoraient suivre l’évolution de la dette,the reformists love to follow the debt’s progress,ʀefɔʀmist
2147,retarder,v,,"to delay, hold up","j’ai été retardé par un embouteillage, un accident","I was delayed by a traffic jam, an accident",ʀ(ə)taʀde
2148,réjouir,v,,"to delight, rejoice",Dieu me pardonnera peut-être de me réjouir de ma mort,perhaps God will forgive me for rejoicing in my death,ʀeʒwiʀ
2149,punir,v,,to punish,"si je t’ai offensé, punis-moi","if I offended you, punish me",pyniʀ
2150,repartir,v,,"to set off again, start up again","hélas, je repars demain par le premier train","alas, I leave tomorrow on the first train",ʀ(ə)paʀtiʀ
2151,cellule,nf,feminine,cell,j’ai aidé à bâtir ces cellules,I helped build these cells,selyl
2152,déclencher,v,,"to trigger, release, unleash",on ignore ce qui a déclenché la violence,we’re unsure who unleashed the violence,deklɑ͂ʃe
2153,uni,nadj,,united,"votre famille est unie, je le sens","your family is united, I can feel it",yni
2154,connexion,nf,feminine,connection,il y a donc une connexion profonde entre science et technologie,hence there’s a deep connection between science and technology,kɔnɛksjɔ͂
2155,écouler,v,,"to sell, run off, flow out","le jus s’écoule librement, sans contact avec la peau","the juice flows out freely, without touching the peel",ekule
2156,option,nf,feminine,option,il ne leur reste donc qu’une option,so they only have one option left,ɔpsjɔ͂
2157,pétrole,nm,masculine,"crude oil, petroleum",elle alluma une lampe à pétrole,she lit an oil lamp,petʀɔl
2158,laboratoire,nm,masculine,laboratory,les gros laboratoires n’ont pas toujours cette éthique-là,the big laboratories don’t always have that ethical outlook,labɔʀatwaʀ
2159,étrange,nadj(f),,"strange, odd",j’ai fait un rêve étrange,I had a strange dream,etʀɑ͂ʒ
2160,coucher,"nm,v",masculine,"to lie down, sleep","lavez-les, nourrissez-les. couchez-les","wash them, feed them. put them to bed",kuʃe
2161,département,nm,masculine,department,nous avons encore un département de relation publique,we still have a public relations department,depaʀtəmɑ͂
2162,génie,nm,masculine,genius,notre fils est un génie,our son is a genius,ʒeni
2163,profession,nf,feminine,profession,vous faites honte à votre profession!,you’re a disgrace to your profession!,pʀɔfesjɔ͂
2164,rumeur,nf,feminine,rumour,"après plusieurs années de rumeurs, le scandale a éclaté","after years of rumors, the scandal broke",ʀymœʀ
2165,mien,"nadj,pro",masculine,mine,le mien avait fonctionné sur 20 ans,mine worked for 20 years,"mjɛ͂, mjɛn"
2166,drôle,"adj(f),nm",,"funny, strange",je ne trouve pas ça drôle,I don’t find that funny,dʀol
2167,plat,"adj,nm",masculine,"dish, flat",un plat avec cinq choix de dessert,a plate with five dessert choices,pla
2168,maman,nf,feminine,mom,je suis ta maman et tu peux tout me dire,"I’m your mommy, and you can tell me everything",mamɑ͂
2169,incertitude,nf,feminine,uncertainty,cette incertitude est pesante pour nous,this uncertainty is unsettling for us,ɛ͂sɛʀtityd
2170,célébrer,v,,to celebrate,nous venons célébrer le mariage de mon frère,we just celebrated the marriage of my brother,selebʀe
2171,dignité,nf,feminine,dignity,il est toujours difficile de maintenir dignité et humour,it’s always hard to retain both dignity and humor,diɲite
2172,légitime,nadj(f),,legitimate,il l’aura l’autorité légitime de le faire,he will have the legitimate authority to do so,leʒitim
2173,philosophie,nf,feminine,philosophy,j’ai fait des études de philosophie,I studied philosophy,filɔzɔfi
2174,verre,nm,masculine,glass,prenez un verre avec moi,have a drink with me,vɛʀ
2175,spécifique,adj(f),,specific,il n’y a pas d’heure spécifique,there’s not a specific time,spesifik
2176,docteur,nm,masculine,doctor,le docteur ne nous laissa aucun espoir,the doctor didn’t give us any hope,dɔktœʀ
2177,hausser,v,,to raise,il faudra hausser les cotisations,subscriptions will have to be raised,ˊose
2178,fréquence,nf,feminine,frequency,toutes les fréquences sont bloquées,all of the frequencies are blocked,fʀekɑ͂s
2179,urgent,adj,,urgent,il est urgent de remettre l’église au milieu du village,it’s urgent to put the church back into a village setting,"yʀʒɑ͂, ʒɑ͂t"
2180,trou,nm,masculine,hole,"au mur, il y a un trou blanc",in the wall there’s a white hole,tʀu
2181,stratégique,adj(f),,strategic,il est très stratégique pour la région,it’s very strategic for the region,stʀateʒik
2182,mental,nadj,masculine,mental,il sentait que ses facultés mentales étaient diminuées,he felt that his mental capacities were diminished,mɑ͂tal
2183,éditeur,nm,masculine,"publisher, editor",j’ai mis un mot chez l’éditeur,I wrote a letter to the editor,editœʀ
2184,provincial,nadj,,provincial,les municipalités sont de juridiction provinciale,the municipalities are under provincial jurisdiction,"pʀɔvɛ͂sjal, jo"
2185,casser,v,,to break,j’ai cassé une bouteille de bière,I broke a beer bottle,kɑse
2186,probable,adj(f),,"probable, likely",il est probable que le visa sera refusé,the visa will probably be refused,pʀɔbabl
2187,signature,nf,feminine,signature,j’ai besoin de votre signature pour l’emmener,I need your signature to bring heralong,siɲatyʀ
2188,forcément,adv,,"without question, inevitably",les deux ne sont pas forcément liées,the two aren’t necessarily connected,fɔʀsemɑ͂
2189,conformément,adv,,in accordance,le débat se déroulera conformément au règlement,the debate unfolded according to regulations,kɔ͂fɔʀmemɑ͂
2190,croiser,v,,to cross,ce sont deux histoires qui se croisent,these are two stories that intersect,kʀwaze
2191,plastique,nadj(f),masculine,plastic,on devait jouer avec un poulet en plastique,we had to play with a plastic chicken,plastik
2192,autonome,nadj(f),,"autonomous, independent",mon corps est autonome. il ne m’écoute pas,my body is autonomous. it doesn’t obey me,otonom
2193,héritage,nm,masculine,heritage,je leur laisserais cet héritage,I will leave them this heritage,eʀitaʒ
2194,voyager,v,,to travel,ça m’apprendra à voyager en classe éco,that’ll teach me to travel in economy class,vwajaʒe
2195,électronique,nadj(f),feminine,electronic,un message électronique m’informe que le code est erroné,an electronic message tells me that the code is incorrect,elɛktʀɔnik
2196,parallèle,nadj(f),masc / fem,"parallel, similar",vous mettriez son conservatisme en parallèle avec sa ferveur catholique?,you would link his conservatism and his Catholic fervor?,paʀalɛl
2197,répartir,v,,"to distribute, spread out, share out, divide up",ils se répartissent en trois grands groupes,they spread out into three big groups,ʀepaʀtiʀ
2198,courageux,nadj(pl),,courageous,"une femme moderne, courageuse, sensible","a modern, courageous, sensible woman","kuʀaʒø, -ʒøz"
2199,réveiller,v,,to wake up,j’ai pas envie de réveiller mon copain,I don’t want to wake up my friend,ʀeveje
2200,satellite,nm,masculine,satellite,on aurait sûrement des images satellites animées,we must surely have animated satellite imagery,satelit
2201,ordinateur,nadj,masculine,computer,l’ordinateur est un outil tellement mer- veilleux,the computer is such a marvelous tool,ɔʀdinatœʀ
2202,fondé,"adj,nm,nf",,"founded, justified; agent, clerk",ce régime admirable est fondé sur l’honnêteté,this admirable regime is founded on honesty,fɔ͂de
2203,blessé,nadj,masculine,injured,les blessés ont été transportés dans sept hôpitaux,the injured were transported to seven hospitals,blese
2204,municipal,adj,,municipal,les élus municipaux méritent notre respect,elected municipal representatives deserve our respect,"mynisipal, o"
2205,salut,"intj,nm",masculine,"salute, hi, bye","salut, ma chérie","hi, dear",saly
2206,songer,v,,to dream,ne songez pas à quitter le pays,don’t even dream of leaving the country,sɔ͂ʒe
2207,enfance,nf,feminine,childhood,"depuis ma tendre enfance, je rêve de ce jour",since early childhood I have been dreaming of this day,ɑ͂fɑ͂s
2208,là-dessus,adv,,"on top, about it",j’aimerais connaître son opinion là-dessus,I would like to know her opinion on the topic,lad(ə)sy
2209,merveilleux,adj(pl),,"marvellous, wonderful",je vous souhaite une merveilleuse journée,I wish you a wonderful day,mɛʀvɛjø
2210,sien,nadj,masculine,"his, hers",la patrie vit les meilleurs des siens mourir en la défendant,the motherland saw her best die in her defense,"sjɛ͂, sjɛn"
2211,commenter,v,,to comment,laissez moi une chance de commenter ce que vous avez dit,let me have a chance to comment on what you said,kɔmɑ͂te
2212,inciter,v,,"to incite, encourage",cela incitera les compagnies à poursuivre leurs recherches,this will encourage companies to pursue research,ɛ͂site
2213,prière,nf,feminine,prayer,"alors, fais correctement ta prière",then pray correctly,pʀijɛʀ
2214,nécessiter,v,,"to require, necessitate",des situations extraordinaires nécessitent un acte extraordinaire,extraordinary situations require extraordinary action,nesesite
2215,urbain,adj,,urban,je vis en milieu urbain,I live in an urban setting,"yʀbɛ͂, ɛn"
2216,musée,nm,masculine,museum,je suis allé faire un tour au musée,I took a look through the museum,myze
2217,pluie,nf,feminine,rain,"les jours de pluie, nous restions à la maison",on rainy days we stayed inside the house,plɥi
2218,précaution,nf,feminine,precaution,t’as pris tes précautions?,have you taken precautions?,pʀekosjɔ͂
2219,anticiper,v,,"to anticipate, foresee, look or think ahead",je n’avais pas anticipé une telle reprise,I didn’t anticipate such a recovery,ɑ͂tisipe
2220,cheval,nm,masculine,horse,Napoléon lui-même est tombé de son cheval,Napoleon himself even fell off his horse,"ʃ(ə)val, o"
2221,communiqué,nm,masculine,"communiqué, release, statement",le communiqué a été distribué aux journalistes,the communiqué was distributed to the journalists,kɔmynike
2222,suicide,nm,masculine,suicide,"arrêt cardiaque, suicide, on ne savait pas","heart attack, suicide, we didn’t know",sɥisid
2223,rivière,nf,feminine,river,laissez la rivière faire son travail,let the river do its work,ʀivjɛʀ
2224,avertir,v,,to warn,pourquoi ne m’avais-tu pas averti?,why didn’t you warn me?,avɛʀtiʀ
2225,rédaction,nf,feminine,"writing, composition",j’ai terminé la rédaction de ma thèse,I finished writing my thesis,ʀedaksjɔ͂
2226,enceinte,"adjf,nf",feminine,pregnant; enclosure,je suis enceinte de six mois,I am six months pregnant,ɑ͂sɛ͂t
2227,substance,nf,feminine,substance,telle est son essence et sa substance,such is its essence and its substance,sypstɑ͂s
2228,soigner,v,,"to treat, look after, take care over","toi, va soigner ton chien","you, go take care of your dog",swaɲe
2229,récit,nm,masculine,"account, narrative","le soir, j’écoutais les récits de Robert","that evening, I listened to Robert’s stories",ʀesi
2230,revendication,nf,feminine,"claim, demand",on parle souvent de revendications historiques,we often speak of historical claims,ʀ(ə)vɑ͂dikasjɔ͂
2231,incroyable,nadj(f),,"incredible, unbelievable","moi, j’ai passé une nuit incroyable","me, I had an incredible night",ɛ͂kʀwajabl
2232,sondage,nm,masculine,poll,ce sondage représente la désinformation pure et simple,this poll represents pure and simple disinformation,sɔ͂daʒ
2233,mineur,nadj,masculine,minor; miner,les mineurs sont devenus fous,the miners went crazy,minœʀ
2234,composition,nf,feminine,"composition, essay, dialling",le roman se développe comme une composition musicale,the novel unfolds like a musical composition,kɔ͂pozisjɔ͂
2235,débarrasser,v,,"to clear, get rid of",ils trouveront le moyen de se débarrasser de leur chef,they’ll find a way to get rid of their leader,debaʀɑse
2236,accusation,nf,feminine,"accusation, indictment",il s’agit d’une accusation très grave,it’s a very grave accusation,akyzasjɔ͂
2237,invitation,nf,feminine,invitation,nous lui enverrons bien sûr une invitation,of course we will send her an invitation,ɛ͂vitasjɔ͂
2238,présidentiel,adj,,presidential,l’administration présidentielle sort sa batterie de combat,the president’s administration brought out its big guns,pʀezidɑ͂sjɛl
2239,concurrent,nadj,masculine,"competitor, rival",c’est un concurrent politique,he’s a political rival,"kɔ͂kyʀɑ͂, ɑ͂t"
2240,prévu,nadj,,planned,la période actuelle prévue est de 92 ans,the currently planned period is 92 years,pʀevwaʀ
2241,suisse,nadj(f),masc / fem,Swiss,l’économie suisse a glissé dans une légère récession,the Swiss economy slid into a slight recession,sɥis
2242,franchement,adv,,frankly,"franchement, cela ne m’étonne pas",frankly that doesn’t surprise me,fʀɑ͂ʃmɑ͂
2243,paiement,nm,masculine,payment,la firme me réclame le paiement d’une indemnité,the firm is demanding that I pay a penalty,pɛmɑ͂
2244,comparaison,nf,feminine,comparison,il n’y a pas de comparaison avec l’Afrique,there’s no comparison with Africa,kɔ͂paʀɛzɔ͂
2245,musulman,nadj,masculine,"Muslim, Moslem",il y a plein de femmes musulmanes qui ont écrit des livres,many Muslim women have written books,"myzylmɑ͂, an"
2246,déplacement,nm,masculine,"movement, displacement, trip, travel",je consacre toute mon énergie aux déplacements,I spend all my energy in traveling,deplasmɑ͂
2247,légal,adj,,"legal, lawful","à l’époque, il était légal de battre sa femme","at the time, it was legal to beat one’s wife","legal, o"
2248,dispositif,nm,masculine,"device, apparatus",il y a un dispositif d’urgence,there’s an emergency apparatus,dispozitif
2249,constitutionnel,nadj,,constitutional,je suis un praticien du droit constitutionnel,I practice constitutional law,kɔ͂stitysjɔnɛl
2250,contrainte,nf,feminine,constraint,les banques ont été contraintes de fermer leurs guichets,the banks had to close their tellerstations,kɔ͂tʀɛ͂t
2251,tarder,v,,to delay,je ne vais pas tarder à y aller,I’m going there without delay,taʀde
2252,refaire,v,,"to redo, make again",tu sais que ta mère avait refait la salle de bains,you know that your mother redid the bathroom,ʀ(ə)fɛʀ
2253,pleurer,v,,to cry,promets-moi que tu ne pleureras pas à mon enterrement,promise me that you won’t cry at my funeral,plœʀe
2254,débattre,v,,"to discuss, debate",nous ne sommes pas les seuls à débattre de cette question,we’re not the only ones to debate this question,debatʀ
2255,immigration,nf,feminine,immigration,son passeport portait un cachet d’immigration,his passport had an immigration stamp,imigʀasjɔ͂
2256,cancer,nm,masculine,cancer,l’apparition de certains cancers peut être affectée par le mode de vie,the onset of certain cancers can be affected by lifestyle,kɑ͂sɛʀ
2257,lâcher,v,masculine,"to let go, release",je vous ai dit de lâcher ces couteaux,I told you to let go of those knives,lɑʃe
2258,cercle,nm,masculine,"circle, cycle",comment sortir de ce cercle vicieux?,how to escape this vicious cycle?,sɛʀkl
2259,génétique,nadj(f),feminine,genetic,l’effet génétique des radiations est cumulatif,the genetic effect of radiation is cumulative,ʒenetik
2260,importation,nf,feminine,import,le Japon envisage de s’ouvrir aux importations de riz,Japan plans to open itself to rice imports,ɛ͂pɔʀtasjɔ͂
2261,tonne,nf,feminine,ton,ils mangent des millions de tonnes de poisson,they eat millions of tons of fish,tɔn
2262,dieu,"intj,nm",masculine,god,"aujourd’hui, les vrais dieux sont en colère",today the real gods are angry,djø
2263,référendum,nm,masculine,referendum,ils se préparent à un référendum,they’re preparing for a referendum,"ʀefeʀɑ͂dɔm, ʀefeʀɛ͂dɔm"
2264,perdu,nadj,,"lost, stray, wasted",ça ne sera pas du temps perdu,it won’t be wasted time,pɛʀdy
2265,obligé,nadj,masculine,"necessary, required",vous n’êtes pas obligés de me donner une réponse,you’re not obligated to respond to me,ɔbliʒe
2266,visiteur,nm,masculine,visitor,nous avons des visiteurs. de très grands visiteurs!,we have visitors. very important visitors!,"vizitœʀ, -øz"
2267,remporter,v,,"to take away, win",l’autorité revenait à celui qui remportait la victoire,the authority was conferred on the one who won the victory,ʀɑ͂pɔʀte
2268,rond,nadj,masculine,round,"il a le visage rond, le nez cassé","he has a round face, a crooked nose",ʀɔ͂
2269,étage,nm,masculine,floor,elle est tombée du troisième étage en secouant un tapis,she fell from the third floor while shaking out a rug,etaʒ
2270,intense,adj(f),,"intense, severe, dense",elle me faisait vivre des moments intenses,she made me experience intense moments,ɛ͂tɑ͂s
2271,bébé,nadj(f),masculine,baby,elle va avoir un bébé,she’s going to have a baby,bebe
2272,amitié,nf,feminine,friendship,l’amitié a remplacé la peur,friendship replaced fear,amitje
2273,cinquante,"det,nmi",,fifty,encore cinquante mètres et il tourna—à gauche,fifty more meters and he turned—to the left,sɛ͂kɑ͂t
2274,zéro,nm,masculine,zero,"froid intense, très en dessous de zéro","intense cold, far below zero",zeʀo
2275,drame,nm,masculine,drama,son œuvre est dominée par un drame personnel,his work is dominated by a personal drama,dʀam
2276,visible,adj(f),,"visible, obvious","il a toujours des partenaires, visibles ou invisibles",there are always visible or invisible partners,vizibl
2277,haine,nf,feminine,"hatred, hate",l’amour se change en haine,love changes to hatred,ˊɛn
2278,instance,nf,feminine,"authority, proceedings, hearing",j’ai perdu un première instance,I lost a first hearing,ɛ͂stɑ͂s
2279,cérémonie,nf,feminine,ceremony,je participai pendant une heure à une cérémonie sacrée,I attended a sacred ceremony for an hour,seʀemɔni
2280,ambition,nf,feminine,ambition,je n’avais aucune ambition d’écrire des livres,I didn’t have any ambition to write books,ɑ͂bisjɔ͂
2281,recourir,v,,"to turn to, run again","voyons, qui recourrait aux tirs d’artillerie?",let’s see—who resorted to artillery fire?,ʀ(ə)kuʀiʀ
2282,sanction,nf,feminine,sanction,le Congrès américain vote des sanctions contre l’Afrique du Sud,the American Congress is voting on sanctions against South Africa,sɑ͂ksjɔ͂
2283,géant,nadj,masculine,"giant, gigantic",un écran géant avait été installé face à la tribune,a giant screen was installed before the gallery,ʒeɑ͂
2284,jardin,nm,masculine,garden,la promenade au jardin le calma un peu,a stroll through the garden calmed him a little,ʒaʀdɛ͂
2285,nourriture,nf,feminine,food,"leur nourriture, c’est l’herbe",their food is grass,nuʀityʀ
2286,engendrer,v,,"to father, breed, generate",la violence engendre la violence,violence breeds violence,ɑ͂ʒɑ͂dʀe
2287,infrastructure,nf,feminine,infrastructure,les infrastructures sont dans une situation bien pire,the infrastructure is in a much worse condition,ɛ͂fʀastʀyktyʀ
2288,adversaire,"nm,nf",masc / fem,"opponent, adversary",on élimine son adversaire en le touchant,adversaries can be eliminated by touching them,advɛʀsɛʀ
2289,africain,nadj,masculine,African,il se sent avant tout africain,he feels most of all African,"afʀikɛ͂, ɛn"
2290,royal,adj,,royal,préfères-tu une escorte royale?,would you prefer a royal escort?,"ʀwajal, o"
2291,mobile,nadj(f),masculine,"mobile, portable",les organisateurs louent des toilettes mobiles,the organizers rented portable toilets,mɔbil
2292,significatif,adj,,significative,le mystère me paraît plus significatif que le secret,mysteries seem more significant to me than secrets,"siɲifikatif, -iv"
2293,circulation,nf,feminine,"circulation, traffic",la circulation des trains locaux a été suspendue,local train service has been suspended,siʀkylasjɔ͂
2294,cotisation,nf,feminine,subscription,les cotisations doivent augmenter,subscriptions must increase,kɔtizasjɔ͂
2295,entente,nf,feminine,"understanding, agreement",je sais quelle entente il y a entre Robert et toi,I know about the agreement you and Robert have,ɑ͂tɑ͂t
2296,cheveu,nm,masculine,hair,"elle avait de longs cheveux bouclés, toujours bien peignés","she had long curly hair, always well brushed",ʃ(ə)vø
2297,ralentir,v,,to slow down,je vais pas ralentir. je vais même accélérer,I’m not gonna slow down. I’m even gonna accelerate,ʀalɑ͂tiʀ
2298,cadeau,nm,masculine,"present, gift",je lui ai apporté un cadeau,I brought her a present,kado
2299,affirmation,nf,feminine,"assertion, affirmation",j’ai été étonnée de cette affirmation,I was stunned by this statement,afiʀmasjɔ͂
2300,requérir,v,,to require,cela requiert sans doute un certain effort,this will undoubtedly require some effort,ʀəkeʀiʀ
2301,destination,nf,feminine,destination,quelle est votre destination rêvée?,what is your dream destination?,dɛstinasjɔ͂
2302,stabilité,nf,feminine,stability,je veille à la stabilité du continent,I watch over the stability of the continent,stabilite
2303,louer,v,,"to rent, praise",elle pourrait louer une cabane au bord de la mer,she could rent a cabin by the seashore,lwe
2304,gars,nm(pl),masculine,guy,t’es un gars sympa,you’re a cool guy,gɑ
2305,fleur,nf,feminine,flower,on t’a apporté tes fleurs préférées,we’ve brought you your favorite flowers,flœʀ
2306,agriculteur,nm,masculine,farmer,j’ai moi-même été agriculteur,I was a farmer myself,"agʀikyltœʀ, -tʀis"
2307,poète,nm,masc / fem,poet,j’ai découvert que j’étais poète,I found out I was a poet,pɔɛt
2308,fabrication,nf,feminine,"manufacture, production","après ces deux échecs, la fabrication fut abandonnée","after these failures, production was abandoned",fabʀikasjɔ͂
2309,vin,nm,masculine,wine,"du vin, s’il vous plaît","wine, please",vɛ͂
2310,soudain,"adj,adv",,"sudden, suddenly",j’étais soudain libre,suddenly I was free,"sudɛ͂, ɛn"
2311,balle,nf,feminine,"ball, bullet",les balles sifflaient au-dessus d’eux,bullets were whining above them,bal
2312,inflation,nf,feminine,inflation,l’inflation est en train de devenir un problème,inflation is becoming a problem,ɛ͂flasjɔ͂
2313,sec,"adj,adv,nm",masculine,dry,j’ai les yeux secs,my eyes are dry,sɛk
2314,arrêté,nadj,masculine,"decree, order",cet arrêté prend effet à compter du 1 mai prochain,this decree will go into effect on May 1,aʀete
2315,enfermer,v,,to shut,il alla s’enfermer dans sa cabine sans dire un mot,without a word he went to shut himself inside his cubicle,ɑ͂fɛʀme
2316,abattre,v,,"to pull down, kill, beat",le jeune homme a été abattu par la police,the young man was killed by the police,abatʀ
2317,paysan,nadj,masculine,"farmer, peasant",je donnerais tout pour être un simple paysan,I would give anything to be a simple peasant boy,"peizɑ͂, an"
2318,transition,nf,feminine,transition,la transition a démobilisé les forces sociales,the transition demobilized the social forces,tʀɑ͂zisjɔ͂
2319,humanitaire,adj(f),,humanitarian,"l’aide humanitaire est, certes, nécessaire","humanitarian aide is, of course, necessary",ymanitɛʀ
2320,répandre,v,,"to spread, spill",la lumière du couloir se répandait dans la chambre,light from the hall spilled into the room,ʀepɑ͂dʀ
2321,adoption,nf,feminine,"adoption, passing",je propose l’adoption de cette motion,I propose to accept this motion,adɔpsjɔ͂
2322,adorer,v,,"to adore, worship",elle adorait sa grand-mère maternelle,she adored her maternal grandmother,adɔʀe
2323,appartement,nm,masculine,"appartment, flat",j’aimerais bien acheter un appartement,I would really like to buy an apartment,apaʀtəmɑ͂
2324,session,nf,feminine,session,il y a seulement eu une session de débriefing,there was only one debriefing session,sesjɔ͂
2325,entamer,v,,to start,nous entamons notre descente,we are beginning our descent,ɑ͂tame
2326,ménage,nm,masculine,"housekeeping, housework",j’ai un peu de ménage à faire pour l’instant,I have some housework I need to do now,menaʒ
2327,purement,adv,,purely,ma démarche est purement professionnelle,my interest is purely professional,pyʀmɑ͂
2328,enjeu,nm,masculine,stake,c’est un enjeu de taille pour les femmes,a great deal is at stake for women,ɑ͂ʒø
2329,passager,nadj,masculine,"passenger, temporary",les 287 passagers ont probablement tous péri,all the 287 passengers likely perished,"pɑsaʒe, -ɛʀ"
2330,transformation,nf,feminine,"transformation, change",la recherche scientifique est constamment en transformation,scientific research is constantly changing,tʀɑ͂sfɔʀmasjɔ͂
2331,calculer,v,,to calculate,j’ai conçu un autre ordinateur pour calculer cela,I designed another computer to calculate that,kalkyle
2332,misère,nf,feminine,"poverty, misery",il y a trop de misère et trop de crimes,there’s too much poverty and too much crime,mizɛʀ
2333,légèrement,adv,,"lightly, slightly",elle baissa légèrement la vitre,she slightly lowered the window,leʒɛʀmɑ͂
2334,écraser,v,,"to crush, grind",nous écraserons toute armée qu’on enverra contre nous,we will crush any army sent against us,ekʀɑze
2335,enrichir,v,,"to expand, enrich, make somebody rich",ces différences enrichissent notre pays,these differences enrich our country,ɑ͂ʀiʃiʀ
2336,restaurant,nm,masculine,restaurant,j’avais pensé l’emmener au restaurant,I thought about taking her out to the restaurant,ʀɛstɔʀɑ͂
2337,destin,nm,masculine,"fate, destiny",le destin joue parfois de sales tours,destiny sometimes plays dirty tricks,dɛstɛ͂
2338,discrimination,nf,feminine,discrimination,ils ont toujours été victime de discrimination,they have always been victims of discrimination,diskʀiminasjɔ͂
2339,certitude,nf,feminine,certainty,il est impossible de prévoir avec certitude où nous en arriverons,it’s impossible to foretell with certainty where we’ll end up,sɛʀtityd
2340,huile,nf,feminine,oil,faire chauffer l’huile dans une poêle,heat up the oil in a pan,ɥil
2341,sacré,nadj,,sacred,je dois vous charger d’une mission sacrée,I have to confer a sacred mission upon you,sakʀe
2342,autonomie,nf,feminine,autonomy,nous voulons conserver notre autonomie,we want to keep our autonomy,otonomi
2343,sac,nm,masculine,"bag, sack",tu as besoin de 4 sacs à dos de livres?,you need 4 backpacks of books?,sak
2344,stock,nm,masculine,"stock, to supply",il conserve et protège nos stocks de poisson,he keeps and protects our stock of fish,stɔk
2345,invoquer,v,,to call upon,le gouvernement tentera d’invoquer deux excuses,the government will try to make two excuses,ɛ͂vɔke
2346,compromettre,v,,to compromise,le premier ministre a compromis le processus de paix,the prime minister compromised the peace process,kɔ͂pʀɔmɛtʀ
2347,arracher,v,,"to pull up, tear up",ils lui ont arraché sa caméra,they yanked his camera away from him,aʀaʃe
2348,sombre,adj(f),,dark,la nuit était fort sombre,the night was very dark,sɔ͂bʀ
2349,barre,nf,feminine,"bar, rod","prends la barre! comme ça, tu tomberas pas",hold onto the bar! that way you won’t fall,baʀ
2350,contradiction,nf,feminine,contradiction,il y a une contradiction entre les deux,there’s a contradiction between the two,kɔ͂tʀadiksjɔ͂
2351,maîtriser,v,,"to control, overcome, master",il fallait aussi démontrer qu’on maîtrisait deux langues étrangères,we also had to demonstrate mastery of two foreign languages,metʀize
2352,violer,v,,"to rape, infringe",j’ai pas envie de me faire violer,I don’t want to get raped,vjɔle
2353,souveraineté,nf,feminine,sovereignty,nous avons abandonné la souveraineté sur notre propre monnaie,we abandoned the sovereignty of our own money,suv(ə)ʀɛnte
2354,épargner,v,,"to save, spare",j’espérais épargner cette infortune à mon fils,I was hoping to spare my son this misfortune,epaʀɲe
2355,concentration,nf,feminine,concentration,"il perd sa concentration, donc son sens",he loses his concentration and therefore his reason,kɔ͂sɑ͂tʀasjɔ͂
2356,téléphonique,adj(f),,telephone,le service téléphonique est un lien de sécurité,telephone service is a connection for safety,telefɔnik
2357,remise,nf,feminine,"presentation, delivery",c’est la remise en ordre du clan au pouvoir,it’s the overhauling of the clan in power,ʀ(ə)miz
2358,mec,nm,masculine,guy,"vous faites quoi les mecs, ce soir?",what are you guys doing tonight?,mɛk
2359,solidarité,nf,feminine,solidarity,y a-t-il une solidarité assez forte entre les groupes?,is there a fairly strong solidarity between groups?,sɔlidaʀite
2360,restreindre,v,,"to restrict, cut down, decrease",il a restreint les travaux du comité à trois jours,he restricted the committee’s work to three days,ʀɛstʀɛ͂dʀ
2361,décennie,nf,feminine,decade,cet objectif sera atteint en quelques décennies,this goal will be achieved in a few decades,deseni
2362,aussitôt,adv,,"straight away, immediately",on décida aussitôt de dîner ensemble,we immediately decided to have supper together,osito
2363,officiellement,adv,,officially,je suis officiellement une étudiante en première année,I am officially a first-year student,ɔfisjɛlmɑ͂
2364,chasser,v,,"to hunt, chase away",l’ennemi devait être chassé de chez nous,the enemy had to be chased from our home,ʃase
2365,dîner,"nm,v",masculine,dinner; to dine,le dîner sera bientôt prêt,supper will be ready soon,dine
2366,personnellement,adv,,personally,j’en ai fait personnellement l’expérience,I have had that experience myself,pɛʀsɔnɛlmɑ͂
2367,fréquenter,v,,"to frequent, go around with",je fréquente un homme riche,I’m dating a rich man,fʀekɑ͂te
2368,projeter,v,,"to plan, project, throw out",on va projeter un autre film,we’re going to show another film,pʀɔʒ(ə)te
2369,littéraire,nadj(f),,literary,la poésie est beaucoup plus qu’un genre littéraire,poetry is much more than a literary genre,liteʀɛʀ
2370,présider,v,,to preside,il présidait ses repas,he presided over her meals,pʀezide
2371,fortune,nf,feminine,fortune,elle ne dépendait ni de la fortune ni du succès,she depended neither on fortune nor on success,fɔʀtyn
2372,malheureux,nadj(pl),masculine,"unhappy, miserable",tu es l’homme le plus malheureux que je connaisse,you’re the most miserable man I know,"maløʀø, -øz"
2373,numérique,adj(f),masculine,numerical,il faut faire appel à des simulations numériques,we need to refer to digital simulations,nymeʀik
2374,combattant,"adj,nm",masculine,fighter,vous êtes les combattants les mieux entrainés,you are the best-trained combattants,"kɔ͂batɑ͂, ɑ͂t"
2375,soupçonner,v,,to suspect,"comme elle le soupçonnait, il souffrait de douleurs","since she suspected him, he suffered pain",supsɔne
2376,merde,"intj,nf",feminine,"sh*t, crap",je vois ton genou dans une merde de chien,I see your knee’s in a pile of dog sh*t,mɛʀd
2377,entrepreneur,nm,masculine,"contractor, entrepreneur",l’entrepreneur et le marchand détruisent la forêt,the entrepreneur and the merchant are destroying the forest,"ɑ͂tʀəpʀənœʀ, -øz"
2378,exposition,nf,feminine,"exhibition, show",ça sera ta meilleure exposition,this will be your best showing yet,ɛkspozisjɔ͂
2379,marchand,nadj,masculine,merchant,la marine marchande a été la clé de la victoire,the merchant marine was the key to victory,"maʀʃɑ͂, ɑ͂d"
2380,cri,nm,masculine,"shout, cry",sa déclaration a été saluée par des cris de joie,his declaration was greeted with shouts of joy,kʀi
2381,féminin,nadj,masculine,feminine,j’adore créer les personnages féminins,I love creating female characters,feminɛ͂
2382,désert,"adj,nm",masculine,"desert, wilderness",ils font fleurir le désert et fonctionner la démocratie,they’re making the desert blossom and democracy flourish,dezɛʀ
2383,vêtement,nm,masculine,"garment, item or article of clothing","ça, c’est un vêtement de marque",this is a brand-name piece of clothing,vɛtmɑ͂
2384,autrefois,adv,,in the past,nous nous sommes aimés autrefois,we loved each other once,otʀəfwɑ
2385,surmonter,v,,"to overcome, top, surmount",nous pouvons surmonter ces obstacles,we can overcome these obstacles,syʀmɔ͂te
2386,marchandise,nf,feminine,"merchandise, commodity",la marchandise s’est vendue de façon incroyable,the merchandise was sold out in an incredible manner,maʀʃɑ͂diz
2387,autochtone,nadj(f),masc / fem,"native, indigenous peoples",nous pouvons répondre aux préoccupations des autochtones,we can respond to the worries of the indigenous peoples,otokton
2388,continent,"adj,nm",masculine,continent,le continent africain souffre de tous les maux,the African continent suffers all the evils,kɔ͂tinɑ͂
2389,définitivement,adv,,"definitely, permanently, for good",je m’étais définitivement métamorphosée en enfant sage,I was permanently morphed into a well-behaved child,definitivmɑ͂
2390,heureusement,adv,,"fortunately, luckily","heureusement, nous venons juste d’arriver",luckily we have just arrived,øʀøzmɑ͂
2391,digne,adj(f),,"dignified, worthy",ce n’est pas digne d’une dame,that’s not something worthy of a woman,diɲ
2392,guide,"nm,nf",masculine,guide,"tout seul, sans guide?","alone, without a guide?",gid
2393,tabac,nm,masculine,tobacco,les odeurs de tabac vous gênent?,do tobacco smells bother you?,taba
2394,rendement,nm,masculine,"yield, output",elles ne donnent pas le même rendement de lait,they don’t produce the same yield of milk,ʀɑ͂dmɑ͂
2395,ampleur,nf,feminine,"extent, scope, range",une réflexion de grande ampleur s’impose,wide-ranging thought is needed,ɑ͂plœʀ
2396,pleinement,adv,,"fully, thoroughly",je suis pleinement d’accord avec elle,I fully agree with her,plɛnmɑ͂
2397,désastre,nm,masculine,disaster,le grand désastre était proche,a big disaster was looming,dezastʀ
2398,joli,adj,,"pretty, attractive",les jolies petites secrétaires ne mentent jamais,pretty little secretaries never tell a lie,ʒɔli
2399,promouvoir,v,,to promote,il est toujours plus facile de promouvoir la haine que de la combattre,it’s always easier to promote hate than to combat it,pʀɔmuvwaʀ
2400,écho,nm,masculine,echo,j’entendis l’écho d’un souvenir détesté,I heard the echo of a repugnant memory,eko
2401,fusion,nf,feminine,"fusion, melting, merging",ceci renforcera notre fusion organique,this will reinforce our structural incorporation,fyzjɔ͂
2402,innovation,nf,feminine,innovation,les entreprises maintiennent leurs efforts d’innovation,companies maintain their innovation efforts,inɔvasjɔ͂
2403,sélection,nf,feminine,selection,"notons que la sélection, dans ce contexte, signifie un tri","note that selection, in this context, implies sorting",selɛksjɔ͂
2404,confondre,v,,"to mix up, confuse","je confonds peut-être, avec d’autres bourses","I might be mixed up, with other stock markets",kɔ͂fɔ͂dʀ
2405,honnête,adj(f),,"honest, decent, fair",c’est un homme juste et honnête,he’s a just and honest man,ɔnɛt
2406,tournant,"adj,nm",masculine,"revolving, swivel, encircling, bend, turning point","c’est en ce moment, le tournant de ta vie",this moment is the turning point of your life,tuʀnɑ͂
2407,automobile,nadj(f),feminine,automobile,l’industrie automobile européenne est parfaitement compétitive,the European automobile industry is perfectly competitive,otomɔbil
2408,collectivité,nf,feminine,"community, group",les membres de la collectivité ont uni leurs efforts,the co-op’s members united their efforts,kɔlɛktivite
2409,record,nm,masculine,record,il avait atteint un nouveau record historique,he has set a new historic record,ʀ(ə)kɔʀ
2410,excessif,nadj,,"excessive, inordinate",votre réaction est un peu excessive,your reaction is somewhat excessive,"ɛksesif, -iv"
2411,ridicule,nadj(f),masculine,"ridiculous, silly",c’est ridicule. n’y pense même plus,that’s ridiculous. don’t even think about it any more,ʀidikyl
2412,modalité,nf,feminine,"mode, method, modality",il semble donc exister deux modalités de la vision,there seem to be two ways that seeing works,mɔdalite
2413,paquet,nm,masculine,packet,c’était un paquet de cigarettes anglaises,it was a pack of English cigarettes,pakɛ
2414,fondation,nf,feminine,foundation,les fondations seront conçues après étude du sol,the foundations will be formed after a soil study,fɔ͂dasjɔ͂
2415,terroriste,"nm,nf",masc / fem,terrorist,le président condamne cet attentat terroriste,the president condemned that terrorist attack,teʀɔʀist
2416,retrait,nadj,masculine,withdrawal,ces pays ont demandé un retrait volontaire des jouets,these countries demanded a voluntary recall of the toys,ʀ(ə)tʀɛ
2417,organe,nm,masculine,organ,"un peu jeune pour du trafic d’organes, non?","a little young to be trafficking in organs, hey?",ɔʀgan
2418,protocole,nm,masculine,"etiquette, protocol",ce protocole a permis de découvrir de nouveaux antigènes,this protocol enabled discovery of new antigens,pʀɔtɔkɔl
2419,apparition,nf,feminine,"appearance, apparition",l’araignée a fait une nouvelle apparition,the spider made a new appearance,apaʀisjɔ͂
2420,gain,nm,masculine,gain,c’est un gain net pour lui,it’s a clear gain for him,gɛ͂
2421,écran,nm,masculine,screen,ils voulaient installer un écran géant sur la place du village,they wanted to install a huge screen in the village square,ekʀɑ͂
2422,sonner,v,,to ring,une cloche sonna dans le lointain,bells rang in the distance,sɔne
2423,protester,v,,to protest,"leurs gosses, ils n’osent plus protester","their kids, they don’t dare protest any more",pʀɔtɛste
2424,curieux,nadj(pl),masculine,curious,j’étais trop curieuse,I was too curious,"kyʀjø, -jøz"
2425,effacer,v,,"to erase, clean","l’homme décide, la femme s’efface","the man decides, the woman demurs",efase
2426,débuter,v,,to start,la descente a débuté une demi-heure plus tard,the descent started a half-hour later,debyte
2427,creuser,v,,to dig,ils entreprennent de creuser un tunnel,they undertook the digging of a tunnel,kʀøze
2428,allusion,nf,feminine,allusion,le texte auquel vous faites allusion date de 1989,the text you are alluding to is dated 1989,a(l)lyzjɔ͂
2429,lancement,nm,masculine,launch,le lancement a été retardé par une météo défavorable,the launch was postponed because of bad weather,lɑ͂smɑ͂
2430,porteur,nm,masculine,"carrier, holder",je suis porteur d’une bonne nouvelle,I’m the bearer of good news,"pɔʀtœʀ, -øz"
2431,préalable,nadj(f),masculine,"prior, previous, preliminary, prerequisite",un inconnu avait au préalable averti le journal,an anonymous source had previously warned the newspaper,pʀealabl
2432,programmer,v,,"to program, schedule",ils mêleront sons acoustiques et program- més,they will mix acoustic and digital sounds,pʀɔgʀame
2433,traîner,v,,"to drag, pull",elle me traîna à travers le plancher,she dragged me across the floor,tʀene
2434,domicile,nm,masculine,"home, place of residence",j’ai eu une urgence à domicile,I had an emergency at home,dɔmisil
2435,oiseau,nm,masculine,bird,j’ai vu un oiseau faire son nid,I saw a bird making its nest,wazo
2436,quarante,"det,nmi",,forty,"j’ai quarante ans, elle en a vingt-cinq!","I’m forty years old, she’s twenty-five!",kaʀɑ͂t
2437,sacrifice,nm,masculine,sacrifice,la ville a prévu un sacrifice humain,the city was planning a human sacrifice,sakʀifis
2438,barrière,nf,feminine,"fence, barrier, gate",il est difficile de franchir la barrière linguistique et de dialoguer,it’s difficult to break the language barrier and to dialogue,baʀjɛʀ
2439,biais,nm(pl),masculine,"way, device; bias",nous devons attaquer ce problème par le biais de la législation,we must attack this problem by way of legislation,bjɛ
2440,feuille,nf,feminine,"leaf, sheet, slip",l’arbre porte quelques feuilles,the tree has some leaves,fœj
2441,délégation,nf,feminine,delegation,notre délégation a été accueillie à l’aéroport,our delegation was welcomed at the airport,delegasjɔ͂
2442,épuiser,v,,"to exhaust, tire out, wear out, use up",ils ont épuisé leurs ressources et veulent puiser dans les nôtres,they exhausted their resources and wanted to dip into ours,epɥize
2443,champion,nadj,masculine,champion,il deviendra un champion en un rien de temps,he will become a champion in no time,"ʃɑ͂pjɔ͂, -jɔn"
2444,librement,adv,,freely,seuls les piétons peuvent passer librement,only pedestrians can pass through freely,libʀəmɑ͂
2445,congé,nm,masculine,"holiday, time off, day off, notice","il vous faudra prendre un congé d’un mois, au moins","you will have to take one month’s vacation, at least",kɔ͂ʒe
2446,taxe,nf,feminine,tax,vous payez pas de taxes. vous payez pas d’impôts,you don’t pay taxes. you don’t pay duties.,taks
2447,onze,"det,nmi",,eleven,il était onze heures du soir,it was eleven o’clock at night,ɔ͂z
2448,téléphoner,v,,"to telephone, phone, call",j’ai essayé de vous téléphoner chez vous,I tried to telephone you at your place,telefɔne
2449,serrer,v,,"to tighten, squeeze",elle serre les mains,she clenches her fists,seʀe
2450,caractériser,v,,to characterize,une époque ne se caractérise pas seulement par ses idées,an era is not only characterized by its ideas,kaʀakteʀize
2451,préparation,nf,feminine,preparation,un document à ce sujet est en préparation,a document on this subject is in preparation,pʀepaʀasjɔ͂
2452,inverse,nadj(f),masculine,"opposite, reverse",c’est l’inverse de ce que tu m’as raconté,it’s the exact opposite of what you told me,ɛ͂vɛʀs
2453,intituler,v,,"to entitle, call",la séquence s’intitulera «Cinq minutes pour survivre»,the sequence was entitled “Five minutes of survival”,ɛ͂tityle
2454,possession,nf,feminine,"possession, ownership",il était en possession de matériel d’intérêt,he had targeted materials in his possession,pɔsesjɔ͂
2455,rejet,nm,masculine,rejection,le Soudan réaffirme son rejet absolu des menaces,the Sudan reiterates its categorial rejection of threats,ʀ(ə)ʒɛ
2456,enseignant,nadj,masculine,teacher,le métier d’enseignant n’est pas un métier comme les autres,the teacher’s job is like none other,"ɑ͂sɛɲɑ͂, ɑ͂t"
2457,avérer,v,,"to prove to be, turn out","cette explication s’avéra la bonne, par la suite",this explanation turned out the be the right one,aveʀe
2458,papa,nm,masculine,"dad, daddy",je t’aime aussi papa,I love you too daddy,papa
2459,collaborateur,nm,masculine,"associate, fellow worker, contributor, collaborator",je remercie donc tous les collaborateurs,so I thank all of the collaborators,"ko(l)labɔʀatœʀ, -tʀis"
2460,gêner,v,,"to bother, trouble","tu vois, tu gênes tout le monde","you see, you bother everybody",ʒene
2461,technicien,nm,masculine,technician,"il faut des experts, des techniciens","we need experts, technicians","tɛknisjɛ͂, jɛn"
2462,cycle,nm,masculine,cycle,le cycle de la violence peut être enrayé,the cycle of violence can be broken,sikl
2463,accumuler,v,,"to accumulate, amass, store, stockpile",les bombes atomiques s’accumulent,atomic bombs are being stockpiled,akymyle
2464,sauvage,nadj(f),masc / fem,"savage, wild",c’étaient des oiseaux sauvages,they were wild birds,sovaʒ
2465,alcool,nm,masculine,alcohol,limitez votre consommation d’alcool et de sucre,limit your intake of alcohol and sugar,alkɔl
2466,prétexte,"nadj(f),nm",masculine,pretext,je pris prétexte de mon travail pour suspendre ces séances,I used my job as an excuse to stop these meetings,pʀetɛkst
2467,impressionnant,adj,,"impressive, upsetting",la science évolue à une vitesse impressionnante,science is evolving at an impressive speed,"ɛ͂pʀesjɔnɑ͂, ɑ͂t"
2468,scénario,nm,masculine,"scenario, script","j’ai reçu le scénario, je l’ai lu et j’ai adoré","I received the screenplay, I read it, and I loved it","senaʀjo, senaʀi"
2469,électricité,nf,feminine,electricity,tu t’y connais en électricité? non,do you know anything about electricity? no,elɛktʀisite
2470,gratuit,adj,,"free, gratuitous, unwarranted","hé, un spectacle gratuit!","hey, a free show!","gʀatɥi, ɥit"
2471,révolutionnaire,nadj(f),masc / fem,revolutionary,je veux mourir en révolutionnaire,I want to die as a revolutionary,ʀevɔlysjɔnɛʀ
2472,jambe,nf,feminine,leg,"elle s’assit, croisa les jambes, alluma une cigarette","she sat, crossed her legs, lit a cigarette",ʒɑ͂b
2473,insuffisant,adj,,"insufficient, inadequate",ce que nous avons accompli reste insuffisant,what we accomplished is still inadequate,"ɛ͂syfizɑ͂, ɑ͂t"
2474,privilège,nm,masculine,privilege,nous avons des droits et des privilèges,we have rights and privileges,pʀivilɛʒ
2475,week-end,nm,masculine,weekend,"que fais-tu, ce week-end?",what are you doing this weekend?,wikɛnd
2476,équivalent,nadj,masculine,equivalent,cela n’a pas d’équivalent avec les autres pays,this has no equivalent in the other countries,ekivalɑ͂
2477,regrouper,v,,"to group together, regroup",le ministre des Finances a regroupé tout ça dans un seul programme,the finance minister regrouped all of that in a single program,ʀ(ə)gʀupe
2478,invité,nm,masculine,guest,les invités les plus attendus ne sont pas venus,the most-anticipated guests didn’t show up,ɛ͂vite
2479,militant,nadj,masculine,militant,nous ne sommes militants d’aucune organisation politique,we are not the militants of any political organization,"militɑ͂, ɑ͂t"
2480,participant,nadj,masculine,participant,il y avait une cinquantaine de participants,there were some fifty participants,"paʀtisipɑ͂, ɑ͂t"
2481,blessure,nf,feminine,"injury, wound",ces problèmes sociaux sont des blessures qui ne sont pas encore guéries,these social problems are wounds that remain unhealed,blesyʀ
2482,privilégier,v,,to favour,il refuse de privilégier les insurgés cubains!,he refuses to legitimize the Cuban insurgents,pʀivileʒje
2483,midi,nm,masculine,noon,mon père rentre pour le repas de midi,my father’s going home for lunch,midi
2484,disque,nm,masculine,disc,nous écoutions des disques en buvant du whisky,we listened to records while drinking whisky,disk
2485,couche,nf,feminine,"layer, coat",la couche d’ozone n’était pas menacée,the ozone layer wasn’t threatened,kuʃ
2486,dater,v,,to date,le dernier film concerné date de 1990,the last relevant film was made in 1990,date
2487,habituer,v,,"to accustom, get used to","on s’habitue à tout, quand on est obligé",you can get used to anything when you have to,abitɥe
2488,inévitable,adj(f),,"unavoidable, inevitable",le terrorisme n’est jamais inévitable,terrorism is never inevitable,inevitabl
2489,recommencer,v,,"to resume, start again","recommence depuis le début, s’il te plaît","start again from the beginning, please",ʀ(ə)kɔmɑ͂se
2490,race,nf,feminine,"breed, race",elle n’est pas de ta race,she’s not of your race,ʀas
2491,vivement,adv,,"sharply, brusquely, lively",le groupe socialiste soutient vivement tous les amendements,the socialist group strongly supports all the amendments,vivmɑ͂
2492,beauté,nf,feminine,beauty,je veux leur montrer la beauté de ma langue,I want to show them the beauty of my language,bote
2493,atmosphère,nf,feminine,atmosphere,j’aime bien l’atmosphère des pubs,I really like the atmosphere in pubs,atmɔsfɛʀ
2494,épaule,nf,feminine,shoulder,je déteste regarder par-dessus mon épaule,I hate looking back over my shoulder,epol
2495,amoureux,nadj(pl),masculine,"in love, amorous","moi, j’ai toujours été amoureux de toi",I have always been in love with you,"amuʀø, -øz"
2496,circonscription,nf,feminine,"district, constituency",je viens d’une circonscription qui repose sur l’industrie de la forêt,I come from an electoral district that relies on the forest industry,siʀkɔ͂skʀipsjɔ͂
2497,debout,adv,,standing,"je ne peux pas rester debout, sans rien faire","I can’t remain standing, doing nothing",d(ə)bu
2498,influencer,v,,to influence,je n’influence pas la politique,I don’t influence politics,ɛ͂flyɑ͂se
2499,recul,nm,masculine,"backward movement, setback, slip","sur un an, le recul du chômage atteint 5 %","in one year, the slip in unemployment reaches 5%",ʀ(ə)kyl
2500,mortel,nadj,masculine,"mortal, deadly, lethal",nous ne sommes que mortels. nous sommes tous humains,we’re only mortals. we’re all humans.,mɔʀtɛl
2501,flux,nm(pl),masculine,flow,les flux mondiaux de migration se sont énormément développés,worldwide migration flows have developed enormously,fly
2502,horizon,nm,masculine,"horizon, skyline",mes yeux parcoururent cet horizon désert,my eyes surveyed this desert horizon,ɔʀizɔ͂
2503,délivrer,v,,"to set free, rid, relieve",il était temps de se délivrer de ce poids,it was time to get rid of that burden,delivʀe
2504,subvention,nf,feminine,subsidy,nous accordons des subventions à l’industrie,we provide subsidies to industry,sybvɑ͂sjɔ͂
2505,formel,adj,,"formal, definite","la morale, quand elle est formelle, dévore","morality, when it is formal, devours",fɔʀmɛl
2506,aggraver,v,,"to worsen, aggravate",tous ces facteurs aggravent la situation,all of these factors aggravate the situation,agʀave
2507,lait,nm,masculine,milk,va prendre un verre de lait et fais tes devoirs,go get a glass of milk and do your homework,lɛ
2508,alimenter,v,,"to feed, supply",j’alimentais ma peur en mangeant,I fed my fears by eating,alimɑ͂te
2509,intelligent,adj,,"intelligent, clever, bright",c’est un gars très intelligent,he’s a very intelligent guy,"ɛ͂teliʒɑ͂, ʒɑ͂t"
2510,équilibrer,v,,to balance,"pour être équilibrées, elles doivent être négociées","to be balanced, they have to be negotiated",ekilibʀe
2511,bibliothèque,nf,feminine,library,il y avait une grande bibliothèque,there was a large library there,biblijɔtɛk
2512,absurde,nadj(f),masculine,absurd,cela semble tout à fait absurde,this seems completely absurd,apsyʀd
2513,océan,nm,masculine,ocean,il repose au fond de l’océan,it’s sitting on the bottom of the ocean,ɔseɑ͂
2514,quelques-uns,pro,masculine-plural,"some, a few",j’ai retrouvé quelques-uns de ces poèmes,I recovered some of these poems,"kɛlkəzœ͂, kɛlkəzyn"
2515,dicter,v,,"to dictate, lay down","écris ce que je te dicte, mot pour mot","write down what I dictate to you, word for word",dikte
2516,tenant,nadj,masculine,"tenant; incumbent, holder","à ma gauche, le tenant du titre","on my left, the record-holder","tənɑ͂, ɑ͂t"
2517,stable,adj(f),,stable,l’univers est stable et l’homme y aura toujours sa place,the universe is stable and mankind will always have its place,stabl
2518,capitaine,nm,masc / fem,captain,il est mort. le capitaine est mort,he died. the captain is dead,kapitɛn
2519,solliciter,v,,"to request, solicit, appeal",elle sollicite un visa pour aller à La Mecque,she applied for a visa to go to Mecca,sɔlisite
2520,convoquer,v,,"to call, summon",vous serez convoquée au commissariat,you will be summoned to the police office,kɔ͂vɔke
2521,prévention,nf,feminine,"prevention, custody",nous faisons de la prévention auprès des jeunes enfants,we’re being preventive with our young children,pʀevɑ͂sjɔ͂
2522,terrestre,adj(f),,"land, earth",les frontières terrestres et les aéroports sont fermés,the border crossings and airports are closed,teʀɛstʀ
2523,utilisateur,nadj,masculine,user,éditez le dictionnaire utilisateur pour le réduire à 10.000 mots maximum,"edit the user dictionary to reduce it to at most 10,000 words","ytilizatœʀ, -tʀis"
2524,obligatoire,adj(f),,"mandatory, compulsory",la quarantaine est obligatoire,the forty- hour work week is mandatory,ɔbligatwaʀ
2525,terminal,nadj,masculine,terminal,il demande une nouvelle retransmission au terminal sémaphore distant,it requires a new retransmission to the remote signal terminal,"tɛʀminal, o"
2526,choquer,v,,"to shock, offend, shake, disturb","personnellement, ces mesures ne me choquent pas","personally, these measures don’t shock me",ʃɔke
2527,primaire,nadj(f),,primary,un hôpital et une école primaire ont été détruits,a hospital and an elementary school were destroyed,pʀimɛʀ
2528,vital,adj,,vital,surveille les signes vitaux,keep an eye on the vital signs,"vital, o"
2529,destinée,nf,feminine,"fate, destiny","notre destination, c’est aussi notre destinée",our destination is also our destiny,dɛstine
2530,patrimoine,nm,masculine,"heritage, assets",vous voulez protéger une partie de votre patrimoine,you want to protect a part of your heritage,patʀimwan
2531,conforme,adj(f),,conform,la construction était conforme aux plans produits,the construction followed the specifications,kɔ͂fɔʀm
2532,adjoint,nadj,masculine,"assistant, deputy","choisissez un adjoint. deux, si besoin est",choose an assistant. two if there’s a need,"adʒwɛ͂, wɛ͂t"
2533,ultime,adj(f),,ultimate,cette station est à présent l’ultime puissance de l’univers,this station is currently the ultimate power of the universe,yltim
2534,intégration,nf,feminine,integration,les immigrants ont payé leur intégration au prix fort,the immigrants payed dearly for their integration,ɛ͂tegʀasjɔ͂
2535,rarement,adv,,"rarely, seldom",ma mère me punissait rarement,my mother rarely punished me,ʀɑʀmɑ͂
2536,couler,v,,"to flow, run, sink",elle regardait silencieusement couler ces larmes,she watched tears flow silently,kule
2537,diversité,nf,feminine,diversity,"la richesse de la France, c’est sa diversité culturelle",France’s richness is its cultural diversity,divɛʀsite
2538,amuser,v,,to amuse,il faut s’amuser un peu dans la vie,you have to have a little fun in life,amyze
2539,complémentaire,adj(f),,"complementary, supplementary",j’ai des informations additionnelles et complémentaires à fournir,I have additional and complementary information to present,kɔ͂plemɑ͂tɛʀ
2540,satisfaisant,adj,,"satisfactory, satisfying",je ne trouvais pas d’emploi satisfaisant en région,I wasn’t finding any satisfying work in the area,"satisfəzɑ͂, ɑ͂t"
2541,accueil,nm,masculine,"welcome, reception",l’émission a reçu un très bon accueil,the broadcast was very well received,akœj
2542,camion,nm,masculine,truck,ils ont trouvé le camion stationné à l’extérieur,they found the truck parked outside,kamjɔ͂
2543,douloureux,adj(pl),,"painful, grievous, distressing",les témoignages étaient douloureux à entendre,the testimony was sometimes painful to listen to,"duluʀø, -øz"
2544,glisser,v,,"to slide, slip",il glisse sa main dans sa poche,he slips his hand into his pocket,glise
2545,prêtre,nm,masculine,priest,le prêtre lève alors les bras au ciel,then the priest raises his arms to the heavens,"pʀɛtʀ, -ɛs"
2546,indication,nf,feminine,indication,suis mes indications à la lettre,follow my instructions precisely,ɛ͂dikasjɔ͂
2547,exagérer,v,,"to exaggerate, overdo",peut-être a-t-on tout simplement exagéré,maybe we just exaggerated,ɛgzaʒeʀe
2548,décès,nm(pl),masculine,death,le suicide est une forme de décès,suicide is a form of death,desɛ
2549,parisien,nadj,masculine,Parisian,"ils vivent en France, banlieue parisienne","they live in France, in the Paris suburbs","paʀizjɛ͂, jɛn"
2550,psychologique,adj(f),,psychological,"son état était psychologique, pas physique","his condition was psychological, not physical",psikolɔʒik
2551,réviser,v,,"to review, revise, overhaul",j’ai révisé votre plan de vol,I revised your flight plan,ʀevize
2552,profil,nm,masculine,"profile, outline, contour",il n’a pas le profil du Père Noël,he doesn’t have the profile of Santa Claus,pʀɔfil
2553,rater,v,,"to miss, misfire",vous avez raté tout l’opéra,you missed the whole opera,ʀate
2554,respectif,adj,,respective,nous ne parlerons plus de nos amours respectives,we will no longer speak of our respective loves,"ʀɛspɛktif, -iv"
2555,tranquille,adj(f),,quiet,"laisse-le tranquille, reste tranquille","leave it alone, settle down",tʀɑ͂kil
2556,registre,nm,masculine,"log, register, registry",nous avons réclamé un registre des délinquants sexuels,we have called for a sexual offenders registry,ʀəʒistʀ
2557,contemporain,nadj,masculine,contemporary,ce n’était pas un langage contemporain,it wasn’t a modern language,"kɔ͂tɑ͂pɔʀɛ͂, ɛn"
2558,exclusif,nadj,,"exclusive, sole",je suis son amour exclusif,I’m his only love,"ɛksklyzif, -iv"
2559,performance,nf,feminine,performance,la performance d’hier est simplement fa-bu- leu-se,yesterday’s performance was simply fa-bu-lous!,pɛʀfɔʀmɑ͂s
2560,angle,nm,masculine,"angle, point of view",on a fait l’analyse sous deux angles,the analysis was made from two angles,ɑ͂gl
2561,divorce,nm,masculine,divorce,70 % des divorces sont motivés par la toxicomanie du conjoint,70% of divorces are caused by drug addiction,divɔʀs
2562,fermeture,nf,feminine,closing,c’est l’heure de fermeture. la piscine est fermée,it’s closing time. the pool’s closed,fɛʀmətyʀ
2563,affaiblir,v,,to weaken,"il ne mange rien, il s’affaiblit","he’s not eating anything, he’s weakening",afebliʀ
2564,constamment,adv,,"constantly, continuously, consistent",notre corps bouge constamment,our body moves constantly,kɔ͂stamɑ͂
2565,horreur,nf,feminine,horror,j’ai horreur des silences pesants,I abhor pregnant silence,ɔʀœʀ
2566,envahir,v,,"to invade, overrun",un désespoir sinistre envahissait son esprit,a dark despair invaded her mind,ɑ͂vaiʀ
2567,pétrolier,nadj,masculine,oil; oil tanker,des dizaines de sites pétroliers sont occupés,dozens of oil rigs have been occupied,petʀɔlje
2568,faculté,nf,feminine,"ability, right, option; faculty, university",sa faculté de travail est énorme,his capacity for work is enormous,fakylte
2569,brillant,"adj,nm",masculine,brilliant,"en plus, c’est une personnalité brillante, intelligente, sympathique","moreover, he’s a brilliant, intelligent, likable person",bʀijɑ͂
2570,pacte,nm,masculine,"pact, treaty",il y avait un pacte entre nous,there was a pact between us,pakt
2571,suspect,nadj,masculine,"suspicious, suspect",les suspects sont armés et très dangereux,the suspects are armed and very dangerous,"syspɛ, ɛkt"
2572,lent,adj,,slow,un prêtre s’avance à pas lents,a priest walked slowly forward,"lɑ͂, lɑ͂t"
2573,assistance,nf,feminine,"attendance, assistance",il a été chaudement applaudi par l’assistance,he was warmly applauded by the audience,asistɑ͂s
2574,négliger,v,,to neglect,il ne faut négliger absolument aucun détail,absolutely no detail must be overlooked,negliʒe
2575,injuste,adj(f),,"unfair, unjust",ce qui leur arrive ainsi est injuste,what happens to them is unjust,ɛ͂ʒyst
2576,plaider,v,,to plead,il vous a envoyé plaider sa cause?,he sent you to plead his case?,plede
2577,récompenser,v,,"to reward, recompense",il récompensait mes efforts d’un compli- ment,he rewarded my efforts with a compliment,ʀekɔ͂pɑ͂se
2578,suppression,nf,feminine,"deletion, suppression",Lucent avait annoncé la suppression de 900 emplois,Lucent announced a reduction of 900 jobs,sypʀesjɔ͂
2579,coupure,nf,feminine,"cut, cutting",il y a eu une coupure de courant,there was a power blackout,kupyʀ
2580,glace,nf,feminine,"ice, ice cream; mirror",j’aime manger des glaces,I like eating ice cream cones,glas
2581,gare,"intj,nf",feminine,"station, railway station; beware",on retrouve le mec à la gare,the guy was found at the train station,gaʀ
2582,drapeau,nm,masculine,flag,le drapeau est plus qu’un simple bout de tissu,the flag is more than a simple piece of cloth,dʀapo
2583,réparer,v,,"to repair, fix, correct, make up",il est plombier. il répare les conduites d’eau,he’s a plumber—he repairs water pipes,ʀepaʀe
2584,sensibilité,nf,feminine,"sensitivity, sensibility",mettons ta sensibilité à l’épreuve,let’s put your good sense to the test,sɑ͂sibilite
2585,jaune,"adv,nadj(f)",masculine,yellow,ils regardent avec confiance les murs jaunes,they look confidently at the yellow walls,ʒon
2586,existant,adj,masculine,existing,cela constitue une atteinte aux traités existants,this is an attack on existing treaties,"ɛgzistɑ͂, ɑ͂t"
2587,procureur,nm,masculine,prosecutor,"Michael était procureur adjoint, à l’époque",Michael was a deputy prosecutor at the time,"pʀɔkyʀœʀ, pʀɔkyʀatʀis"
2588,informatique,nadj(f),feminine,"computer science, computing",je veux faire mon bac en informatique,I want to get a bachelor’s degree in computer science,ɛ͂fɔʀmatik
2589,restriction,nf,feminine,restriction,nous sommes aussi en faveur de cette restriction,we’re also in favor of this restriction,ʀɛstʀiksjɔ͂
2590,pacifique,adj(f),,"peaceful, peace-loving",il est retombé dans l’Océan pacifique,it sank into the Pacific Ocean,pasifik
2591,bête,nadj(f),feminine,"animal, beast; stupid",laissez cette petite bête tranquille,let this little critter alone,bɛt
2592,indicateur,nadj,masculine,indicator,on se réfère aux indicateurs entrée des commandes,check the data input lights,ɛ͂dikatœʀ
2593,racine,nf,feminine,root,il n’a jamais oublié ses racines,he never forgot his roots,ʀasin
2594,compenser,v,,"to compensate for, make up for",le gouvernement entend-il compenser totalement ces pertes?,does the government intend to totally compensate for these losses?,kɔ͂pɑ͂se
2595,maritime,adj(f),,maritime,je viens d’une ville maritime,I come from a maritime city,maʀitim
2596,gravité,nf,feminine,"seriousness, solemnity, graveness, gravity","la gravité, ce n’est pas vraiment mon style",seriousness is not really my style,gʀavite
2597,pénétrer,v,,to penetrate,il est très difficile de pénétrer dans le monde des vraies gitanes,it’s very difficult to penetrate the world of real Gypsies,penetʀe
2598,civilisation,nf,feminine,civilization,on cherchait des signes de civilisation,we were looking for signs of civilization,sivilizasjɔ͂
2599,rouler,v,,to roll,il est difficile de réfléchir en roulant,it’s difficult to reflect on things while driving,ʀule
2600,technologique,adj(f),,technological,il en résultera un influx technologique,this will result in a technological explosion,tɛknɔlɔʒik
2601,heurter,v,,"to strike, hit, collide",j’ai heurté la voiture de ma femme,I collided with my wife’s car,ˊœʀte
2602,football,nm,masculine,"football, soccer",j’ai beaucoup joué au football,I played a lot of soccer,futbol
2603,décevant,adj,,disappointing,je trouvais très décevants les commentaires de nos journaux,I was very disappointed by the commentary in our newspapers,"des(ə)vɑ͂, ɑ͂t"
2604,législation,nf,feminine,legislation,une législation européenne serait libérale par définition,a European law would be liberal by definition,leʒislasjɔ͂
2605,approprier,v,,"to adapt, appropriate, take over",dommage que les touristes anglais se l’approprient,too bad the English tourists have taken it over,apʀɔpʀije
2606,tactique,nadj(f),feminine,"tactics, tactical",les Allemands avaient changé de tactique,the Germans changed tactics,taktik
2607,thèse,nf,feminine,"thesis, argument",vous avez publié cette thèse?,did you publish this thesis?,tɛz
2608,acceptable,adj(f),,"acceptable, satisfactory",une personne doit avoir un revenu acceptable,a person must have a decent income,aksɛptabl
2609,surgir,v,,to spring up,de Transylvanie surgit un chevalier roumain,from Transylvania a Romanian knight suddenlyappeared,syʀʒiʀ
2610,prince,nm,masculine,prince,je suis une princesse et je dois épouser un prince,I’m a princess and I must marry a prince,"pʀɛ͂s, pʀɛ͂sɛs"
2611,vidéo,"adji,nf",feminine,video,montre-lui tes nouveaux jeux vidéo,show him your new video games,video
2612,semer,v,,"to sow, scatter, spread",ça sème la confusion dans l’esprit des gens,it sows confusion in people’s minds,s(ə)me
2613,créateur,nadj,masculine,creator,il faut que les créateurs d’entreprises deviennent des employeurs,entrepreneurs must become employers,"kʀeatœʀ, -tʀis"
2614,partenariat,nm,masculine,partnership,nous pouvons renforcer notre partenariat,we can strenghten our partnership,paʀtənaʀja
2615,file,nf,feminine,"line, queue",les fichiers seront placés dans la file d’attente,the files were placed in the queue,fil
2616,chômeur,nm,masculine,unemployed person,je me suis retrouvé plus ou moins chômeur,I found myself more or less unemployed,"ʃomœʀ, -øz"
2617,correct,adj,,correct,"d’accord, ça me paraît correct","OK, that seems correct to me",kɔʀɛkt
2618,cuisine,nf,feminine,"cooking, kitchen",je croyais que tu aimais la cuisine chinoise,I thought you liked Chinese food,kɥizin
2619,succéder,v,,"to succeed, take over",il est extrêmement difficile de lui succéder,it’s extremely difficult to take over his position,syksede
2620,royaume,nm,masculine,kingdom,"au début, son royaume était de taille moyenne","at first, his kingdom was of average size",ʀwajom
2621,rebelle,nadj(f),masc / fem,"rebel, rebellious",la bande rebelle n’échappera pas à la justice,the rebel band will not escape justice,ʀəbɛl
2622,provenance,nf,feminine,"origin, strange",les investissements en provenance de l’extérieur diminuent,investments from abroad are decreasing,pʀɔv(ə)nɑ͂s
2623,fumer,v,,to smoke,j’ai déjà fumé deux cigarettes,I had already smoked two cigarettes,fyme
2624,dessin,nm,masculine,"drawing, pattern, design",vous aimez les dessins animés?,do you like cartoons?,desɛ͂
2625,viande,nf,feminine,meat,"depuis, je ne mange plus de viande","since then, I don’t eat any meat",vjɑ͂d
2626,paramètre,nm,masculine,parameter,le commutateur d’origine fixe les paramètres,the master switch sets the parameters,paʀamɛtʀ
2627,gré,nm,masculine,liking,je vous sais gré de votre compréhension,I am grateful that you have understood,gʀe
2628,dessous,"adv,nm(pl),prep",masculine,"underneath, below, bottom, underside",il retira la main de dessous sa chemise,he pulled his hand out from underneath his shirt,d(ə)su
2629,voyageur,nadj,masculine,traveler,c’est un voyageur chevronné,he’s an accomplished traveler,"vwajaʒœʀ, -ʒøz"
2630,réaliste,nadj(f),,"realist, realistic",la reproduction est absolument réaliste,the reproduction is absolutely realistic,ʀealist
2631,condamnation,nf,feminine,condemnation,le jury doit prononcer sa condamnation vendredi,the jury must sentence him on Friday,kɔ͂dɑnasjɔ͂
2632,similaire,adj(f),,similar,les relevés indiquent une atmosphère similaire à la nôtre,the statements point to an atmosphere similar to ours,similɛʀ
2633,employeur,nm,masculine,employer,l’employeur et les employés ont tous deux contribué,both the employers and the employees contributed,"ɑ͂plwajœʀ, -jøz"
2634,paysage,nm,masculine,"landscape, scenery, countryside",ma bibliothèque est mon paysage mental,my library is my mental countryside,peizaʒ
2635,discret,adj,,"discreet, tactful, quiet",ils voulaient un mariage discret,they wanted to have a low-key marriage,"diskʀɛ, -ɛt"
2636,longueur,nf,feminine,length,la longueur d’un document d’opérateur est arbitraire,the length of an operator’s manual is arbitrary,lɔ͂gœʀ
2637,lentement,adv,,slowly,il se mit à rouler lentement le long du trottoir,he started rolling slowly along the sidewalk,lɑ͂tmɑ͂
2638,miracle,nm,masculine,miracle,les miracles arrivent tous les jours,miracles happen every day,miʀɑkl
2639,déboucher,v,,"to unblock, uncork",il déboucha la bouteille et nous servit,he uncorked the bottle and served us,debuʃe
2640,illégal,adj,,illegal,je veux m’assurer que cela devienne illégal,I want to be sure that this becomes illegal,"i(l)legal, o"
2641,expansion,nf,feminine,expansion,on est dans une ère d’expansion,we’re in an era of expansion,ɛkspɑ͂sjɔ͂
2642,mutuel,adj,,mutual,c’est un accord obtenu par consentement mutuel,it’s an agreement obtained by mutual consent,mytɥɛl
2643,sage,nadj(f),masculine,"wise, good, sound, sensible",vous avez pris une sage décision,you have made a wise decision,saʒ
2644,commandement,nm,masculine,"command, order, commandment",vous avez transgressé le premier commande- ment,you have broken the first command- ment,kɔmɑ͂dmɑ͂
2645,correspondant,nadj,masculine,correspondent,pas un envoyé spécial mais un correspon- dant permanent,not a special envoy but a permanent correspondent,"kɔʀɛspɔ͂dɑ͂, ɑ͂t"
2646,grimper,v,,"to climb, go up",tu peux grimper à la corde?,can you climb a rope?,gʀɛ͂pe
2647,pause,nf,feminine,"break, pause",nous allons prendre une pause pour le déjeuner,we’re going to take a break for lunch,poz
2648,répartition,nf,feminine,"distribution, spreading",je suis pour la répartition des tâches,I’m for dividing up the tasks,ʀepaʀtisjɔ͂
2649,sacrifier,v,,"to sacrifice, give away",il sacrifiera sa vie pour sauver la tienne,he sacrificed his life to save yours,sakʀifje
2650,chimique,adj(f),,chemical,aujourd’hui ce qui est chimique est ressenti comme dangereux,today what’s chemical is felt to be dangerous,ʃimik
2651,compétition,nf,feminine,competition,la compétition est donc très ouverte et féroce,the competition is thus very open and ferocious,kɔ͂petisjɔ͂
2652,combiner,v,,"to combine, devise",vous avez réussi à combiner écologie et rentabilité,you have succeeded in combining ecology and profitability,kɔ͂bine
2653,touriste,"nm,nf",masc / fem,tourist,suis-moi et joue les touristes,follow me and pretend to be tourists,tuʀist
2654,ravir,v,,"to delight, rob",je suis ravi de vous voir,I’m thrilled to see you,ʀaviʀ
2655,pardon,nm,masculine,forgiveness,je suis venu pour te demander pardon,I came to ask your forgiveness,paʀdɔ͂
2656,filet,nm,masculine,"dribble, trickle, wisp, streak, thread, fillet, net",le navire a même coupé ses filets,the boat even cut his nets,filɛ
2657,atomique,adj(f),,atomic,comment survivre à une attaque atomique?,how can one survive an atomic attack?,atɔmik
2658,contribuable,"nm,nf",masc / fem,taxpayer,ces études sont financées par les con- tribuables,these studies are financed by the taxpayers,kɔ͂tʀibɥabl
2659,progressivement,adv,,progressively,il commença à perdre progressivement la vue,he gradually began to lose his sight,pʀɔgʀesivmɑ͂
2660,progression,nf,feminine,progression,ces capacités sont en faible progression,these capacities are progressing weakly,pʀɔgʀɛsjɔ͂
2661,nez,nm(pl),masculine,nose,le sang coulait de son nez sur ses vêtements,blood flowed from his nose onto his clothing,ne
2662,antérieur,nadj,,"previous, earlier, front",j’ai connu le système judiciaire antérieur,I knew the previous judiciary system,ɑ͂teʀjœʀ
2663,inacceptable,adj(f),,unacceptabe,"selon nous, c’est totalement inacceptable","according to us, that’s totally unacceptable",inaksɛptabl
2664,progressif,adj,,progressive,nous avons effectivement un système progressif,we do indeed have a progressive system,"pʀɔgʀesif, -iv"
2665,adhésion,nf,feminine,"membership, support",l’adhésion des États candidats à l’Union européenne,membership of the candidate states in the European Union,adezjɔ͂
2666,portrait,nm,masculine,"portrait, photograph",il nous dit que nous sommes les portraits de Dieu,he told us we are portraits of God,pɔʀtʀɛ
2667,détailler,v,,to detail,j’ai reçu une lettre détaillée,I received a detailed letter,detaje
2668,valable,adj(f),,valid,"comme toute histoire valable, celle-ci concerne une fille","like every worthwhile story, this one is about a girl",valabl
2669,coordination,nf,feminine,coordination,la coordination est considérée comme un problème de gestion,coordination is considered a management problem,kɔɔʀdinasjɔ͂
2670,sportif,nadj,masculine,"sports, athletic, competitive",il est jeune et sportif,he’s young and athletic,"spɔʀtif, -iv"
2671,rose,"nadj(f),nf",masc / fem,rose; pink,j’ai regardé le ciel tout rose derrière les arbres noirs,I watched the pink sky with black trees in the foreground,ʀoz
2672,quête,nf,feminine,"quest, pursuit, collection","au lycée, la quête de popularité est une guerre","in high school, the pursuit of popularity is warfare",kɛt
2673,compromis,nm(pl),masculine,"compromise, agreement",la vie est un compromis,life is a compro- mise,kɔ͂pʀɔmi
2674,investisseur,nm,masculine,investor,les investisseurs semblaient satisfaits par les résultats,the investors seemed satisfied by the results,ɛ͂vɛstisœʀ
2675,présumer,v,,"to presume, assume",je présume que vous êtes carnivore,I assume you’re a carnivore,pʀezyme
2676,abandon,nm,masculine,"abandonment, desertion, withdrawal",c’est ce qu’on appelle un abandon de poste,that’s what you call dereliction of duty,abɑ͂dɔ͂
2677,identique,adj(f),,identical,les circonstances sont identiques,the circumstances are identical,idɑ͂tik
2678,exploser,v,,"to explode, blow up",trois bombes ont successivement explosé mercredi matin,three bombs exploded successively Wednesday morning,ɛksploze
2679,mensonge,nm,masculine,lie,j’en ai marre de vos mensonges,I’m fed up with your lies,mɑ͂sɔ͂ʒ
2680,défaite,nf,feminine,defeat,"malgré la défaite, la foule a ovationné l’équipe","in spite of the defeat, the crowd gave the team a standing ovation",defɛt
2681,meurtrier,nadj,masculine,"murderer, deadly, lethal",je serai la meurtrière de mon mari,I will be the murderer of my husband,"mœʀtʀije, -ijɛʀ"
2682,rigoureux,adj(pl),,"rigorous, harsh, strict","il est méthodique, rigoureux et, pire que tout, patient","he is methodical, rigorous, and worst of all patient","ʀiguʀø, -øz"
2683,mentir,v,,to lie,je t’ai menti. je t’ai caché des choses,I lied to you. I hid things from you,mɑ͂tiʀ
2684,fréquent,adj,,frequent,les visites peuvent être plus fréquentes,the visits can be more frequent,"fʀekɑ͂, ɑ͂t"
2685,œuf,nm,masculine,egg,n’oublie pas de chercher tes œufs de Pâques,don’t forget to look for your Easter eggs,"œf, pl ø<br><br>"
2686,ambassadeur,nm,masculine,ambassador,le Pakistan renvoie un ambassadeur en Inde,Pakistan is sending its ambassador back to India,ɑ͂basadœʀ
2687,observateur,nadj,masculine,"observer, observant",je suis un observateur clinique de la comédie humaine,I’m a clinical observer of human comedy,"ɔpsɛʀvatœʀ, -tʀis"
2688,revêtir,v,,"to take on, assume",on revêt les nouvelles lunettes de soleil,you put on the new sunglasses,ʀ(ə)vetiʀ
2689,accessoire,nm,masculine,accessory,on ne vend ni ski ni accessoire,we don’t sell skis or accessories,akseswaʀ
2690,acquisition,nf,feminine,"acquisition, acquire, purchase",nous ne souhaitons ni fusion ni acquisition,we don’t want a merger or an acquisition,akizisjɔ͂
2691,tournée,nf,feminine,"tour, round",c’est la dernière tournée. le bar va fermer,that’s the last round. the bar’s going to close,tuʀne
2692,tranche,nf,feminine,"slice, edge, section, bracket, slot",il tient une tranche serrée dans sa main,he’s holding a slice tightly in his hand,tʀɑ͂ʃ
2693,plage,nf,feminine,beach,il marchait pieds nus sur la plage,he walked barefoot along the beach,plaʒ
2694,inspecteur,nm,masculine,inspector,tu seras un excellent inspecteur,you will be an excellent inspector,"ɛ͂spɛktœʀ, -tʀis"
2695,tempête,nf,feminine,"storm, gale, turmoil","la tempête se calme, j’ai l’impression","the storm is dying down, I think",tɑ͂pɛt
2696,tissu,nadj,masculine,"fabric, material, cloth, tissue, woven",j’ai fait des dessins sur le tissu de vieux rideaux,I made drawings on the cloth from old curtains,tisy
2697,souverain,nadj,masculine,"sovereign, supreme ruler, monarch",ce sera le 66e séjour du souverain pontife à l’étranger,this will be the 66th stay abroad for the sovereign pontiff,"suv(ə)ʀɛ͂, ɛn"
2698,distinct,adj,,distinct,Henri et moi nous étions deux êtres distincts,Henri and I were two separate beings,"distɛ͂, ɛ͂kt"
2699,survie,nf,feminine,survival,je peux calculer vos chances de survie,I can calculate your chances for survival,syʀvi
2700,repousser,v,,"to push away, postpone","elle m’a repoussée, elle s’est jetée sur l’herbe","she pushed me away, she threw herself on the lawn",ʀ(ə)puse
2701,adaptation,nf,feminine,adaptation,je fais surtout des adaptations d’auteurs étrangers,I mostly do adaptations based on foreign authors,adaptasjɔ͂
2702,plante,nf,feminine,plant,tu es une belle plante. tu es la fleur de ma passion,you’re a beautiful plant—the flower of my passion.,plɑ͂t
2703,nuire,v,,to harm,ils nuisent à la santé,they are harmful to one’s health,nɥiʀ
2704,putain,nf,feminine,"whore, bitch; stupid",putain mais qu’est-ce que tu fais?,"what’re you doin’, stupid?",pytɛ͂
2705,imagination,nf,feminine,imagination,mon imagination folle m’a trompée,my foolish imagination deceived me,imaʒinasjɔ͂
2706,accusé,nadj,masculine,defendant,l’accusé devra remettre son passeport,the accused must surrender his passport,akyze
2707,repérer,v,,"to spot, pick out, locate, find","ils ont repéré le tireur, vers le sud","they located the sniper, towards the south",ʀ(ə)peʀe
2708,directive,nf,feminine,guideline,tout est prêt. j’attends vos directives,everything’s ready. I await your orders,diʀɛktiv
2709,rural,nadj,,rural,les régions rurales constituent un genre de refuge,rural regions are a kind of refuge,"ʀyʀal, o"
2710,persister,v,,"to persist, keep up, linger",vous persistez à vouloir faire votre devoir?,do you still want to do your duty?,pɛʀsiste
2711,coalition,nf,feminine,coalition,un soldat de la coalition a été blessé dans l’opération,a coalition soldier was injured during the operation,kɔalisjɔ͂
2712,diplomatique,nadj(f),,diplomatic,nous préférons une solution diplomatique,we prefer a diplomatic solution,diplɔmatik
2713,excellence,nf,feminine,excellence,celle-ci sera un centre d’excellence,this one will be a center of excellence,ɛkselɑ͂s
2714,apparence,nf,feminine,appearance,les apparences sont trompeuses,appearances are deceiving,apaʀɑ͂s
2715,oriental,nadj,,Oriental,il portait de somptueux vêtements orientaux,he wore sumptuous Oriental clothing,"ɔʀjɑ͂tal, o"
2716,écriture,nf,feminine,writing,"l’écriture, c’est un besoin pour moi",writing is a need that I have,ekʀityʀ
2717,parcours,nm(pl),masculine,"journey, course, route",je suis en bout de parcours,I’m at the end of a journey,paʀkuʀ
2718,républicain,nadj,masculine,republican,vous votez démocrate ou républicain?,are you voting Democrat or Republican?,"ʀepyblikɛ͂, ɛn"
2719,embarquer,v,,"to embark, board, take on board, load",les hommes chantaient en embarquant sur les navires anglais,the men sang while boarding the English ships,ɑ͂baʀke
2720,révolte,nf,feminine,revolt,ma raison d’écrire naît de la révolte,my reason for writing began in the rebellion,ʀevɔlt
2721,intéressé,nadj,masculine,"concerned, involved",je ne m’étais jamais vraiment intéressé à la question,I wasn’t ever really interested in the question,ɛ͂teʀese
2722,formidable,adj(f),,"tremendous, considerable",j’ai fait quelques rencontres formidables,I had some tremendous meetings,fɔʀmidabl
2723,tas,nm(pl),masculine,"pile, lots of",ça explique des tas de choses,that explains lots of things,tɑ
2724,déjeuner,"nm,v",masculine,lunch; to have lunch,nous achevons de déjeuner à la française,we have just finished eating a French lunch,deʒœne
2725,disputer,v,,to dispute,nous avons tort de nous disputer ainsi,it’s wrong for us to quarrel like this,dispyte
2726,élite,nf,feminine,elite,l’élite se définissait selon lui par l’intelli- gence,"according to him, the elite are defined by intelligence",elit
2727,malheur,nm,masculine,misfortune,je n’aime pas profiter du malheur des autres,I don’t like to profit from the misery of others,malœʀ
2728,aube,nf,feminine,"dawn, daybreak","il était parti avant l’aube, comme un fuyard","he left before dawn, like a runaway",ob
2729,salon,nm,masculine,"lounge, living room",nous étions assis dans le grand salon,we were sitting in the large living room,salɔ͂
2730,infliger,v,,to inflict,désolée de devoir vous infliger ça main- tenant,sorry to have to inflict this upon you now,ɛ͂fliʒe
2731,repos,nm(pl),masculine,rest,ça faisait trois heures de repos,the rest was three hours long,ʀ(ə)po
2732,déranger,v,,"to disturb, bother",ça vous dérange si je m’assieds?,will it bother you if I sit down?,deʀɑ͂ʒe
2733,inhabituel,adj,,unusual,nous nous trouvons dans une situation inhabituelle,we find ourselves in an unusual situation,inabitɥɛl
2734,interdiction,nf,feminine,"ban, banning",cette interdiction s’applique aux télévisions,this ban applies to televisions,ɛ͂tɛʀdiksjɔ͂
2735,consentir,v,,"to consent, agree",les syndicats ont consenti une réduction des salaires,the unions agreed to a salary reduction,kɔ͂sɑ͂tiʀ
2736,variable,nadj(f),feminine,variable,"c’est très variable, ça dépend","it’s quite variable, it depends",vaʀjabl
2737,médecine,nf,feminine,"medecine, medical science",deux étudiants en médecine suédois m’écrivaient,two Swedish medical students wrote me,medsin
2738,contradictoire,adj(f),,"contradictory, conflicting",la colonisation française fut un processus contradictoire,French colonization was a contradictory process,kɔ͂tʀadiktwaʀ
2739,exclusivement,adv,,"exclusively, solely",ils avaient des ventes exclusivement au Japon,they had sales exclusively in Japan,ɛksklyzivmɑ͂
2740,cible,nf,feminine,target,les cibles des terroristes représentaient les symboles du capitalisme,terrorist targets represented the symbols of capitalism,sibl
2741,détenu,nadj,masculine,prisoner,le pourcentage de détenus séropositifs est très élevé,the percentage of HIV-positive detainees is very high,det(ə)ny
2742,volontiers,adv,,"with pleasure, willingly, gladly",je serais volontiers mort dans cette maison,I would gladly die in this house,vɔlɔ͂tje
2743,fauteuil,nm,masculine,"armchair, seat",j’étais assis dans ce fauteuil,I was sitting in this armchair,fotœj
2744,couloir,nm,masculine,"corridor, aisle",j’emprunte le couloir,I’m taking the hallway,kulwaʀ
2745,enthousiasme,nm,masculine,"enthusiasm, enthusiastically",l’enthousiasme fit place à une méfiance extrême,enthusiasm gave way to extreme distrust,ɑ͂tuzjasm
2746,télé,nf,feminine,TV,"on n’avait pas de télé, de CD, de DVD","we had no TV, no CD player, no DVD player",tele
2747,éthique,nadj(f),feminine,"ethical, ethics",le clonage représente évidemment plusieurs problèmes éthiques,cloning obviously poses several ethical problems,etik
2748,révision,nf,feminine,"review, revision, overhaul",il y aura une révision périodique du régime,there will be periodic regime change,ʀevizjɔ͂
2749,pointer,"nm,v",,"to mark off, clock in, clock out, aim",pourquoi cette femme pointe-t-elle une arme sur toi?,why is that woman aiming a gun at you?,pwɛ͂te
2750,assassiner,v,,"to murder, assassinate",il mourut assassiné,he was assassinated,asasine
2751,optimiste,nadj(f),masc / fem,optimistic,êtes-vous optimiste quant à l’avenir des jeunes?,are you optimistic about the future of the youth?,ɔptimist
2752,instaurer,v,,"to institute, introduce",notre nouveau directeur a instauré un programme pour travailler en équipe,our new director started a teamwork program,ɛ͂stɔʀe
2753,isolé,nadj,,"remote, isolated, insolated","dans quelques semaines, on sera isolés par la glace","in a few weeks, we will be isolated by the ice",izɔle
2754,revendiquer,v,,to claim,l’attentat n’a pas été revendiqué,no responsibility has been claimed for the attack,ʀ(ə)vɑ͂dike
2755,secouer,v,,to shake,elle secoue mes couvertures dans tous les sens,she shakes out my bedding in every direction,s(ə)kwe
2756,bizarre,nadj(f),,"strange, odd",les effets de la maladie sont bizarres,the effects of the sickness are bizarre,bizaʀ
2757,abus,nm(pl),masculine,"abuse, misuse, breach",il y a eu des abus sexuels,there was sexual abuse,aby
2758,procédé,nm,masculine,processus,c’est un procédé continuel chez moi,it’s an ongoing process with me,pʀɔsede
2759,pêcheur,nadj,masculine,fisherman,les pêcheurs sont les hommes de la liberté,fishermen are men of freedom,"pɛʃœʀ, -øz"
2760,amateur,"nm,nf",masculine,amateur,j’ai eu des parents amateurs de théâtre,I have parents who love the theater,"amatœʀ, -tʀis"
2761,regret,nm,masculine,"regret, regretfully","aux vacances, nous nous séparions sans regret","on vacation, we separated without regrets",ʀ(ə)gʀɛ
2762,accroissement,nm,masculine,increase,nous sommes tous atterrés par l’accroisse- ment du chômage,we’re all crushed by the growth in unemployment,akʀwasmɑ͂
2763,trimestre,nm,masculine,quarter; three months,les perspectives sont bonnes pour le troisième trimestre,the outlook is good for the third quarter,tʀimɛstʀ
2764,onde,nf,feminine,wave,c’est comme une onde de choc,it’s like a shock wave,ɔ͂d
2765,spatial,adj,,"spatial, space",la Station spatiale internationale n’a aucun rôle militaire,the International Space Station has no military role,"spasjal, jo"
2766,brut,"adv,nadj",,"raw, crude",la surface totale brute de ce bâtiment est de 215.000 m²,"the total unfinished area of this building is 215,000 square meters",bʀyt
2767,éventuellement,adv,,possibly,des sanctions seront éventuellement prises,sanctions will eventually be taken,evɑ͂tɥɛlmɑ͂
2768,vache,"adj(f),nf",feminine,cow,dans d’immenses champs des vaches mâchaient,cows munched in immense fields,vaʃ
2769,gris,nadj(pl),masculine,grey,c’était une poule grise,it was a grey hen,gʀi
2770,aise,nadj(f),feminine,"comfort, joy, pleasure, ease",je suis mal à l’aise dehors,I am uneasy in the outdoors,ɛz
2771,agression,nf,feminine,agression,les agressions contre les femmes ont augmenté,aggression against women has increased,agʀesjɔ͂
2772,loisir,nm,masculine,leisure,je dresse des chevaux dans mes loisirs,I groom horses in my leisure time,lwaziʀ
2773,chaleur,nf,feminine,heat,le soleil et la chaleur devenaient en outre excessifs,the sun and the heat were becoming intense,ʃalœʀ
2774,ranger,"nm,v",,"to tidy up, put away",il range les deux tasses de café dans l’évier,he places the two coffee mugs into the sink,ʀɑ͂ʒe
2775,partage,nm,masculine,"division, cutting, sharing",la frontière régie jusqu’au partage de l’ombre et de la lumière,the border extends to where the shadows and the light divide,paʀtaʒ
2776,étoile,nf,feminine,star,nous couchions à la belle étoile,we slept under the stars,etwal
2777,mystère,nm,masculine,mystery,il y a des mystères que je ne peux résoudre,there are mysteries that I can’t resolve,mistɛʀ
2778,quasi,"adv,nm",,"almost, nearly",on entretient un lien quasi mystique avec son pays natal,we maintain an almost mystical connection with our native country,kazi
2779,description,nf,feminine,description,nous commençons par une brève description de mon père,we start with a brief description of my father,dɛskʀipsjɔ͂
2780,serbe,nadj(f),masc / fem,Serbian,un vieil homme serbe a été tué par balle,an old Serbian man was shot dead,sɛʀb
2781,biologique,adj(f),,"biological, nature",les études sur les effets biologiques des radiations sont restées rares,studies on biological effects of radiation have been rare,bjɔlɔʒik
2782,universitaire,nadj(f),masc / fem,"university, academic",j’étais occupée à des travaux de recherches universitaires,I was busy doing university research work,ynivɛʀsitɛʀ
2783,emparer,v,,"to seize, grab, snatch",il n’était pas possible de s’emparer de la clef,it wasn’t possible to grab the key,ɑ͂paʀe
2784,dent,nf,feminine,tooth,elle repart en grinçant des dents,she walks away gnashing her teeth,dɑ͂
2785,neutre,adj(f),masculine,neutral,mais mon travail n’est pas neutre et objectif,but my work isn’t neutral and objective,nøtʀ
2786,aîné,nadj,masculine,oldest,mon fils aîné a onze ans,my oldest son is eleven years old,ene
2787,trahir,v,,"to betray, give away","personne ne te trahit, personne ne t’humilie","nobody is betraying you, nobody is humiliating you",tʀaiʀ
2788,intelligence,nf,feminine,intelligence,je n’insulterai pas votre intelligence,I won’t insult your intelligence,ɛ͂teliʒɑ͂s
2789,admirer,v,,to admire,j’admire ce que vous faites,I admire what you do,admiʀe
2790,licence,nf,feminine,"licence, permit",il pourra imposer des conditions de licence particulières,he can impose individual conditions on licenses,lisɑ͂s
2791,rigueur,nf,feminine,"harshness, severity, rigidness, rigor strictness",l’optimisme est en revanche de rigueur dans les assurances,on the other hand optimism is mandatory in insurance dealings,ʀigœʀ
2792,maternel,adj,,"motherly, maternal","ils s’écrivaient en yiddish, leur langue maternelle","they wrote to each other in Yiddish, their first language",matɛʀnɛl
2793,métal,nm,masculine,metal,ils ont été équipés de détecteurs de métaux,they were equipped with metal detectors,"metal, o"
2794,palais,nm(pl),masculine,"palace, palate",la Garde du palais n’est guère efficace,the palace guard is no longer efficient,palɛ
2795,belge,nadj(f),masc / fem,Belgian,nous voudrions féliciter la présidence belge pour l’initiative,we would like to congratu- late the Belgian presidency for the initiative,bɛlʒ
2796,brutal,nadj,,brutal,"je trouve leur méthode de revendication brutale, injuste","I find their reclamation method brutal, injust","bʀytal, o"
2797,extraire,v,,"to extract, mine, quarry, pull out, remove",l’ingénieur a extrait l’expertise empirique des pilotes,the engineer extracted empirical expertise from the pilots,ɛkstʀɛʀ
2798,signification,nf,feminine,significance,cette appellation a une signification politique très claire,this trade name has a very clear political significance,siɲifikasjɔ͂
2799,filer,v,,"to spin, run, get out",terminons le reportage et filons d’ici,let’s stop our reporting and get out of here,file
2800,automatique,adj(f),,automatic,la perte de mémoire est presque automatique,loss of memory is almost automatic,otomatik
2801,accrocher,v,,"to hang up, hang on, put up",les manifestants ont accroché une pancarte,the demonstrators put up a poster,akʀɔʃe
2802,pain,nm,masculine,bread,ça grille le pain pendant qu’on le tranche,it toasts the bread while it’s being sliced,pɛ͂
2803,plateau,nm,masculine,"plateau, tray, set, stage",il repose la bouteille vide sur le plateau,he sets the empty bottle on the tray,plato
2804,répétition,nf,feminine,"repetition, rehearsal",on recommence les répétitions ce soir,tonight we resume the rehearsals,ʀepetisjɔ͂
2805,diminution,nf,feminine,"reduction, decreasing","les stocks de poissons sont en diminution, voire en disparition","fishery resources are declining, even disappearing",diminysjɔ͂
2806,collection,nf,feminine,"collection, series",j’ai une collection des lettres inédites de Freud,I have a collection of Freud’s unpublished letters,kɔlɛksjɔ͂
2807,gène,nm,masculine,gene,"ils collent des gènes ensemble, je crois","they splice genes, I think",ʒɛn
2808,permanence,nf,feminine,"permanence, duty, service",les deux pieds doivent rester en permanence dans le triangle,both feet must remain in the triangle,pɛʀmanɑ͂s
2809,reine,nf,feminine,queen,il a appartenu à une reine ... la reine de Perse,it belonged to a queen ... the queen of Persia,ʀɛn
2810,privatisation,nf,feminine,privatization,la privatisation des entreprises du Kosovo a enfin commencé,the privatization of companies in Kosovo has finally begun,pʀivatizasjɔ͂
2811,correspondance,nf,feminine,"correspondance, connection","il avait brûlé un tas de correspondances, de carnets de notes","he burned a pile of letters, notebooks",kɔʀɛspɔ͂dɑ͂s
2812,planter,v,,"to plant, pitch",vous achèterez vos bulbes d’oignons à planter,you’ll buy the onion bulbs to be planted,plɑ͂te
2813,strictement,adv,,strictly,nous ne sommes pas strictement obligés,we aren’t strictly obligated,stʀiktəmɑ͂
2814,violation,nf,feminine,"violation, transgression",cela constitue une violation de sa probation,that constitutes a violation of his probation,vjɔlasjɔ͂
2815,compensation,nf,feminine,"compensation, clearing",nous avons offert une compensation aux provinces qui ont perdu de l’argent,we offered compensation to the provinces that lost money,kɔ͂pɑ͂sasjɔ͂
2816,lycée,nm,masculine,high school,il est professeur de philosophie au lycée,he’s a high school philosophy teacher,lise
2817,con,nadj,masculine,stupid,"on va le finir, ce con",we’re gonna take out that a**hole,"kɔ͂, kɔn"
2818,combinaison,nf,feminine,combination,il était le seul à avoir la combinaison et tu l’as tué,"he alone knew the combination, and you killed him",kɔ͂binɛzɔ͂
2819,injustice,nf,feminine,"injustice, unfairness","l’inégalité nourrit l’injustice, le soupçon et les préjugés","inequality feeds injustice, suspicion, and prejudice",ɛ͂ʒystis
2820,reportage,nm,masculine,"report, reporting","selon le reportage, son intervention aurait été annulée",according to the report his talk was canceled,ʀ(ə)pɔʀtaʒ
2821,déception,nf,feminine,"disappointment, let-down",la déception pourrait n’être que temporaire,the disappointment could only be temporary,desɛpsjɔ͂
2822,soucier,v,,"to care about, show concern for",tu n’as pas à te soucier de tes manières ici,no need to worry about your manners here,susje
2823,plafond,nm,masculine,"ceiling, roof, maximum",il y a des caméras dans le plafond,there are cameras in the ceiling,plafɔ͂
2824,opérateur,nm,masculine,operator,nous ne pouvions même pas appeler une opératrice,we couldn’t even call an operator,ɔpeʀatœʀ
2825,camarade,"nm,nf",masc / fem,"friend, comrade, pal, mate",je me hâtai de revoir mes camarades,I hurried back to see my comrades,kamaʀad
2826,traduction,nf,feminine,translation,"alors, lis la traduction","so, read the translation",tʀadyksjɔ͂
2827,compréhension,nf,feminine,"understanding, comprehension",je vous suis reconnaissant de votre compréhension,I thank you for your understanding,kɔ͂pʀeɑ͂sjɔ͂
2828,réglementation,nf,feminine,regulation,ces réglementations échappent au contrôle des parlementaires,these regulations will escape parliamentary control,ʀɛgləmɑ͂tasjɔ͂
2829,déplorer,v,,to deplore,il déplore la montée des superstitions,he deplores the upswing in superstition,deplɔʀe
2830,mobiliser,v,,"to mobilize, call up",il espère mobiliser le peuple,he hopes to mobilize the people,mɔbilize
2831,encadrer,v,,"to frame, train",les élèves seront encadrés par environ 850.000 enseignants,"the students will be trained by some 850,000 teachers",ɑ͂kɑdʀe
2832,gentil,nadj,,"nice, kind",elles sont extrêmement gentilles,they are extremely nice,"ʒɑ͂ti, ij"
2833,folie,nf,feminine,"madness, folly, insanity",certains jeunes tombent dans la folie,some youth lapse into folly,fɔli
2834,terrorisme,nm,masculine,terrorism,les Américains ont déclaré la guerre au terrorisme,the Americans declared war on terrorism,teʀɔʀism
2835,illusion,nf,feminine,illusion,ne nous faisons pas d’illusions,we aren’t deceiving ourselves,i(l)lyzjɔ͂
2836,portefeuille,nm,masculine,wallet,il m’a pris mon portefeuille!,he took my wallet!,pɔʀtəfœj
2837,séduire,v,,"to seduce, charm, captivate, appeal to",j’ai été séduite par votre jeunesse,I was seduced by your youth,sedɥiʀ
2838,précipiter,v,,"to quicken, hasten, precipitate",je jetai mon parapluie et me précipitai hors de la chambre,I tossed my umbrella and dashed out of the room,pʀesipite
2839,clôture,nf,feminine,"enclosure; termination, closure",la clôture est trop haute,the fence is too high,klotyʀ
2840,piloter,v,,"to fly, pilot, drive",et qui pilotera l’avion?,and who will fly the airplane?,pilɔte
2841,agréable,nadj(f),,"pleasant, nice, agreeable",c’est une chambre très agréable,it’s a very comfortable bedroom,agʀeabl
2842,télécommunication,nf,feminine,telecommunication,le secteur des télécommunications a connu la plus forte hausse,the telecommunications sector experienced the greatest growth,telekɔmynikasjɔ͂
2843,désaccord,nm,masculine,"disagreement, discord, conflict",ces désaccords constituent une tension bénéfique,these disagreements create beneficial tension,dezakɔʀ
2844,uranium,nm,masculine,uranium,la séparation du plutonium de l’uranium est relativement facile,separating plutonium from uranium is relatively easy,yʀanjɔm
2845,aliment,nm,masculine,food,je cultive des aliments pour nourrir les gens,I cultivate food to nourish people,alimɑ͂
2846,alimentation,nf,feminine,"diet, food, groceries, supply",l’alimentation et la santé sont étroitement reliées,diet and health are intertwined,alimɑ͂tasjɔ͂
2847,pomme,nf,feminine,apple,elle croqua la pomme avec un bruit qu’il détesta,she crunched into the apple with a noisethathedetested,pɔm
2848,ingénieur,"nm,nf",masc / fem,engineer,son père était un ingénieur des chemins de fer,her father was an railroad engineer,ɛ͂ʒenjœʀ
2849,vider,v,,"to empty, vacate","que personne ne bouge! toi, vide ce coffre","nobody move! you, empty this safe",vide
2850,attentif,adj,,"attentive, scrupulous, careful","sois attentif, sois intelligent, sois rationnel","be attentive, be intelligent, be rational","atɑ͂tif, -iv"
2851,démarrer,v,,to start up,le feu a démarré dans l’escalier d’un restaurant,the fire broke out in the stairwell of a restaurant,demaʀe
2852,coordonner,v,,to coordinate,il faut coordonner nos efforts pour le plus grand bien,we have to coordinate our efforts for the greatest good,kɔɔʀdɔne
2853,larme,nf,feminine,tear,je suis sortie du cinéma en larmes,I left the movie theater in tears,laʀm
2854,sourd,nadj,masculine,deaf,le gouvernement fait la sourde oreille,the government is turning a deaf ear,suʀ
2855,cigarette,nf,feminine,cigarette,je fumerai bien une cigarette,I would sure like to smoke a cigarette,sigaʀɛt
2856,vallée,nf,feminine,valley,je marche dans la vallée de la mort,I’m walking in the valley of death,vale
2857,artificiel,adj,,artificial,je joue à des simulateurs de vie artificielle,I play in artificial life simulations,aʀtifisjɛl
2858,différer,v,,"to differ, vary",cette idée diffère sensiblement d’une hypothèse concurrente,this idea differs noticeably from a current hypothesis,difeʀe
2859,honorer,v,,"to honour, do credit to",c’était un soldat de Rome. honorez sa mémoire,he was a Roman soldier. honor his memory,ɔnɔʀe
2860,entrevue,nf,feminine,"meeting, interview",j’ai l’impression que cette entrevue commence très mal,I have the feeling that this interview has started out very poorly,ɑ͂tʀəvy
2861,ressort,nm,masculine,spring; resort; spirit,l’Etat intervient en dernier ressort,the state intervenes as a last resort,ʀ(ə)sɔʀ
2862,fixe,nadj,,fixed,j’ai l’idée fixe d’un crime étincelant,I’m fixated on a glittering crime,fiks
2863,opportunité,nf,feminine,"opportunity, timeliness",c’est une merveilleuse opportunité de passer de belles vacances,it’s a wonderful opportunity to take a fine vacation,ɔpɔʀtynite
2864,robe,nf,feminine,dress,"ta robe te va très bien, ma chérie","your dress looks very nice on you, dear",ʀɔb
2865,plaque,nf,feminine,"plate, tag, plaque",il subsiste un danger local élevé de plaques de neige,there are increased local risks of snow accumulations,plak
2866,découler,v,,"to ensue, follow",une conséquence importante en découle,an important consequence follows from that,dekule
2867,décisif,adj,,decisive,nous arrivons à un moment décisif,we have come upon a decisive moment,"desizif, -iv"
2868,piège,nm,masculine,trap,c’est un piège dans lequel je ne veux pas tomber,it’s a trap I don’t want to fall into,pjɛʒ
2869,prédire,v,,to predict,il lui a prédit qu’elle aurait un enfant,he predicted that she would have a child,pʀediʀ
2870,enterrer,v,,"to bury, lay aside",enterre-moi dans un tombeau sans nom,bury me in an unmarked grave,ɑ͂teʀe
2871,refuge,nm,masculine,refuge,j’ai trouvé refuge dans de piètres endroits,I found refuge in dismal places,ʀ(ə)fyʒ
2872,recouvrir,v,,"to cover, hide, conceal",la Terre est recouverte d’eau,the Earth is covered with water,ʀ(ə)kuvʀiʀ
2873,pente,nf,feminine,slope,la route gravit maintenant des pentes abruptes,now the road climbs up steep inclines,pɑ͂t
2874,album,nm,masculine,album,j’ai toujours rêvé de faire un album,I always dreamt of making an album,albɔm
2875,mixte,adj(f),,mixed,trois enfants issus d’un couple mixte périssent dans un incendie,three mixed- race children perish in a fire,mikst
2876,clinique,nadj(f),feminine,clinic,je l’ai emmenée à la clinique,I took her to the clinic,klinik
2877,spectateur,nm,masculine,"member of the audience, spectator, onlooker",les spectateurs s’enfuient épouvantés,"the onlookers fled, terror-stricken","spɛktatœʀ, -tʀis"
2878,axe,nm,masculine,"axis, axle, main line","désormais, nous nous concentrons sur deux axes","from now on, we will focus on two dimensions",aks
2879,chasseur,nm,masculine,"hunter, fighter, page, messenger",je suis un chasseur qui ne tue pas sans hésiter,I’m a hunter who doesn’t kill without hesitation,ʃasœʀ
2880,chéri,nadj,masculine,"darling, love, dear","bonjour, chéri. comment s’est passée ta journée?","hello, dear. how was your day?",ʃeʀi
2881,peinture,nf,feminine,"painting, paint, picture",j’ai pensé à détruire ces peintures pas mal de fois,I thought of destroying these paintings fairly often,pɛ͂tyʀ
2882,déchet,nm,masculine,"scrap, waste, trash, garbage",les déchets de l’aire métropolitaine continueront de s’accumuler,the trash from the metropolitain area will continue to accumulate,deʃɛ
2883,siéger,v,,to sit,moi-même et mon gouvernement siégions en Algérie,I and my government reign in Algeria,sjeʒe
2884,grand-chose,nmi,masculine,not very much,ça ne veut pas dire grand-chose,that doesn’t mean very much,gʀɑ͂ʃoz
2885,temporaire,adj(f),,temporary,la célébrité de tout président est temporaire,the fame of every president is fleeting,tɑ͂pɔʀɛʀ
2886,affiche,nf,feminine,"poster, public notice, bill",j’ai mon nom sur des affiches,I have my name on posters,afiʃ
2887,massacre,nm,masculine,"massacre, slaughter",ce massacre n’a pas été revendiqué,nobody has claimed responsibility for this massacre,masakʀ
2888,actualité,nf,feminine,"current events, news","le présent, l’actualité ne m’intéressent pas","the present, current events don’t interest me",aktɥalite
2889,redevenir,v,,to become again,je vais redevenir célibataire,I’m going to become single again,"ʀəd(ə)vəniʀ, ʀ(ə)dəv(ə)niʀ"
2890,crucial,adj,,"crucial, critical",nous sommes à un moment crucial de notre histoire,we are at a critical moment of our history,"kʀysjal, jo"
2891,marine,"adj,nf",feminine,"marine, navy","aujourd’hui, vous êtes des marines",today you are marines,maʀin
2892,cadavre,nm,masculine,corpse,son cadavre apparaîtra à la fin du film,his corpse will appear at the end of the film,kadɑvʀ
2893,fleuve,nm,masculine,river,le fleuve coule toujours dans le même sens,the river always flows in the same direction,flœv
2894,toit,nm,masculine,roof,ils sont sur le toit de mon bus,they’re on the roof of my bus,twa
2895,mécanique,adj(f),feminine,mechanical,c’était aussi un piano mécanique,it was also a player piano,mekanik
2896,transparence,nf,feminine,transparency,nous préférons le dirigisme à la transparence,we prefer active leadership to transparency,tʀɑ͂spaʀɑ͂s
2897,amorcer,v,,"to bait, prime, begin, initiate",la réaction en chaîne est amorcée,the chain reaction has been initiated,amɔʀse
2898,détester,v,,"to hate, detest","je déteste la viande, je suis végétarien",I hate meat—-I’m a vegetarian,detɛste
2899,fondateur,nm,masculine,founder,il faut rappeler le rôle fondateur qu’a joué,let me remind you of the founding role that he played,"fɔ͂datœʀ, -tʀis"
2900,charte,nf,feminine,charter,la charte olympique interdit toute discrimi- nation,the Olympic charter forbids any discrimination,ʃaʀt
2901,productivité,nf,feminine,productivity,il faut augmenter la productivité du travail,we have to increase work productivity,pʀɔdyktivite
2902,succession,nf,feminine,succession,c’est une succession de catastrophes,it’s a succession of catastrophes,syksesjɔ͂
2903,simplifier,v,,to simplify,je pourrais peut-être simplifier les choses pour vous,perhaps I can simplify things for you,sɛ͂plifje
2904,briller,v,,to shine,la lune brillait maintenant dans tout son éclat,the moon shone now in full glory,bʀije
2905,ambitieux,nadj(pl),masculine,"ambitious, man with ambition",les socialistes appuient un plan ambitieux,the socialists are supporting an ambitious plan,"ɑ͂bisjø, -jøz"
2906,sale,nadj(f),,dirty,je déteste cette sale ville,I hate this dirty city,sal
2907,consentement,nm,masculine,consent,il n’y a pas consentement unanime,there is no unanimous consent,kɔ͂sɑ͂tmɑ͂
2908,chapeau,nm,masculine,hat,il se pencha pour ramasser son chapeau et ses sacs,he leaned over to gather his hat and his bags,ʃapo
2909,calmer,v,,to calm down,j’ai pas besoin de me calmer,I don’t need to calm myself,kalme
2910,mythe,nm,masculine,myth,le mythe grec est le produit d’une tradition orale,the Greek myth is the result of oral tradition,mit
2911,alternative,nf,feminine,"alternative, choice",il y avait une autre alternative à la guerre,there was another alternative to war,altɛʀnativ
2912,soulager,v,,"to relieve, soothe, ease","puis je me réveillais, soulagée d’avoir 23 ans","then I woke up, relieved to be 23 years old",sulaʒe
2913,scrutin,nm,masculine,"ballot, poll",nous établirions des dates de scrutin fixes,we will establish fixed dates for voting,skʀytɛ͂
2914,culpabilité,nf,feminine,guilt,la police a rassemblé les preuves établissant leur culpabilité,the police gathered proof to establish their guilt,kylpabilite
2915,considérablement,adv,,"considerably, significantly, extensively",nous proposons de réduire considérablement les impôts,we propose to reduce taxes considerably,kɔ͂sideʀabləmɑ͂
2916,bouleverser,v,,"to upset, distress, disturb, turn upside down",nous avons toujours le moyen de boule- verser le cours des évènements,we always have the means to upset the course of events,bulvɛʀse
2917,introduction,nf,feminine,introduction,nous ne pouvons accepter l’introduction d’amendements,we cannot accept the introduction of new amendments,ɛ͂tʀɔdyksjɔ͂
2918,dramatique,nadj(f),,"dramatic, tragic, drama",ça va être dramatique pour la facture de téléphone,the telephone bill will be spectacular,dʀamatik
2919,vaincre,v,,"to beat, defeat, overcome, conquer",nous sommes nés pour vaincre,we were born to conquer,vɛ͂kʀ
2920,pétition,nf,feminine,petition,je voudrais déposer cette pétition,I would like to submit this petition,petisjɔ͂
2921,renseigner,v,,"to give information, get information","renseigne-moi, je veux savoir","tell me, I want to know",ʀɑ͂seɲe
2922,ordonnance,nf,feminine,"prescription, organisation, edict, ruling",le policier ignore si l’ordonnance est encore en vigueur,the policeman doesn’t know whether the ruling is still in effect,ɔʀdɔnɑ͂s
2923,aile,nf,feminine,"wing, sail, blade",l’oiseau battra des ailes jusqu’à sa mort,the bird will beat its wings until its death,ɛl
2924,température,nf,feminine,temperature,il faut que j’aille prendre ma température,I have to go take my temperature,tɑ͂peʀatyʀ
2925,coupe,nf,feminine,"bowl, dish, cut",votre coupe jamais ne sera vide,your bowl will never be empty,kup
2926,rayon,nm,masculine,"ray, beam, radius; department, section, shelf",un rayon de lune traversait la chambre,a moonbeam shone across the room,ʀɛjɔ͂
2927,lèvre,nf,feminine,lip,je regardai ses lèvres pleines et roses,"I looked at her full, pink lips",lɛvʀ
2928,promener,v,,"to take for a walk, go for a walk",les amis se promènent dans la rue,the friends are walking along the street,pʀɔm(ə)ne
2929,boulot,"adj,nm",masculine,"work, job",il a un boulot très sérieux dans l’informatique,he has an important job in computer science,bulo
2930,correctement,adv,,properly,faisons les choses correctement,let’s do things correctly,kɔʀɛktəmɑ͂
2931,colonne,nf,feminine,column,des colonnes de fumée s’élevaient au-dessus des arbres,columns of smoke rose above the trees,kɔlɔn
2932,arranger,v,,to arrange,c’est moi qui ai tout arrangé,I’m the one who arranged everything,aʀɑ͂ʒe
2933,lointain,nadj,masculine,"distant, faraway",on voulait aller dans une terre lointaine,we wanted to go to a faraway land,lwɛ͂tɛ͂
2934,danser,v,,to dance,"je danserai avec toi, le soir de nos noces","I will dance with you, on our wedding night",dɑ͂se
2935,charbon,nm,masculine,coal,la production de charbon est en train de chuter,coal production is falling off,ʃaʀbɔ͂
2936,passionner,v,,"to fascinate, grip",je suis passionné de mon travail,I’m passionate about my work,pasjɔne
2937,colline,nf,feminine,hill,"arrivée au sommet de la colline, elle s’arrêta","reaching the top of the hill, she stopped",kɔlin
2938,poésie,nf,feminine,poetry,la poésie est souvent dite de façon ennuyeuse,poetry is often recited boringly,pɔezi
2939,généraliser,v,,to generalize,il faudrait généraliser ce type d’initiatives,we would need to generalize this type of initiative,ʒeneʀalize
2940,transaction,nf,feminine,transaction,le montant de la transaction n’a pas été dévoilé,the amount of the transaction was not revealed,tʀɑ͂zaksjɔ͂
2941,extrémité,nf,feminine,"end, extremity",l’un d’eux attachait l’autre extrémité,one of them grasped the other end,ɛkstʀemite
2942,pénal,adj,,penal,il permet la clôture des procédures pénales,it allows for termination of criminal proceedings,"penal, o"
2943,économiste,"nm,nf",masc / fem,economist,je ne connais pas un seul économiste,I don’t know a single economist,ekɔnɔmist
2944,banlieue,nf,feminine,"suburbs, outskirts",on a toujours habité en banlieue,we have always lived in the suburbs,bɑ͂ljø
2945,bancaire,adj(f),,banking,l’entreprise offre des services bancaires aux particuliers et aux sociétés,the firm offers banking services to individuals and to companies,bɑ͂kɛʀ
2946,défaire,v,,"to undo, dismantle, strip, break up","mon lacet est défait, comme d’habitude","my shoelace is undone, as usual",defɛʀ
2947,calendrier,nm,masculine,calendar,nous devrions respecter notre calendrier,we should respect our calendar,kalɑ͂dʀije
2948,repas,nm(pl),masculine,meal,"c’est le repas kasher? oui, kasher","it’s a kosher meal? yes, kosher",ʀ(ə)pɑ
2949,cul,nm,masculine,"bum, arse, ass",je vais lui botter le cul,I’m gonna kick his ass,ky
2950,vouer,v,,"to devote, dedicate to, vow to",nous leur vouons un grand respect,we pay them great respect,vwe
2951,surprenant,adj,,surprising,le contraire aurait été moins surprenant,the opposite would have been less surprising,"syʀpʀənɑ͂, ɑ͂t"
2952,paradis,nm(pl),masculine,"paradise, heaven",tu aimes notre coin de paradis?,do you like our corner of paradise?,paʀadi
2953,transparent,nadj,,"transparent, see-through, evident",il faut que les choses soient transparentes,things must be transparent,tʀɑ͂spaʀɑ͂
2954,élu,nadj,masculine,"elected, elected member",j’exprime ma déception auprès des élus politiques,I express my disappointment to the elected officials,ely
2955,tourisme,nm,masculine,"tourism, sightseeing",le tourisme culturel est très important,cultural tourism is very important,tuʀism
2956,démonstration,nf,feminine,demonstration,il a répondu par une démonstration de force,he responded with a demonstration of force,demɔ͂stʀasjɔ͂
2957,gravement,adv,,"seriously, solemnly, gravely",deux maisons ont été gravement endommagées,two houses were seriously damaged,gʀavmɑ͂
2958,infraction,nf,feminine,"offence, infrigement, infraction",ceux qui commettent des infractions doivent payer,those who break the law must pay,ɛ͂fʀaksjɔ͂
2959,tir,nm,masculine,"fire, shot, launch",il y a eu des tirs dans le couloir,there were shots fired in the hallway,tiʀ
2960,envoi,nm,masculine,"sending, dispatching",il faut empêcher l’envoi de ces signaux,you must stop sending these signals,ɑ͂vwa
2961,arrangement,nm,masculine,"arrangement, layout, order, agreement",j’ai conclu un arrangement avec le diable,I made an agreement with the devil,aʀɑ͂ʒmɑ͂
2962,pardonner,v,,"to forgive, excuse","si tu m’aimes vraiment, pardonne-moi","if you really love me, forgive me",paʀdɔne
2963,collaborer,v,,"to collaborate, contribute",ce groupe de travail a collaboré avec toutes sortes de spécialistes,this work group collaborated with all kinds of specialists,ko(l)labɔʀe
2964,danse,nf,feminine,"dance, dancing",m’accorderez-vous cette danse?,may I have this dance?,dɑ͂s
2965,tester,v,,to test,"opératrice, veuillez tester ce numéro","operator, please test this number",tɛste
2966,proclamer,v,,"to proclaim, declare",les résultats officiels seront proclamés samedi,the official results will be announced Saturday,pʀɔklame
2967,genou,nm,masculine,knee,la victime était à genoux devant le chien,the victim was kneeling in front of the dog,ʒ(ə)nu
2968,dominant,adj,,"dominant, prevailing",dans toute relation il y a un dominant et un dominé,in every relation there is dominator and a dominee,"dɔminɑ͂, ɑ͂t"
2969,péril,nm,masculine,peril,"aujourd’hui, notre porte-parole est en péril",today our spokesman is in danger,peʀil
2970,préférence,nf,feminine,"preference, preferably",ma préférence va toujours et encore à la poésie,my preference is still and forever poetry,pʀefeʀɑ͂s
2971,vain,adj,,vain,j’ai tout essayé ... mais en vain,I tried everything ... but in vain,"vɛ͂, vɛn"
2972,rentrée,nf,feminine,"reopening, return, start",j’attendis la rentrée avec impatience,I awaited the reopening of school impatiently,ʀɑ͂tʀe
2973,coller,v,,"to stick, paste",les timbres étaient bien collés sur ces cartes postales,the stamps were securely stuck onto these postcards,kɔle
2974,monopole,nm,masculine,monopoly,nul n’a le monopole des bonnes idées,no one has the monopoly on good ideas,mɔnɔpɔl
2975,approfondir,v,,"to deepen, make deeper, go further into",le sujet mérite donc d’être approfondi,the subject therefore deserves further study,apʀɔfɔ͂diʀ
2976,incendie,nm,masculine,"fire, blaze",les pompiers ont maitrisé tous les incendies,the firemen brought all of the fires under control,ɛ͂sɑ͂di
2977,proximité,nf,feminine,"proximity, nearness, closeness",ils restaient à proximité,they stayed close by,pʀɔksimite
2978,hélicoptère,nm,masculine,helicopter,des hélicoptères survolaient l’ambassade,helicopters were flying over the embassy,elikɔptɛʀ
2979,bouteille,nf,feminine,bottle,j’ai cassé une bouteille de bière,I broke a beer bottle,butɛj
2980,championnat,nm,masculine,championship,elle a participé à 15 championnats canadiens en neuf ans,she participated in 15 Canadian championships in nine years,ʃɑ͂pjɔna
2981,hériter,v,,to inherit,sa femme héritait des dettes,his wife inherited debts,eʀite
2982,élémentaire,adj(f),,"elementary, rudimentary, basic",il posait des questions élémentaires,he asked very basic questions,elemɑ͂tɛʀ
2983,entité,nf,feminine,entity,ce ne sont pas des entités commerciales,these are not commercial entities,ɑ͂tite
2984,souffler,v,,"to blow, puff",vous êtes là où le vent souffle,you’re there where the wind blows,sufle
2985,dit,nadj,masculine,"said, so-called; tale",l’OTAN s’est transformée en organisation dite « de sécurité »,NATO transformed into a so-called “security” organization,"di, dit"
2986,mélange,nm,masculine,"mixing, mixture, blend",il m’écouta avec un mélange de crainte et d’admiration,he listened to me with a mixture of fear and admiration,melɑ͂ʒ
2987,pourcentage,nm,masculine,"percentage, commission, cut",elles calculent les pourcentages sur leurs profits,they calculate the percentages on their profits,puʀsɑ͂taʒ
2988,permis,nm(pl),masculine,"license, permit, permitted","vos papiers? pièce d’identité, permis de conduire","your papers? identity card, driver’s license",pɛʀmi
2989,mélanger,v,,"to mix, mix up, confuse",il mélangeait un peu les dates,he got the dates a little bit mixed up,melɑ͂ʒe
2990,proprement,adv,,"cleanly, neatly, properly",je trouve cela proprement scandaleux,I find that properly scandalous,pʀɔpʀəmɑ͂
2991,enfoncer,v,,"to ram, drive in, hammer in, sink in",commencons par enfoncer les portes,let’s start by knocking down the doors,ɑ͂fɔ͂se
2992,clandestin,nadj,masculine,"underground, clandestine",le flux des immigrés clandestins en Espagne n’a cessé de grossir,the flow of illegal immigrants in Spain grew unchecked,"klɑ͂dɛstɛ͂, in"
2993,super,"adji,nm",,great,"si vous pouviez, ce serait super","if you could, that would be great",sypɛʀ
2994,encontre,adv,feminine,contrary to,tu ne peux pas aller à l’encontre de sa personnalité,you can’t go contrary to his personality,ɑ͂kɔ͂tʀ
2995,syndical,adj,,(trade-) union,le mouvement syndical devra lui aussi être aidé,the union movement will also have to be helped,"sɛ͂dikal, o"
2996,deviner,v,,"to guess, solve",sa tête baissée laissait deviner une calvitie naissante,his bowed head betrayed the onset of balding,d(ə)vine
2997,tracer,v,,"to draw, write, mark out",la voie est tracée mais elle est difficile,the route is marked but it is difficult,tʀase
2998,sagesse,nf,feminine,"wisdom, moderation",j’ai profité énormément de sa sagesse,I profited enormously from his wisdom,saʒɛs
2999,baiser,"nm,v",masculine,to kiss,votre amoureux vous a donné un baiser d’adieu,your lover gave you a goodbye kiss,beze
3000,user,v,,"to wear out, wear away, use up",use de ton charme pour le convaincre,use some of your charm to convince him,yze
3001,enfer,nm,masculine,hell,l’infatuation est l’enfer de l’esprit,infatuation is the mind’s hell,ɑ͂fɛʀ
3002,pilote,"nm,nf",masc / fem,"pilot, experimental",y a-t-il encore un pilote dans l’avion?,is there still a pilot in the airplane?,pilɔt
3003,abonné,nadj,masculine,"subscribed, subscriber",le texte du message reçu de l’abonné,the text of the message received by the subscriber,abɔne
3004,objection,nf,feminine,objection,il n’y pas d’objections de votre part,there are no objections on your behalf,ɔbʒɛksjɔ͂
3005,correction,nf,feminine,correction,alors j’ai fait cette correction,so I made this correction,kɔʀɛksjɔ͂
3006,vocation,nf,feminine,"vocation, calling",c’est là qu’il trouva sa vocation,that’s where he found his calling in life,vɔkasjɔ͂
3007,facture,nf,feminine,"invoice, bill",les gens ne peuvent payer leurs factures,people can’t pay their bills,faktyʀ
3008,relancer,v,,"to throw back, restart, relaunch",cela aurait pour effet de relancer l’économie,this will produce an economic recovery,ʀ(ə)lɑ͂se
3009,luxe,nm,masculine,luxury,la colère est un luxe que je ne peux me permettre,anger is a luxury I can’t afford,lyks
3010,nomination,nf,feminine,"appointment, nomination",j’ai été très heureux d’apprendre votre nomination,I was very pleased to hear of your nomination,nɔminasjɔ͂
3011,poster,"nm,v",masculine,"poster; to post, mail",nous y avons posté une vigie,we set up a stakeout,pɔste
3012,bar,nm,masculine,bar,nous buvons un café dans le bar voisin,we’re drinking a coffee in the local bar,baʀ
3013,tantôt,adv,,"this afternoon, sometimes","des voix tantôt masculines, tantôt féminines","voices that were sometimes masculine, sometimes feminine",tɑ͂to
3014,publiquement,adv,,publicly,il ne voulait pas critiquer publiquement ses supérieurs,he didn’t want to publicly criticize his superiors,pyblikmɑ͂
3015,gueule,nf,feminine,"mouth, trap",ferme ta grande gueule!,shut your big trap!,gœl
3016,comparable,adj(f),,comparable,le bruit était comparable à une explosion,the noise was like an explosion,kɔ͂paʀabl
3017,sympathie,nf,feminine,"liking, warmth, friendship, sympathie",vous avez ma sympathie,you have my sympathy,sɛ͂pati
3018,structurel,adj,,structural,il y a des pressions structurelles dans le système de santé,there are structural pressures in the health system,stʀyktyʀɛl
3019,dispenser,v,,"to exempt, avoid",vous pouvez me dispenser de vos commen- taires,you can spare me your commen- taries,dispɑ͂se
3020,copain,nm,masculine,"friend, buddy, mate","ils deviennent copains, amis, amoureux bientôt","they soon became buddies, friends, lovers","kɔpɛ͂, kɔpin"
3021,aligner,v,,"to lign up, align",il aligna sur le comptoir les trois piécettes d’argent,he lined up three small silver coins on the counter,aliɲe
3022,absorber,v,,"to absorb, remove, take up, take over","j’étais absorbé, obsédé par mes recherches","I was absorbed, obsessed by my research",apsɔʀbe
3023,compagnon,nm,masculine,"companion, craftsman, journeyman",il invitait souvent des compagnons de son âge à venir,he often invited his same-age companions to come over,kɔ͂paɲɔ͂
3024,déroulement,nm,masculine,"development, progress",nous avons examiné le déroulement des événements,we studied the unfolding of the events,deʀulmɑ͂
3025,dévoiler,v,,"to unveil, reveal, disclose",pouvez-vous nous dévoiler l’évolution de l’intrigue?,can you reveal to us how the affair unfolded?,devwale
3026,opérationnel,adj,,"operational, operating",tous les systèmes sont opérationnels,all systems are operational,ɔpeʀasjɔnɛl
3027,freiner,v,,"to brake, slow down",il se peut que je freine brusquement,I might brake suddenly,fʀene
3028,rattraper,v,,"to recapture, recover, catch up, make up for",il a fallu plus tard rattraper le temps perdu,later we had to make up for lost time,ʀatʀape
3029,matinée,nf,feminine,morning,j’ai passé la matinée à lire,I spent the morning reading,matine
3030,régir,v,,to govern,nous avons des lois pour régir les activités de la presse,we have laws to govern the activities of the press,ʀeʒiʀ
3031,poème,nm,masculine,poem,souviens-toi du poème que je t’ai fait lire,remember the poem that I had you read,pɔɛm
3032,bassin,nm,masculine,"bowl, basin",une large allée centrale menait à un bassin,a large central alley led to a reservoir,basɛ͂
3033,éteindre,v,,"to extinguish, put out, turn off",elle a éteint la lumière,she turned off the light,etɛ͂dʀ
3034,ministériel,adj,,ministerial; minister,les ministériels devraient voter selon leur conscience,the ministers should vote according to their conscience,ministeʀjɛl
3035,rage,nf,feminine,"rage, fury, rabies",la guerre fait rage dans les ténèbres,war is raging in the darkness,ʀaʒ
3036,enregistrement,nm,masculine,"recording, registration, check-in, logging","pour moi, les enregistrements falsifient la psychanalyse","for me, recordings falsify psychoanalysis",ɑ͂ʀ(ə)ʒistʀəmɑ͂
3037,débarquer,v,,"to unload, land, disembark",de nouveaux groupes étrangers ont débarqué en Italie,new groups of foreigners have landed in Italy,debaʀke
3038,systématiquement,adv,,systematically,ce genre de choses sort systématiquement,this kind of thing happens systematically,sistematikmɑ͂
3039,énormément,adv,,enormously,j’ai énormément d’admiration pour lui,I have a lot of admiration for him,enɔʀmemɑ͂
3040,respirer,v,,to breath,"respirez à fond, calmez-vous","breathe deeply, calm down",ʀɛspiʀe
3041,dictature,nf,feminine,dictatorship,nous voulons éviter une nouvelle dictature,we want to avoid a new dictatorship,diktatyʀ
3042,acheteur,nm,masculine,"buyer, purchaser",le gouvernement est le plus gros acheteur de biens,the government is the greatest purchaser of goods,"aʃtœʀ, -øz"
3043,équiper,v,,"to equip, kit out, fit out, tool up",quelque 1.800 caméras de surveillance équipent les gares,"the train stations are equipped with some 1,800 surveillance cameras",ekipe
3044,édifice,nm,masculine,building,un édifice s’élève pierre à pierre,a building is constructed one stone at a time,edifis
3045,lot,nm,masculine,"share, prize, lot",la négligence sera le lot de cet enfant du malheur,negligence will be the lot of this child of misfortune,lo
3046,fondement,nm,masculine,foundation,l’avenir reposait sur ces fondements,the future rested on this foundation,fɔ͂dmɑ͂
3047,spirituel,nadj,masculine,"witty, spiritual, sacred",c’est une fiction moderne spirituelle et intelligente,it’s a modern work of fiction that’s spiritual and intelligent,spiʀitɥɛl
3048,fournisseur,nm,masculine,"supplier, provider",je ne suis que le fournisseur. je ne sais rien,I’m only the middleman. I don’t know anything,"fuʀnisœʀ, -øz"
3049,détriment,nm,masculine,detriment,la mondialisation se fait au détriment des moins forts,globalizaton occurs to the detriment of the weak,detʀimɑ͂
3050,unanime,adj(f),,unanimous,elle a reçu l’approbation unanime de l’opinion publique,she received unanimous approval from public opinion,ynanim
3051,agiter,v,,"to shake, disturb",le sujet agite beaucoup la presse,the subject really stirs up the press,aʒite
3052,élimination,nf,feminine,elimination,il avait programmé l’élimination des paysans,he engineered the elimination of all peasants,eliminasjɔ͂
3053,nazi,nadj,masculine,Nazi,négocier avec les nazis? jamais,negotiate with the Nazis? never,nazi
3054,col,nm,masculine,"collar, mountain pass",tu devrais arranger un peu ton col,you should adjust your collar,kɔl
3055,impressionner,v,,"to impress, upset",vous avez impressionné nos collègues,you impressed our colleagues,ɛ͂pʀesjɔne
3056,accessible,adj(f),,"accessible, approachable",je pense être un patron plutôt accessible,I think I’m a rather approachable boss,aksesibl
3057,résidence,nf,feminine,"residence, block of flats",bienvenue dans ma résidence d’été,welcome to my summer residence,ʀezidɑ͂s
3058,dedans,"adv,nm(pl),prep",masculine,"inside, indoors",je suis tombé dedans quand j’étais petit,I fell into it when I was young,d(ə)dɑ͂
3059,agressif,nadj,,aggressive,"elle est devenue agressive, hostile","she has become aggressive, hostile","agʀesif, -iv"
3060,loger,v,,"to put up, accommodate, stay, find accommodation",nous savons maintenant où ils se logent,we know where they live now,lɔʒe
3061,ouvertement,adv,,"openly, overtly",il a parlé assez ouvertement,he spoke openly enough,uvɛʀtəmɑ͂
3062,patience,nf,feminine,patience,leur patience avait des limites,their patience had limits,pasjɑ͂s
3063,stimuler,v,,to stimulate,elle ne stimule aucunement l’immunité cellulaire,it in no way stimulates the cell’s immunity,stimyle
3064,classement,nm,masculine,"classification, ranking",tes classements aux courses ont été excellents l’an dernier,your race results were excellent last year,klɑsmɑ͂
3065,arrestation,nf,feminine,arrest,vous êtes en état d’arrestation,you are under arrest,aʀɛstasjɔ͂
3066,longuement,adv,,at length,"elle m’a longuement regardé, sans colère","she looked at me for a long time, without anger",lɔ͂gmɑ͂
3067,ancêtre,"nm,nf",masc / fem,"ancestor, forerunner","en fait, mes ancêtres viennent d’lnde","in fact, my ancestors come from India",ɑ͂sɛtʀ
3068,intensité,nf,feminine,intensity,ils relayent la vérité avec la même intensité que les mensonges,they convey the truth as intently as they do lies,ɛ͂tɑ͂site
3069,grandeur,nf,feminine,"size, greatness",la grandeur dominait dans ce cercle d’élite,the grandeur dominated in this circle of the elite,gʀɑ͂dœʀ
3070,entraînement,nm,masculine,"training, coaching, drive","bien joué, ton entraînement est terminé",well done—your training is complete,ɑ͂tʀɛnmɑ͂
3071,déborder,v,,"to overflow, boil over, go out, go over",je suis débordé au travail,I’m swamped at work,debɔʀde
3072,conducteur,nadj,masculine,"driver, operator, conductor",le conducteur a été tué sur le coup,the driver was killed instantly,kɔ͂dyktœʀ
3073,pollution,nf,feminine,pollution,il y a des risques importants de pollution,there’s a significant risk of pollution,pɔlysjɔ͂
3074,islamique,adj(f),,Islamic,nous incarnons un mouvement islamique révolutionnaire,we embody a revolution- ary Islamic movement,islamik
3075,attribution,nf,feminine,"awarding, allocation, assignment, attribution",certaines attributions en matière nucléaire relèvent encore des états,some preroga- tives relative to nuclear power still depend on the states,atʀibysjɔ͂
3076,caméra,nf,feminine,camera,ils ont souri devant les caméras,they smiled in front of the cameras,kameʀa
3077,dissimuler,v,,"to conceal, hide",l’homme semble dissimuler un passé secret,the man seems to conceal a secret past,disimyle
3078,chronique,nadj(f),feminine,"chronic, column, page, chronicle",c’est un mal chronique auquel il va falloir s’attaquer,it’s a chronic illness that should be attacked,kʀɔnik
3079,ère,nf,feminine,era,nous vivons à l’ère de la mondialisation,we live in an era of globalization,ɛʀ
3080,rappel,nm,masculine,"reminder, summary, recall, return, remember",je suis un rappel d’un moment douloureux de ta vie,I’m a reminder of a painful time of your life,ʀapɛl
3081,fabricant,nm,masculine,manufacturer,rien ne semble effrayer le fabricant français,nothing seems to scare the French manufacturer,"fabʀikɑ͂, ɑ͂t"
3082,utilité,nf,feminine,"use, usefulness,",tu ne m’es d’aucune utilité,you are of no use to me,ytilite
3083,ethnique,nadj(f),,ethnic,les luttes politiques entre divers groupes ethniques,the political struggle between different ethnic groups,ɛtnik
3084,annexe,"adj(f),nf",feminine,"annex, appendix, related issue",le texte du rapport figure à l’annexe,the text of the report is located in the appendix,anɛks
3085,interlocuteur,nm,masculine,speaker,vous aimez voir les yeux de vos interlocu- teurs,you like to see the eyes of the people you talk to,"ɛ͂tɛʀlɔkytœʀ, -tʀis"
3086,spécifier,v,,to specify,je ne peux pas spécifier l’année,I can’t specify the year,spesifje
3087,souple,adj(f),,"supple, agile, soft, floppy, flexible",faut être agile et souple,you gotta be agile and flexible,supl
3088,rémunération,nf,feminine,"remuneration, payment, pay",comment jugez-vous la rémunération des dirigeants français,what do you think of French leaders’ pay?,ʀemyneʀasjɔ͂
3089,faillite,nf,feminine,"bankruptcy, collapse, failure",beaucoup d’entre eux devront déclarer faillite,many of them will have to declare bankruptcy,fajit
3090,touchant,"adj,prep",,"with regard to, concerning, touching, moving",c’est un personnage très touchant,he has a very touching personality,tuʃɑ͂
3091,hostile,adj(f),,hostile,les rues me semblaient hostiles,the streets seemed hostile to me,ɔstil
3092,imprimer,v,,"to print, print out",je demande que ce rapport soit imprimé,I request that this report be printed,ɛ͂pʀime
3093,abuser,v,,"to abuse, mislead, take advantage","j’ai été injuste, j’ai abusé de ma force","I was unjust, I abused my authority",abyze
3094,vérification,nf,feminine,"check, verification",arrêtez-le au coin pour vérification,stop him at the corner for an identity check,veʀifikasjɔ͂
3095,aveugle,nadj(f),masc / fem,blind,un jour tu seras aveugle. comme moi,someday you’ll be blind. like me,avœgl
3096,jurer,v,,to swear,je jure sur la tombe de ma grand-mère,I swear on my grandmother’s grave,ʒyʀe
3097,trésor,nm,masculine,"treasure, treasury",t’es complètement obsédé par un trésor,you’re completely obsessed by a treasure,tʀezɔʀ
3098,vingtaine,nf,feminine,about twenty,une vingtaine de personnes auraient été interpellées,about 20 persons were apparently summoned,vɛ͂tɛn
3099,séquence,nf,feminine,sequence,certaines séquences virales protègent les cellules,some viral sequences protect cells,sekɑ͂s
3100,musicien,nadj,masculine,musician,ça prend de vrai musiciens pour jouer du blues,it takes true musicians to play the blues,"myzisjɛ͂, jɛn"
3101,routier,nadj,masculine,"road, long-distance lorry or truck driver",nous avons besoin d’un réseau routier continental,we need a continental network of roads,ʀutje
3102,embrasser,v,,"to kiss, embrace",je n’embrasse pas des inconnus. moi non plus,I don’t kiss strangers. neither do I,ɑ͂bʀase
3103,échéance,nf,feminine,"expiration date, date of payment, deadline",le contrat arrive à échéance dans quelques mois,the contract expires in a few months,eʃeɑ͂s
3104,surplus,nm(pl),masculine,surplus,"s’il y a des surplus, je les prends","if there’s a surplus, I’ll take them",syʀply
3105,prématuré,nadj,,premature,c’est le résultat de la mort prématurée de ta mère,it results from the premature death of your mother,pʀematyʀe
3106,décrocher,v,,"to take down, take off, pick up, lift",je me suis enfin décidé à décrocher le téléphone,I finally decided to pick up the telephone receiver,dekʀɔʃe
3107,rembourser,v,,"to reimburse, pay back, pay off, repay",la compagnie d’assurance me remboursera de toute manière,"anyway, the insurance company will reimburse me",ʀɑ͂buʀse
3108,adhérer,v,,"to stick to, support, join, be a member of","quoi que vous fassiez, adhérez à l’Union","whatever you do, join the Union!",adeʀe
3109,défenseur,"nm,nf",masculine,defender,mon fusil et moi sommes les défenseurs de ma patrie,my rifle and I are the defenders of my homeland,defɑ͂sœʀ
3110,citation,nf,feminine,"quote, quotation, citation",j’aimerai mentionner quelques citations,I would like to mention some citations,sitasjɔ͂
3111,reconstruction,nf,feminine,reconstruction,"après notre victoire, la reconstruction sera très rapide","after our victory, reconstruction will be very swift",ʀ(ə)kɔ͂stʀyksjɔ͂
3112,retomber,v,,"to fall again, fall down again","il essaie de se lever, retombe","he tried to stand up, falls down again",ʀ(ə)tɔ͂be
3113,pourvoir,v,,"to provide, equip, supply, furnish","dans quelques années, l’Iran sera pourvu de l’arme nucléaire","in a few years, Iran will be equipped with the nuclear weapon",puʀvwaʀ
3114,systématique,nadj(f),,systematic,la théologie comporte une partie systéma- tique,theology includes a systematic component,sistematik
3115,véritablement,adv,,"truly, really","elle me démolit, véritablement. elle vous démolit?","she destroys me, really. does she destroy you?",veʀitabləmɑ͂
3116,parallèlement,adv,,"in parallel, similarly",j’ai toujours mené parallèlement le travail poétique et le travail social,I always kept my poetic work and social work in parallel,paʀalɛlmɑ͂
3117,légume,"nm,nf",masculine,vegetable,je ne mange pas de légumes non plus,I don’t eat vegetables either,legym
3118,francophone,adj(f),masc / fem,"French-speaking, French speaker, francophone",nous devons parler français avec les francophones,we should speak French with francophones,fʀɑ͂kɔfɔn
3119,émaner,v,,"to issue from, emanate from, come from, radiate from","quelque chose émane de lui, non?","something radiates from him, doesn’t it?",emane
3120,souffle,nm,masculine,"breath, puff",je détournais la tête en retenant mon souffle,I turned away my head and held my breath,sufl
3121,lac,nm,masculine,lake,je vais vous faire courir autour du lac,I’m going to make you run around the lake,lak
3122,souhait,nm,masculine,wish,"fais un souhait, mon chéri","make a wish, my dear",swɛ
3123,prévaloir,v,,to prevail,les Etats-Unis se félicitent d’avoir fait prévaloir leurs vues,the U.S. is proud of having made its views prevail,pʀevalwaʀ
3124,sixième,"det,nm,nf",masc / fem,sixth,je crois que c’est la sixième saison de cette émission,I think it’s this program’s sixth season,sizjɛm
3125,enveloppe,nf,feminine,envelope,elle a fait tomber une enveloppe dans ma chambre,she dropped an envelope in my room,ɑ͂vlɔp
3126,extension,nf,feminine,"extension, stretching, expansion",on craint surtout l’extension de la guerre civile,our worst fear is an extension of the civil war,ɛkstɑ͂sjɔ͂
3127,effondrer,v,,"to collapse, cave in, fall down",notre pays était complètement effondré,our country had suffered a complete meltdown,efɔ͂dʀe
3128,apprêter,v,,"to prepare, get ready, dress",nous nous apprêtons à adopter un nouveau système,we’re preparing to adopt a new system,apʀete
3129,anonyme,adj(f),masc / fem,anonymous,on parle d’une adresse anonyme sur l’Internet,people talk about an anonymous Internet address,anɔnim
3130,cibler,v,,to target,elles pourront frapper des groupes ciblés,they can strike the targeted groups,sible
3131,additionnel,adj,,additional,elle n’a pas besoin de fonds additionnels,she has no need of additional funds,adisjɔnɛl
3132,excès,nm(pl),masculine,"excess, surplus, abuse",il y a eu un excès de confiance chez certains,some of them had an excess of confidence,ɛksɛ
3133,douzaine,nf,feminine,dozen,il a écrit une douzaine de poèmes courts,he wrote about a dozen short poems,duzɛn
3134,turc,"adj,nm",masculine,"Turk, Turkish",les Turcs musulmans se répandirent en Europe,the Moslem Turks spread across Europe,tyʀk
3135,incertain,nadj,,"uncertain, unsure",la frontière qui les sépare est incertaine,the border separating them is poorly defined,ɛ͂sɛʀtɛ͂
3136,épouser,v,,"to marry, wed",je veux t’épouser,I want to marry you,epuze
3137,consensus,nm(pl),masculine,consensus,il faut obtenir un vaste consensus,we need a vast consensus,kɔ͂sɛ͂sys
3138,chat,nm,masculine,cat; chat,je crois qu’un chat a dormi sur ma tête hier,I think a cat slept on my head yesterday,ʃa
3139,avertissement,nm,masculine,warning,tu m’avais déjà donné un avertissement,you had already warned me,avɛʀtismɑ͂
3140,excédent,nm,masculine,surplus,nous savons que l’excédent va cesser d’augmenter,we know that the surplus will stop increasing,ɛksedɑ͂
3141,mondialisation,nf,feminine,"internationalisation, globalisation",je suis pour une mondialisation avec des règles éthiques,I’m all for globalization with ethical rules,mɔ͂djalizasjɔ͂
3142,conventionnel,nadj,,conventional,ces missiles étaient équipés de têtes conventionnelles,these missiles were equipped with conventional warheads,kɔ͂vɑ͂sjɔnɛl
3143,unanimité,nf,feminine,unanimity,leur décision devra être prise à l’unanimité,their decision will have to be made unanimously,ynanimite
3144,romain,adj,masculine,Roman,elle heurta le soldat romain sur le casque,she slugged the Roman soldier on the helmet,"ʀɔmɛ͂, ɛn"
3145,inégalité,nf,feminine,"difference, uneveness, inequality",il protesta avec véhémence contre cette inégalité,he vehemently protested this inequality,inegalite
3146,originaire,adj(f),,"original, first, native to",je suis originaire d’Europe de l’Est,I come from Eastern Europe,ɔʀiʒinɛʀ
3147,finale,"nm,nf",feminine,"finale, final event","c’est la finale du foot, le Super Bowl","it’s the football championship, the Super Bowl",final
3148,mademoiselle,nf,feminine,Miss,"excusez moi, mademoiselle. vous pouvez m’aider?","excuse me, miss. can you help me?","mad(ə)mwazɛl, med(ə)mwazɛl"
3149,coûteux,adj(pl),,"expensive, costly",l’équipement individuel est extrêmement coûteux,the standalone equipment is very expensive,"kutø, -øz"
3150,ventre,nm,masculine,"belly, stomach","il s’approchait, son ventre brillait entre les vagues","he approached, his stomach glistening among the waves",vɑ͂tʀ
3151,soixante,"det,nmi",,sixty,il y a plus de soixante ans que j’en ai perdu l’habitude,I dropped the habit over sixty years ago,swasɑ͂t
3152,bière,nf,feminine,beer; coffin,je veux prendre deux bouteilles de bière avant de partir,I want to take two bottles of beer before leaving,bjɛʀ
3153,passif,nadj,masculine,"passive, liabilities",nous ne jouons pas un rôle passif,we’re not playing a passive role,pasif
3154,interrogation,nf,feminine,"question, interviewing, interrogation, questioning, test",je laisse toutes ces interrogations à votre réflexion,I leave all these questions to your pondering,ɛ͂teʀɔgasjɔ͂
3155,voile,"nm,nf",masc / fem,"veil, sail",j’ai le vent dans les voiles,I have the wind in my sails,vwal
3156,accentuer,v,,"to stress, to emphasize, become more pronounced",la méfiance entre salariés et employeurs s’accentue,the mistrust between salaried workers and employers is growing,aksɑ͂tɥe
3157,rattacher,v,,"to attach, join, tie",a quelle école vous rattachez-vous?,what school do you go to?,ʀataʃe
3158,manuel,"adj,nm",masculine,manual,il faudra écrire un manuel d’utilisation,we’ll need to write a user’s manual,manɥɛl
3159,contracter,v,,"to contract, take out, tense",elles ont contracté la maladie,they contracted the sickness,kɔ͂tʀakte
3160,territorial,adj,,"territorial, land",le droit à l’intégrité territoriale est inscrit dans la loi,the right to territorial integrity is upheld in the law,"teʀitɔʀjal, jo"
3161,subsister,v,,"to subsist, remain","le racisme, lui, subsiste encore",but racism still remains,sybziste
3162,carré,nadj,masculine,"square, broad, plain",la salle était petite et carrée,the room was small and square,kaʀe
3163,voleur,nadj,masculine,"thief, light-fingered",je ne suis pas un voleur,I’m not a thief,"vɔlœʀ, -øz"
3164,centrale,nf,feminine,"power station, central office",ce devait être la plus grande centrale électrique au gaz naturel,it was supposed to be the largest natural gas electrical power station,sɑ͂tʀal
3165,pôle,nm,masculine,pole,il sera parti au Pôle Nord,he will have left for the North Pole,pol
3166,délit,nm,masculine,"crime, offence",tous avaient été surpris en flagrant délit,they were all caught in the act,deli
3167,usager,nm,masculine,user,l’usager modifie les paramètres de renvoi d’appel,the user modifies the call forwarding parameters,"yzaʒe, -ɛʀ"
3168,musical,adj,,musical,ce genre musical est plus anglophone que francophone,this style of music is more English than French,"myzikal, o"
3169,allumer,v,,"to switch on, light up, turn on",allumons la télé,let’s turn on the TV,alyme
3170,quelquefois,adv,,sometimes,quelquefois je pense qu’il a raison,sometimes I think he’s right,kɛlkəfwa
3171,disperser,v,,"to scatter, spread, disperse",l’armée va disperser la foule,the army’s going to disperse the crowd,dispɛʀse
3172,déchirer,v,,"to tear up, tear, rip",le papier était déchiré,the paper was torn,deʃiʀe
3173,mépris,nm(pl),masculine,"contempt, scorn, disdain",je n’ai plus que du mépris pour elle,I have nothing but disdain for her,mepʀi
3174,échantillon,nm,masculine,sample,les échantillons sont faciles à transporter,the samples are easy to transport,eʃɑ͂tijɔ͂
3175,continuité,nf,feminine,"continuity, continuation",nous sommes conscients de la continuité de cet effort,we are aware of the ongoing nature of this effort,kɔ͂tinɥite
3176,fichier,nm,masculine,file,ouvrez simplement un nouveau fichier,just open a new file,fiʃje
3177,conquête,nf,feminine,conquest,il rêve de conquêtes militaires,he dreams of military conquests,kɔ͂kɛt
3178,contourner,v,,"to bypass, go round","avec les chariots, on va contourner les rapides","with the wagons, we’ll bypass the rapids",kɔ͂tuʀne
3179,supplément,nm,masculine,"supplement, extra",on pourrait peut-être obtenir en douce un supplément de papier,maybe they can sneak us an extra quantity of paper,syplemɑ͂
3180,sincère,adj(f),,sincere,j’offre mes sincères condoléances à sa famille,I offer my sincere sympathies to his family,sɛ͂sɛʀ
3181,optique,nadj(f),feminine,"optical, optic, perspective",j’étais dans une optique de colonie de vacances,I was in a vacation colony frame of mind,ɔptik
3182,maximal,adj,,maximal,le seuil de pollution maximale avait été atteint,the maximum pollution level was reached,"maksimal, o"
3183,permission,nf,feminine,"permission, leave","avec votre permission, je me retire","with your permission, I shall withdraw",pɛʀmisjɔ͂
3184,méchant,nadj,masculine,"nasty, wicked, mean",ce vilain méchant ne te fera rien,this no-good jerk won’t do anything to you,"meʃɑ͂, ɑ͂t"
3185,idéologie,nf,feminine,ideology,je n’approuvais pas son idéologie économique,I didn’t approve of his economic ideology,ideɔlɔʒi
3186,interview,nf,feminine,interview,ils préfèrent donner des interviews téléphoniques,he prefers being interviewed on the telephone,ɛ͂tɛʀvju
3187,désespoir,nm,masculine,despair,votre rire trahit un désespoir hystérique,your laugh betrays a hysterical despair,dezɛspwaʀ
3188,humeur,nf,feminine,"mood, temper",il paraissait de bonne humeur,he seemed to be in a good mood,ymœʀ
3189,demandeur,nm,masculine,"seeker, complainant",personne n’avait voulu accueillir les demandeurs d’asile,nobody wanted to welcome the asylum seekers,"d(ə)mɑ͂dœʀ, -øz"
3190,horrible,adj(f),,"horrible, terrible, dreadful, hideous",la violence est une chose horrible,violence is a horrible thing,ɔʀibl
3191,conquérir,v,,to conquer,tu dois conquérir la foule ... pour conquérir ta liberté,you must conquer the crowds ... to conquer your freedom,kɔ͂keʀiʀ
3192,horaire,nadj(f),masculine,"schedule, timetable, hourly",j’ai un horaire assez chargé,I have a rather busy schedule,ɔʀɛʀ
3193,encouragement,nm,masculine,encouragement,je crois qu’il apprécie les encouragements,I think he appreciated the encouragement,ɑ͂kuʀaʒmɑ͂
3194,motiver,v,,"to justify, account for, motivate",qu’est-ce qui vous a motivé à écrire ce livre?,what motivated you to write this book?,mɔtive
3195,plier,v,,"to fold, fold up, fold back, bend",j’ai un lit pliant,I have a folding cot,plije
3196,homologue,adj(f),masc / fem,"counterpart, homologue",j’en discuterai avec mon homologue,I’ll discuss it with my counterpart,ɔmɔlɔg
3197,successif,adj,,successive,les déplacés sont arrivés par vagues successives,the displaced persons arrived in successive waves,"syksesif, -iv"
3198,manifestement,adv,,"manifestly, clearly",elle a manifestement bénéficié d’un large soutien,she clearly enjoyed widespread support,manifɛstəmɑ͂
3199,olympique,adj(f),,Olympic,il s’était dopé pour les Jeux olympiques,he doped himself for the Olympic Games,ɔlɛ͂pik
3200,littéralement,adv,,literally,les radiations vont littéralement cuire la planète,radiation will literally cook the planet,liteʀalmɑ͂
3201,reproduction,nf,feminine,reproduction,j’ai une superbe collection de reproductions,I have a superb collection of reproductions,ʀ(ə)pʀɔdyksjɔ͂
3202,propice,adj(f),,"favorable, auspicious propitious",la situation n’était pas très propice,the situation was not ideal,pʀɔpis
3203,chèque,nm,masculine,check,nous réglerons par chèque en fin de mois de livraison,we will pay by check at the end of each delivery’s month,ʃɛk
3204,explorer,v,,"to explore, investigate, examine",il faudrait explorer le coin,the place should be explored,ɛksplɔʀe
3205,matériau,nm,masculine,material,"le granit est un matériau noble, solide, éternel","granite is a noble, solid, eternal material",mateʀjo
3206,dépendance,nf,feminine,"dependence, dependency",la cocaïne ne crée pas de dépendance physique,cocaine doesn’t create a physical addiction,depɑ͂dɑ͂s
3207,nu,nadj,masculine,"naked, nude",au fait . . . j’aime dormir nu,in fact . . . I like to sleep in the nude,ny
3208,poignée,nf,feminine,"handful, fistful, handle",il saisit la valise par la poignée,he grasped the suitcase by the handle,pwaɲe
3209,abaisser,v,,"to pull down, lower, reduce",les prix ne sont pas abaissés proportionnellement aux coûts,the prices aren’t reduced proportionately to costs,abese
3210,divergence,nf,feminine,"divergence, difference",les divergences persistent entre les grandes puissances,differences persist among the superpowers,divɛʀʒɑ͂s
3211,restant,"adj,nm",masculine,"remaining, the rest, the remainder","elle sera toujours là, pour le restant de mes jours","she will always be there, for the rest of my days",ʀɛstɑ͂
3212,détention,nf,feminine,"detention, possession",il existe des règles sur la détention de prisonniers,there are rules for detaining prisoners,detɑ͂sjɔ͂
3213,étouffer,v,,"to suffocate, smother, muffle",elle avait été contrainte de l’étouffer,she was forced to suffocate him,etufe
3214,inscription,nf,feminine,"registration, enrolment; engraving","c’est quoi, l’inscription, sur votre casque?",what does the engraving on your helmet say?,ɛ͂skʀipsjɔ͂
3215,montée,nf,feminine,"climb, ascent, rise, raising",la demande interne reste bridée par la montée du chômage,internal demand remains flat due to the climb in unemployment,mɔ͂te
3216,approvisionnement,nm,masculine,"supply, supplies, stock, supplying, stocking",les approvisionnements ont été réduits de 25 %,supplies have been reduced by 25%,apʀɔvizjɔnmɑ͂
3217,municipalité,nf,feminine,municipality,dans chaque municipalité on en trouve des écoles françaises,in every municipality there are French schools,mynisipalite
3218,consécutif,adj,,consecutive,"pour la seconde année consécutive, la croissance sera négative","for the second consecutive year, growth will be negative","kɔ͂sekytif, -iv"
3219,nuage,nm,masculine,cloud,quelques petits nuages se roulaient en boule dans le ciel,a few small clouds somersaulted through the sky,nɥaʒ
3220,institutionnel,adj,,institutional,"là, plus aucun lieu institutionnel ne les protège","there, no institutional tie protects them",ɛ͂stitysjɔnɛl
3221,confédération,nf,feminine,confederation,les quatre confédérations ont arrêté leur décision mardi,the four confederations announced their decision Tuesday,kɔ͂fedeʀasjɔ͂
3222,quiconque,pro,,"whoever, anyone who",je donnerais ma chemise à quiconque en aurait besoin,I would give my shirt to anyone who needed it,kikɔ͂k
3223,vendeur,nm,masculine,"salesman, seller","ça, c’est un vendeur. il a fait une promesse",now there’s a salesman. he’s made a promise,"vɑ͂dœʀ, -øz"
3224,réplique,nf,feminine,"reply, retort; replica",c’est une réplique de la Grande Pyramide de Giza,it’s a replica of the Great Pyramid of Giza,ʀeplik
3225,acquitter,v,,"to acquit, pay, settle, pay off",il a été acquitté de l’accusation,he was acquitted of the charge,akite
3226,intervalle,nm,masculine,"space, distance, interval",il passe devant moi à des intervalles sans doute réguliers,he passes before me in what must be regular intervals,ɛ͂tɛʀval
3227,métro,nm,masculine,"underground, metro",toutes les lignes de métro fonctionnaient,all the subway lines were working,metʀo
3228,coutume,nf,feminine,custom,la coutume est une seconde nature,customs are a kind of second nature,kutym
3229,fatiguer,v,,"to tire, get tired","si j’étais fatigué, je dormais","if I was tired, I went to sleep",fatige
3230,panique,nadj(f),feminine,panic,ils essaient de créer la panique,they are trying to cause panic,panik
3231,abriter,v,,"to shelter, shade",je sais où ce monstre s’abrite,I know where this monster is hiding out,abʀite
3232,variété,nf,feminine,variety,il y a une variété infinie de biocombustibles,there’s an infinite variety of biofuels,vaʀjete
3233,bulletin,nm,masculine,"bulletin, report",mais vous avez quand même un bulletin de météo,but you at least have a weather forecast,byltɛ͂
3234,flotte,nf,feminine,fleet,la flotte japonaise a pris la fuite,the Japanese fleet escaped,flɔt
3235,décourager,v,,"to discourage, dishearten, lose heart",il ne faut surtout pas se décourager,"whatever you do, don’t get discouraged",dekuʀaʒe
3236,poussière,nf,feminine,dust,tu es poussière et tu retourneras en poussière,dust thou art and unto dust shalt thou return,pusjɛʀ
3237,fierté,nf,feminine,pride,ils ont la fierté d’être des propriétaires,they have the pride of ownership,fjɛʀte
3238,épisode,nm,masculine,episode,cette musique ne ressemblait à aucun épisode de son existence,this music didn’t resemble any episode of his existence,epizɔd
3239,détacher,v,,"to untie, detach, remove",détachez votre roue de secours,remove your spare tyre,detaʃe
3240,interface,nf,feminine,interface,trois éléments d’interface sont définis pour le flux d’information,three interfaces are defined for the information flow,ɛ͂tɛʀfas
3241,administrateur,nm,masculine,administrator,voyez comme on est de très bons adminis- trateurs,see how we’re such good administrators,"administʀatœʀ, -tʀis"
3242,doucement,adv,,"gently, softly",il a refermé la porte tout doucement,he closed the door very gingerly,dusmɑ͂
3243,quoique,conj,,"although, though","je n’écrirai plus, quoique j’en souffre","I don’t write any more, though I suffer because of it",kwak(ə)
3244,projection,nf,feminine,"projection, ejection, discharge",il y avait des projections sur un écran,there were projections on a screen,pʀɔʒɛksjɔ͂
3245,treize,"det,nmi",,thirteen,onze cafards ... douze cafards ... treize cafards,eleven cockroaches ... twelve cockroaches ... thirteen cockroaches,tʀɛz
3246,antenne,nf,feminine,antenna,il y a une antenne sur le toit?,is there an antenna on the roof?,ɑ͂tɛn
3247,tarif,nm,masculine,"price, rate, fare, tariff",le contenu du message dépendra du tarif,the content of the message will depend on the rate,taʀif
3248,remplacement,nm,masculine,"replacement, standing in",il vous en donne une nouvelle en remplace- ment de votre carte perdue,he’s giving you a new replacement for your lost card,ʀɑ͂plasmɑ͂
3249,devise,nf,feminine,"currency, motto, slogan",le dollar progressait également face aux autres devises,the dollar also gained over the other currencies,d(ə)viz
3250,optimisme,nm,masculine,optimism,"selon moi, son optimisme ne se justifie pas","in my opinion, his optimism isn’t justified",ɔptimism
3251,chanteur,nadj,masculine,singer,elle réalisait son rêve. elle était chanteuse,she fulfilled her dream. she was a singer,"ʃɑ͂tœʀ, -øz"
3252,décret,nm,masculine,decree,le président a signé un décret,the president signed a decree,dekʀɛ
3253,écrit,nadj,masculine,writing,"hélas, tous ses écrits sont perdus!","alas, all of his writings have been lost!",ekʀi
3254,suggestion,nf,feminine,suggestion,cette suggestion enchanta le directeur,this suggestion charmed the director,sygʒɛstjɔ͂
3255,queue,nf,feminine,"tail, handle, stalk, stem, rear",faites la queue et ne poussez pas,get in line and don’t push,kø
3256,durement,adv,,"harshly, severely","nous avons assez durement vécu, en tant que nation","we have lived quite a harsh life, as a nation",dyʀmɑ͂
3257,applaudir,v,,"to clap, applaud",il voudrait que nous applaudissions son discours,he wanted us to applaud his talk,aplodiʀ
3258,sucre,nm,masculine,sugar,le marché du sucre se présentait comme une gourmandise,the sugar market resembled a piece of candy,sykʀ
3259,prioritaire,nadj(f),,"priority, having priority, having right of way",je te fais un passe prioritaire,I’ll give you a special-entry pass,pʀijɔʀitɛʀ
3260,chair,nf,feminine,flesh,elle était bien en chair,she looked overweight,ʃɛʀ
3261,exécutif,nadj,masculine,executive,la responsabilité du pouvoir exécutif doit être entière,the responsibility of executive power must be complete,ɛgzekytif
3262,compétent,adj,,competent,je ne suis pas compétent pour ce type d’opération,I’m not competent for this type of operation,"kɔ͂petɑ͂, ɑ͂t"
3263,sable,"adji,nm",masculine,sand,j’ai dormi dans le sable des dunes,I slept in the sand dunes,sɑbl
3264,corruption,nf,feminine,corruption,la population souffre de la corruption des politiciens,the population suffers from politicians’ corruption,kɔʀypsjɔ͂
3265,blé,nm,masculine,wheat,le blé n’est plus cultivé dans cette région,wheat is not cultivated in this region,ble
3266,chaos,nm(pl),masculine,chaos,"pour éviter la panique et le chaos, le public ne doit rien savoir","to avoid panic and chaos, the public must know nothing",kao
3267,référer,v,,"to refer, consult, refer to",je vous réfère à notre défense,I refer you to our defense,ʀefeʀe
3268,obéir,v,,"to obey, comply with, respond to",il n’obéit à aucune loi,he doesn’t obey any law,ɔbeiʀ
3269,fusil,nm,masculine,"rifle, gun","sans mon fusil, je ne suis rien","without my rifle, I’m nothing",fyzi
3270,taper,v,,"to beat, slam, bang, type",tapez Control-U pour vider le champ Répertoire,type Control-U to erase the Index field,tape
3271,cohérent,adj,,coherent,votre récit paraît cohérent et logique,your account seems coherent and logical,"koeʀɑ͂, ɑ͂t"
3272,discrétion,nf,feminine,discretion,elle était connue pour son absolue discrétion,she was well known for her total discretion,diskʀesjɔ͂
3273,odeur,nf,feminine,"smell, odor","il sentait mauvais, l’odeur des vieillards","he smelled bad, the stench of old men",ɔdœʀ
3274,identification,nf,feminine,identification,il n’a pas de papiers d’identification,he doesn’t have identity papers,idɑ͂tifikasjɔ͂
3275,fêter,v,,to celebrate,je crois qu’on devrait fêter ça,I think we should celebrate that,fete
3276,substantiel,adj,,substantial,on a fait une progression substantielle,we have made substantial progress,sypstɑ͂sjɛl
3277,asiatique,nadj(f),masc / fem,Asian,la Russie n’est un pays ni asiatique ni européen,Russia is neither an Asian country nor a European one,azjatik
3278,aspiration,nf,feminine,aspiration,nous devons répondre aux aspirations de ces pays,we must respond to the aspirations of these countries,aspiʀasjɔ͂
3279,photographie,nf,feminine,photography,vos photographies m’ont fait passer des heures inoubliables,I have spent several unforgettable hours with your photographs,fɔtɔgʀafi
3280,exclusion,nf,feminine,"exclusion, expulsion",la pauvreté et l’exclusion sociale sont en grave augmentation,poverty and social exclusion are increasing seriously,ɛksklyzjɔ͂
3281,préconiser,v,,"to recommend, advocate",je préconise la souplesse plutôt que la ligne dure,I recommend flexibility rather than a hard line,pʀekɔnize
3282,tribune,nf,feminine,"platform, forum, gallery",divers orateurs défilèrent à la tribune,various speakers filed up to the speaker’s gallery,tʀibyn
3283,bénéficiaire,nadj(f),masc / fem,beneficiary,nous demeurons les bénéficiaires des sacrifices,we are the beneficiaries of sacrifices,benefisjɛʀ
3284,historien,nm,masculine,historian,les historiens en débattront pendant longtemps,historians will debate this for a long time,"istɔʀjɛ͂, jɛn"
3285,seize,"det,nmi",,sixteen,elle y chante depuis l’âge de seize ans,she has been singing there since she was sixteen years old,sɛz
3286,tentation,nf,feminine,temptation,des tentations lui revinrent à l’esprit,temptations came into his mind,tɑ͂tasjɔ͂
3287,gloire,nf,feminine,"glory, fame","il ne recherche ni gloire, ni fortune",he seeks neither glory nor fortune,glwaʀ
3288,vanter,v,,"to vaunt, boast, brag",je suis con et je m’en vante,I’m an idiot and I’m proud of it,vɑ͂te
3289,coincer,v,,"to jam, hinder, get stuck",nous sommes coincés dans les embouteillages,we’re stuck in traffic jams,kwɛ͂se
3290,silencieux,nadj(pl),,"silent, noiseless, silencer",elle était silencieuse la plupart du temps,she was silent most of the time,silɑ͂sjø
3291,continu,nadj,,continuous,vous êtes fier de ce succès continu?,are you proud of this ongoing success?,kɔ͂tiny
3292,chantier,nm,masculine,"construction site, roadworks",je vais louer du matériel de chantier,I will rent construction-site equipment,ʃɑ͂tje
3293,croyance,nf,feminine,belief,votre salut viendra de votre croyance en la vérité,your salvation will come from your belief in truth,kʀwajɑ͂s
3294,ennui,nm,masculine,"boredom, trouble, worry",je parie que vous mourez d’ennui,I bet you’re dying of boredom,ɑ͂nɥi
3295,pompier,"adj,nm",masculine,"fireman, firefighter",les pompiers restaient pessimistes,the firemen remained pessimistic,pɔ͂pje
3296,inspection,nf,feminine,inspection,je dois faire une inspection sur place très minutieuse,I have to do a very thorough on-site inspection,ɛ͂spɛksjɔ͂
3297,convertir,v,,to convert,"vous vous êtes converti, vous avez changé d’idée","you have converted, you have new ideas",kɔ͂vɛʀtiʀ
3298,pouce,nm,masculine,"thumb, inch",votre père lève les pouces pour dire bravo,your father is giving a “well-done” thumbs-up sign,pus
3299,clientèle,nf,feminine,"customers, clientele",on a une clientèle d’habitués qui viennent et reviennent,we have a clientele of regulars who come and go,klijɑ͂tɛl
3300,atténuer,v,,"to lessen, diminish, dim, subdue, reduce",nous voulons atténuer la pauvreté,we want to reduce poverty,atenɥe
3301,révélation,nf,feminine,"diclosure, revelation",ce livre a été pour moi une révélation,this book was a revelation for me,ʀevelasjɔ͂
3302,survivant,nadj,masculine,"survivor, surviving",on n’a trouvé que 2 survivants pour l’instant,so far only 2 survivors have been found,"syʀvivɑ͂, ɑ͂t"
3303,applicable,adj(f),,applicable,plusieurs techniques sont sans doute applicables–,severaltechniquesare undoubtedly applicable,aplikabl
3304,équitable,adj(f),,"equitable, fair",ce n’était ni juste ni équitable,it was neither just nor fair,ekitabl
3305,schéma,nm,masculine,"diagram, outline",le tyrannosaure obéit à aucune schéma de groupe,the tyrannosaurus didn’t follow any group scenarios,ʃema
3306,acier,nm,masculine,steel,l’industrie de l’acier est confrontée à la dure réalité,the steel industry is confronted with a grim reality,asje
3307,vainqueur,"nm,nf",masculine,winner,"si vous pensez en vainqueurs, vous le deviendrez","if you think like winners, that’s what you’ll become",vɛ͂kœʀ
3308,dépendant,adj,,"answerable, responsible, dependent","en amour, vous serez dépendant, heureux ou malheureux","in love you’ll be dependent, whether happy or unhappy","depɑ͂dɑ͂, ɑ͂t"
3309,sud-est,nmi,masculine,south-east,15 séismes ont affecté le sud-est de la France,15 earthquakes affected south-eastern France,sydɛst
3310,brancher,v,,"to plug in, connect",ils n’étaient pas branchés sur le réseau,they weren’t connected to the network,bʀɑ͂ʃe
3311,concession,nf,feminine,concession,toute négociation est faite de concessions mutuelles,every negotiation results from mutual concessions,kɔ͂sesjɔ͂
3312,mystérieux,nadj(pl),,"mysterious, secretive",l’eau pour moi est un élément mystérieux,water for me is a mysterious substance,misteʀjø
3313,assassinat,nm,masculine,"murder, assassination",quiconque meurt de faim meurt d’un assassinat,whoever starves to death suffers an assassination,asasina
3314,rive,nf,feminine,"shore, bank","je regagnais la rive gauche, et mon domicile","I arrived at the left bank, and my home",ʀiv
3315,tolérance,nf,feminine,tolerance,vous apprendrez la tolérance,you’re learning tolerance,tɔleʀɑ͂s
3316,clarté,nf,feminine,"lightness, brightness clearness, clarity",j’ai toujours été impressionné par la clarté de ses pensées,I have always been impressed with the clarity of his thoughts,klaʀte
3317,conjoint,nadj,masculine,"spouse, joint",je parle le français mais mon conjoint est anglophone,I speak French but my spouse is English-speaking,"kɔ͂ʒwɛ͂, wɛ͂t"
3318,fermement,adv,,firmly,nous croyons fermement en ce principe,we firmly believe in this principle,fɛʀməmɑ͂
3319,redonner,v,,"to give back, return, give more",il faut leur redonner un peu de dignité,we have to give them back a little dignity,ʀ(ə)dɔne
3320,assortir,v,,"to match, accompany",j’essaye d’assortir votre visage avec vos cheveux,I’m trying to match your face with your hair,asɔʀtiʀ
3321,change,nm,masculine,exchange,sur le marché des changes l’euro est extrêmement ferme,on the currency market the euro is extremely solid,ʃɑ͂ʒ
3322,star,nf,feminine,star,t’es devenu une grande star de cinéma,you’ve become a great movie star,staʀ
3323,grain,nm,masculine,"grain, bean, bead; spot, mole",un seul grain de sel dissout un bloc de glace,a single grain of salt dissolves a block of ice,gʀɛ͂
3324,compliqué,nadj,,"complicated, complex",vous voyez la situation est très compliquée,you see that the situation is very compli- cated,kɔ͂plike
3325,malaise,nm,masculine,"uneasiness, discomfort",les malaises sont souvent soulagés par le rire,discomfort is often alleviated by laughter,malɛz
3326,restaurer,v,,"to restore, feed",nous allons d’abord nous restaurer,we’re going to eat first of all,ʀɛstɔʀe
3327,ambassade,nf,feminine,embassy,faites une réclamation à votre ambassade!,complain to your embassy!,ɑ͂basad
3328,diplôme,nm,masculine,"diploma, certificate",tous aspiraient à avoir un diplôme de la Sorbonne,everyone wanted a diploma from the Sorbonne,diplom
3329,miroir,nm,masculine,mirror,on avait un miroir mais quelqu’un l’a cassé,we had a mirror but somebody broke it,miʀwaʀ
3330,spectaculaire,adj(f),,spectacular,c’est un changement historique et spectaculaire,it’s a historical and spectacular change,spɛktakylɛʀ
3331,restructuration,nf,feminine,"restructure, restructuring","parallèlement, une restructuration va être lancée","in parallel, a restructuring will begin",ʀəstʀyktyʀasjɔ͂
3332,proie,nf,feminine,prey,ils sont régulièrement la proie des nom- breuses prostituées,they regularly fall prey to numerous prostitutes,pʀwɑ
3333,domination,nf,feminine,"domination, dominion, rule",il faut craindre une domination américaine excessive,we should fear excessive American domination,dɔminasjɔ͂
3334,otage,nm,masc / fem,hostage,il a pris un flic en otage,he took a cop hostage,ɔtaʒ
3335,moquer,v,,"to mock, make fun of","il s’est moqué de moi, comme de vous","he made fun of me, and of you as well",mɔke
3336,allier,v,masculine,"to ally, match, unite",le Hezbollah est allié à toutes les forces de résistance,Hezbollah is allied with all the resistance forces,alje
3337,couvert,nadj,masculine,"covered, overcast; place, seat, cutlery","je me sauvai, sous le couvert de la nuit",I fled under the cover of night,kuvɛʀ
3338,demi-heure,nf,feminine,half an hour,ça fait une demi-heure que je vous attends,I have been waiting for you for half an hour,d(ə)mijœʀ
3339,placement,nm,masculine,"investment, placing",il gère des placements pour l’argent de la drogue,he launders drug money,plasmɑ͂
3340,difficilement,adv,,with difficulty,leur insatiabilité les rend parfois difficile- ment supportables,sometimes their instability renders them barely tolerable,difisilmɑ͂
3341,grille,nf,feminine,"railings, gate, grid, scale",il tapait du poing sur la grille,he pounded the gate,gʀij
3342,vieillir,v,,to grow old,"en vieillissant, les choix se réduisent","getting old, your choices become more limited",vjɛjiʀ
3343,abord,nm,masculine,"manner; approach, access, environs",ils vivent aux abords de Madrid dans leurs caravanes,they live in the outskirts of Madrid in their trailers,abɔʀ
3344,exigeant,adj,,"demanding, difficult",Simone était une femme exigeante,Simone was a demanding woman,"ɛgziʒɑ͂, ʒɑ͂t"
3345,primitif,nadj,,primitive,nous ne pouvons pas accepter cette forme primitive de justice,we can’t countenance this primitive form of justice,"pʀimitif, -iv"
3346,lune,nf,feminine,moon,"le soleil se couche, la lune se lève","the sun sets, the moon rises",lyn
3347,mention,nf,feminine,"mention, note, comment, notice",on n’a même pas fait mention du problème,nobody even mentioned the problem,mɑ͂sjɔ͂
3348,pertinent,adj,,"pertinent, relevant",je lui posai quelques questions pertinentes,I asked him some relevant questions,"pɛʀtinɑ͂, ɑ͂t"
3349,brièvement,adv,,briefly,"messieurs, je voudrais intervenir très brièvement","sirs, may I interrupt briefly",bʀijɛvmɑ͂
3350,actionnaire,"nm,nf",masc / fem,shareholder,les actionnaires recevront un dividende,the shareholders will receive a dividend,aksjɔnɛʀ
3351,emprisonner,v,,"to imprison, jail, put in jail, trap",vous avez été harcelé et emprisonné pour vos opinions,you have been harrassed and imprisoned for your opinions,ɑ͂pʀizɔne
3352,raisonnement,nm,masculine,reasoning,le livre explique en détail ce raisonnement assez simple,the book details this rather simple rationale,ʀɛzɔnmɑ͂
3353,monstre,nadj(f),masculine,monster,vous êtes bien le monstre que j’ai créé,you are indeed the monster that I created,mɔ͂stʀ
3354,quai,nm,masculine,"platform, quay, embankment",ce quai est interdit d’accès aux civils,this quay is off limits to civilians,ke
3355,légende,nf,feminine,"legend, caption, key",je lisais des contes et légendes mythologiques,I read mythological fables and legends,leʒɑ͂d
3356,spécialité,nf,feminine,specialty,la santé n’est pas ma spécialité,health isn’t my specialty,spesjalite
3357,cruel,adj,,"cruel, ferocious, bitter",ce type est aussi intelligent que cruel,this guy is as intelligent as he is cruel,kʀyɛl
3358,démission,nf,feminine,resignation,le conseil de direction veut ta démission sous 30 jours,the board of directors wants your resignation within 30 days,demisjɔ͂
3359,quatorze,"det,nmi",,fourteen,elle échoue quatorze mois plus tard,it failed fourteen months later,katɔʀz
3360,redouter,v,,"to dread, fear",elle redoutait que sa fille ne devînt une intellectuelle,she was afraid her daughter would become an intellectual,ʀədute
3361,médaille,nf,feminine,medal,comme si j’avais gagné une médaille,as if I had won a medal,medaj
3362,célibataire,nadj(f),masc / fem,"single, unmarried","au fait, je suis célibataire, sans aucune attache","in fact, I’m single, without any attachments",selibatɛʀ
3363,impasse,nf,feminine,"dead end, cul-de-sac",il nous laisse dans l’impasse,it leaves us at a stalemate,ɛ͂pɑs
3364,contredire,v,,to contradict,j’aimerais que vous le contredisiez,I would like you to contradict him,kɔ͂tʀədiʀ
3365,atelier,nm,masculine,"workshop, studio",j’étais seul dans un petit atelier,I was alone in a small studio,atəlje
3366,amical,adj,,friendly,on avait des rapports très amicaux,we had a very friendly relationship,"amikal, o"
3367,empire,nm,masculine,empire,il laissait à son fils un empire florissant,he left to his son a flourishing empire,ɑ͂piʀ
3368,redresser,v,,"to straighten, set right, redress, turn around",il se redresse légèrement sur sa chaise,he straightened up in his chair almost imperceptibly,ʀ(ə)dʀese
3369,invisible,adj(f),,invisible,vous traversez maintenant une frontière invisible,you’re now crossing an invisible border,ɛ͂vizibl
3370,ramasser,v,,"to pick up, collect, gather",je ramassai mon parapluie,I gathered up my umbrella,ʀamɑse
3371,politicien,nadj,masculine,politician,tous les politiciens disent : les gens ordinaires sont intelligents,all politicians say: ordinary people are intelligent,"pɔlitisjɛ͂, jɛn"
3372,acheminer,v,,"to forward, dispatch, transport",d’autres produits doivent être acheminés au port,other products will have to be shipped to the port,aʃ(ə)mine
3373,comédie,nf,feminine,"comedy, playacting",c’est une comédie et les gens ont besoin de rire,it’s a comedy and people need to laugh,kɔmedi
3374,propagande,nf,feminine,propaganda,la propagande nous permettra de conquérir le monde,propaganda will enable us to conquer the world,pʀɔpagɑ͂d
3375,colonie,nf,feminine,colony,l’esclavage a été aboli dans les colonies françaises en 1848,slavery was abolished in French colonies in 1848,kɔlɔni
3376,désordre,nm,masculine,"disorder, confusion",il y a du désordre dans la cuisine,the kitchen is relatively messy,dezɔʀdʀ
3377,infini,nadj,masculine,"inifinite, infinity","il m’a écoutée, avec une infinie patience",he listened to me with infinite patience,ɛ͂fini
3378,savant,nadj,masculine,"scientist, scholar, learned, scholarly, clever, skilfull",on pouvait être homme sans être savant,you could be a man without having to be a scholar,"savɑ͂, ɑ͂t"
3379,terreur,nf,feminine,"terror, dread","de terreur, ses cheveux sont devenus blancs",his hair has become white from terror,teʀœʀ
3380,recruter,v,,to recruit,nous avons ainsi recruté un linguiste!,so we have recruited a linguist!,ʀ(ə)kʀyte
3381,conformer,v,,"to model, conform",cet objectif est conforme au mandat,this goal conforms with the mandate,kɔ͂fɔʀme
3382,virus,nm(pl),masculine,virus,elle porte un virus extraterrestre,she carries an extraterrestrial virus,viʀys
3383,reconnaissant,adj,,grateful,nous avons de quoi être reconnaissants,we have something to be thankful for,"ʀ(ə)kɔnɛsɑ͂, ɑ͂t"
3384,délibérer,v,,"to deliberate, debate",il délibéra longtemps avec lui-même,for a long time he debated within himself,delibeʀe
3385,inattendu,adj,,unexpected,tout cela est bien inattendu,all of this is quite unexpected,inatɑ͂dy
3386,tunnel,nm,masculine,tunnel,ils entreprennent de creuser un tunnel,they undertake the digging of a tunnel,tynɛl
3387,cousin,nm,masculine,cousin,seule ma cousine Madeleine enfreignait cet interdit,only my cousin Madeleine violated this proscription,"kuzɛ͂, in"
3388,puiser,v,,"to draw, take","où puisez-vous tout cet optimisme, cette sérénité?",whence comes all of this optimism and serenity of yours?,pɥize
3389,géographique,adj(f),,"geographic, geographical",ils sont découpés en zones géographiques,they are carved into geographic zones,ʒeɔgʀafik
3390,réacteur,nm,masculine,"reactor, jet engine",le conduit mène directement au réacteur,the pipe leads directly to the reactor,ʀeaktœʀ
3391,ajuster,v,,"to adjust, alter, aim, aim at",je vais essayer de m’ajuster,I’ll try to adjust,aʒyste
3392,œuvrer,v,,to work,nous n’avons cessé d’œuvrer pour la promotion des femmes,we haven’t stopped working to promote women,œvʀe
3393,sommeil,nm,masculine,"sleep, sleepiness",ton père est mort dans son sommeil,your father died in his sleep,sɔmɛj
3394,automatiquement,adv,,automatically,les résultats seront automatiquement enregistrés,the results will be automatically stored,otomatikmɑ͂
3395,balance,nf,feminine,"scales, balance",la balance commerciale franco-allemande a été équilibrée en janvier,the German-French commercial balance was evened out in January,balɑ͂s
3396,dépression,nf,feminine,depression,il ne se remettra pas de sa dernière dépression,he won’t recover from his last depression,depʀesjɔ͂
3397,pompe,nf,feminine,pump,les prix de l’essence à la pompe varient,the price of gas at the pump varies,pɔ͂p
3398,contestation,nf,feminine,"questioning, protest",il n’y a aucune contestation à cet égard,there is no disputing that,kɔ͂tɛstasjɔ͂
3399,inconvénient,nm,masculine,"snag, drawback, disadvantage, inconvenience",c’était là un inconvénient que je ne pouvais éviter,that was a setback that I couldn’t avoid,ɛ͂kɔ͂venjɑ͂
3400,frein,nm,masculine,brake,vos freins marchent pas?,your brakes don’t work?,fʀɛ͂
3401,inspiration,nf,feminine,inspiration,j’ai eu l’inspiration pour faire cette peinture,I was inspired to make this painting,ɛ͂spiʀasjɔ͂
3402,candidature,nf,feminine,"application, candidacy, candidature",ma candidature ne pouvait pas être considérée,my candidacy couldn’t be considered,kɑ͂didatyʀ
3403,armement,nm,masculine,"arms, weapons, armament",l’industrie des armements avait une importance,the arms industry has some importance,aʀməmɑ͂
3404,épargne,nf,feminine,"savings, saving",le portefeuille des fonds d’épargne devrait fortement progresser,the savings funds portfolio should strengthen considerably,epaʀɲ
3405,iranien,nadj,masculine,Iranian,la puissance iranienne est inquiétante,Iranian power is worrisome,"iʀanjɛ͂, jɛn"
3406,conférer,v,,to confer,ce statut nous confère des privilèges inaliénables,this law grants us inalienable rights,kɔ͂feʀe
3407,stupide,adj(f),,"stupid, silly, bemused",ah que je suis stupide!,"gee, I’m stupid!",stypid
3408,surpris,adj(pl),,"surprised, amazed",vous avez l’air surpris de me voir,you seem surprised to see me,syʀpʀi
3409,interpeller,v,,"to call out to, question","enfin, cinq personnes ont été interpellées","in all, five people were taken in for questioning",ɛ͂tɛʀpəle
3410,fréquemment,adv,,frequently,les victimes sont fréquemment des femmes,the victims are often women,fʀekamɑ͂
3411,symbolique,nadj(f),feminine,symbolic,c’est un échec au moins symbolique,it’s at least a symbolic failure,sɛ͂bɔlik
3412,pavillon,nm,masculine,"country house, villa, wing pavilliion, flag",il m’emmena bavarder dans le pavillon de la piscine,he took me to chat in the pool’s pavilion,pavijɔ͂
3413,pape,nm,masculine,pope,le pape condamne les camps de concentration,the Pope condemns the concentration camps,pap
3414,préliminaire,nadj(f),,"preliminary, introductory",les résultats préliminaires nous promettent une longue et difficile nuit,the preliminary results guarantee us a long and difficult night,pʀeliminɛʀ
3415,sensation,nf,feminine,sensation,il y a une sensation de flottement quand tu cours,there’s a sensation of floating when you run,sɑ͂sasjɔ͂
3416,troubler,v,,"to disturb, disrupt, cloud",j’ai cru que cela me troublerait,I thought that would bother me,tʀuble
3417,angoisse,nf,feminine,"distress, anguish, dread, fear",je m’étais endormi dans l’angoisse,I fell asleep amidst anguish,ɑ͂gwas
3418,générosité,nf,feminine,"generosity, generously",je vous remercie beaucoup de votre générosité,thank you very much for your generosity,ʒeneʀozite
3419,chaise,nf,feminine,chair,nous étions assis sur de petites chaises en bois,we were seated on little wooden chairs,ʃɛz
3420,hautement,adv,,highly,c’est hautement improbable,that’s highly improbable,ˊotmɑ͂
3421,légitimité,nf,feminine,legitimacy,il faut reconnaître la légitimité de leur revendication,we have to recognize the legitimacy of their claim,leʒitimite
3422,emprunt,nm,masculine,loan,la durée de l’emprunt sera de sept ans,the loan period will be seven years,ɑ͂pʀœ͂
3423,clause,nf,feminine,clause,ces clauses devraient respecter les droits de la personne,these clauses must respect personal rights,kloz
3424,clef,nf,feminine,key,j’ai tourné la clef dans la serrure,I turned the key in the lock,kle
3425,répression,nf,feminine,"repression, suppression, crack-down",la répression entraîne un surcroît d’activisme,repression entails excessive activism,ʀepʀesjɔ͂
3426,tombe,nf,feminine,"grave, tomb",je jure ... sur la tombe de ma grand-mère,I swear ... on my grandmother’s grave,tɔ͂b
3427,dériver,v,,"to divert, derive",leurs tissus sont dérivés des cellules de l’embryon,their tissue is derived from embryonic cells,deʀive
3428,évacuer,v,,"to evacuate, clear",vous avez cinq minutes pour évacuer les lieux,you have five minutes to evacuate the premises,evakɥe
3429,blocage,nm,masculine,block,il a pour résultat de supprimer le blocage,as a result it removes the blockage,blɔkaʒ
3430,faille,nf,feminine,fault,c’était un homme avec des failles,he was a man with faults,faj
3431,fouiller,v,,"to search, frisk, go through, rummage through","on a fouillé sa maison, ses entrepôts","his house, his warehouses were searched",fuje
3432,respectivement,adv,,respectively,ces deux types de manoeuvres se déroulent respectivement depuis 1976 et 1973,these two types of manoeuvres have taken place respectively since 1976 and 1973,ʀɛspɛktivmɑ͂
3433,éternel,nadj,,"eternal, everlasting",je ferai de Rome une merveille éternelle,I will make Rome an eternal wonder,etɛʀnɛl
3434,intime,nadj(f),,"intimate, close, secret, private",je préfère publier mon journal intime,I prefer to publish my personal diary,ɛ͂tim
3435,cerner,v,,"to surround, encircle, delimit",vous m’aidez à cerner mes problèmes,you help me put a finger on my problems,sɛʀne
3436,hostilité,nf,feminine,"hostility, hostilities",je ressens beaucoup d’hostilité de ta part,I sense much hostility on your part,ɔstilite
3437,manche,"nm,nf",masc / fem,"handle, sleeve",je l’essuie avec ma manche,I wipe it with my sleeve,mɑ͂ʃ
3438,mathématique,nadj(f),feminine,mathematical; mathematics,les mathématiques vous aident à vous connaître,math helps you know yourself,matematik
3439,gamin,nm,masculine,kid,tu penses que le gamin a menti?,you think the kid lied?,"gamɛ͂, in"
3440,induire,v,,"to infer, induce, result in , lead to",je ne veux pas vous induire en erreur,I don’t want to lead you into error,ɛ͂dɥiʀ
3441,temple,nm,masculine,temple,j’ai trouvé le temple,I found the temple,tɑ͂pl
3442,maîtrise,nf,feminine,"mastery, command, control, master’s degree",la maîtrise de la douleur semblait être l’autre problème,controlling pain seemed to be the other problem,metʀiz
3443,arbitrage,nm,masculine,"refereeing, umpiring, arbitration",l’arbitrage peut être long et coûteux,the arbitration might be long and costly,aʀbitʀaʒ
3444,boucler,v,,"to fasten, loop, resolve",je suis content qu’on ait bouclé cette affaire rapidement,I’m happy this affair was resolved quickly,bukle
3445,réparation,nf,feminine,"repair, repairing, correction, compensation",les travaux de réparation ont été arrêtés,repair work was stopped,ʀepaʀasjɔ͂
3446,évêque,nm,masculine,bishop,"je ne suis pas évêque, mon fils","I’m not a bishop, my son",evɛk
3447,déléguer,v,,to delegate,elle dit avoir délégué ce pouvoir à sa sous- ministre,she said she delegated this power to her deputy,delege
3448,solitude,nf,feminine,"solitude, loneliness",il vivait dans la solitude,he lived in solitude,sɔlityd
3449,miner,v,,"to mine, erode",ce conflit mine le quatrième pays le plus peuplé du monde,this conflict is eroding the fourth most populous country in the world,mine
3450,superbe,nadj(f),,"superb, magnificient, handsome, gorgeous",votre gazon semble superbe,your lawn looksmagnificent,sypɛʀb
3451,gonfler,v,,"to inflate, blow up, swell",cette pensée lui gonfla le cœur,this thought swelled his heart,gɔ͂fle
3452,missile,nm,masculine,missile,seize missiles air-sol ont visé cette base,sixteen surface-to-air missles were aimed at this base,misil
3453,minuit,nm,masculine,midnight,elles se sont endormies peu après minuit,they fell asleep shortly after midnight,minɥi
3454,composante,nf,feminine,component,certaines composantes de son environnement sont plastiques,certain components of his environment are plastic,kɔ͂pozɑ͂t
3455,veuf,nadj,masculine,surviving spouse,"vous savez, moi-même je suis veuf","you know, I’m a widower myself","vœf, vœv"
3456,comparaître,v,,to appear,certains témoins ont accepté de comparaître devant nous,some witnesses agreed to appear before us,kɔ͂paʀɛtʀ
3457,trame,nf,feminine,"weft, framework; tram",les trames urbaine et péri-urbaine changent plus rapidement,urban and suburban trams are changing more quickly,tʀam
3458,bain,nm,masculine,"bath, bathing","un jour, ils sont allés au bain public","one day, they went to the public baths",bɛ͂
3459,sûreté,nf,feminine,"safety, reliability","j’ajoute, pour plus de sûreté, ceci","for more security, I add this",syʀte
3460,hâte,nf,feminine,"haste, impatience",on avait caché en hâte les drapeaux,they hastily hid the flags,ˊɑt
3461,instituer,v,,"to introduce, impose, establish, institute",ils ont institué un plan de réduction du déficit,they adopted a deficit reduction plan,ɛ͂stitɥe
3462,format,nm,masculine,format,j’aime beaucoup le format court,I really like the short format,fɔʀma
3463,hiérarchie,nf,feminine,hierarchy,il était vite monté dans la hiérarchie,he quickly climbed the hierarchy,jeʀaʀʃi
3464,estimation,nf,feminine,"appraisal, valuation, assessment, estimate",c’est une estimation prudente,it’s a safe guess,ɛstimasjɔ͂
3465,mutation,nf,feminine,"transfer, transformation, mutation",il peut identifier une mutation chez les patients affectés,he can identify a mutation in the patients who were affected,mytasjɔ͂
3466,imminent,adj,,"imminent, impending",j’annonçai mon retrait imminent,I announced my pending retirement,"iminɑ͂, ɑ͂t"
3467,héroïne,nf,feminine,heroine,"l’héroïne avait mon âge, dix-huit ans","the heroine was my age, eighteen years",eʀɔin
3468,esclave,nadj(f),masc / fem,slave,l’esclave se révolte contre le maître,the slave rebels against the master,ɛsklav
3469,marocain,nadj,masculine,Moroccan,les chèvres marocaines ont quasiment tout mangé,the Moroccan goats ate practically everything,"maʀɔkɛ͂, ɛn"
3470,menu,"adv,nadj",masculine,"menu, slender, slim, minor",il y a du poulet au menu,there’s chicken on the menu,məny
3471,imaginaire,nadj(f),,imaginary,tu as vécu dans un monde imaginaire,you have lived in an imaginary world,imaʒinɛʀ
3472,administrer,v,,"to manage, run, administer; to give",on leur administre souvent des médicaments,they are often given medications,administʀe
3473,atteinte,nf,feminine,"reach; attack, blow",notre père voulait se mettre hors d’atteinte,our father wanted to get out of the line of attack,atɛ͂t
3474,démissionner,v,,to resign,j’ai donc décidé de démissionner de mon poste de coach,so I decided to resign my coaching position,demisjɔne
3475,racheter,v,,"to repurchase, buy back, redeem",j’ai apporté de l’argent pour racheter mon fils,I brought money to buy back my son,ʀaʃte
3476,théorique,adj(f),,theoretical,ma question n’était pas purement théorique,my question was not exclusively theoretical,teɔʀik
3477,guise,nf,feminine,"wish; like, by way of",ils ne veulent pas voter à sa guise,they don’t want to vote the way he wants them to,giz
3478,scandaleux,adj(pl),,"scandalous, outrageous",le coût des études est devenu scandaleux,the cost of an education has become scandalous,"skɑ͂dalø, -øz"
3479,vulnérable,adj(f),,vulnerable,une femme tamoule est une personne vulnérable au Sri Lanka,a Tamil woman is a vulnerable person in Sri Lanka,vylneʀabl
3480,ennuyer,v,,"to bore, worry, bother",j’espère que je ne vous ennuie pas,I hope I’m not boring you,ɑ͂nɥije
3481,élan,nm,masculine,"momentum, surge, rush; elk, moose",il suffisait d’un élan du cœur pour le désarmer,a mere outpouring of the heart caught him off guard,elɑ͂
3482,nominal,nadj,,nominal,"selon notre enquête, les ventes nominales ont augmenté","according to our research, small-ticket item sales increased","nɔminal, o"
3483,manipuler,v,,"to handle, manipulate",le gouvernement espagnol nous manipule depuis longtemps,the Spanish government has been manipulating us for a long time,manipyle
3484,peiner,v,,"to toil, labor, struggle",les étudiants diplômés peinent à trouver du travail,the graduates are struggling to find work,pene
3485,renouvellement,nm,masculine,"replacement, recurrence, repetition",nous appuyons le renouvellement de la licence de la station,we support renewal of the station’s license,ʀ(ə)nuvɛlmɑ͂
3486,noble,nadj(f),,noble,"l’eau est une matière plus noble, et sans doute plus précieuse","water is a nobler resource, and undoubtedly more precious",nɔbl
3487,hebdomadaire,nadj(f),masculine,weekly,je vais animer une autre émission hebdomadaire,I’m going to host another weekly broadcast,ɛbdɔmadɛʀ
3488,approbation,nf,feminine,approval,elle a reçu l’approbation unanime,she received unanimous approval,apʀɔbasjɔ͂
3489,protestant,nadj,masculine,Protestant,j’ai commencé à fréquenter une église protestante,I have started going to a Protestant church,"pʀɔtɛstɑ͂, ɑ͂t"
3490,faisceau,nm,masculine,"bundle, beam, stack",elle émettait un faisceau de lumière jaune,it emitted a beam of yellow light,fɛso
3491,regagner,v,,"to win again, regain, get back, make up",vous pouvez regagner votre ville,you can go back to your city,ʀ(ə)gaɲe
3492,dégât,nm,masculine,damage,ils essaient de nettoyer les dégâts,they’re trying to clean up the damage,degɑ
3493,pilier,nm,masculine,pillar,elle avait l’air liée au pilier de fer,she looked like she was tied to an iron pillar,pilje
3494,animateur,nadj,masculine,"animator, host",vous étiez animateur et pas chanteur,you were a show host and not a singer,"animatœʀ, -tʀis"
3495,multinational,adj,,multinational,on n’est pas une entreprise multinationale,we aren’t a multinational corporation,"myltinasjɔnal, o"
3496,méfier,v,,"to distrust, mistrust",il se méfie des étrangers,he’s wary of strangers,mefje
3497,étroitement,adv,,closely,on pourrait penser qu’ils sont étroitement liés,one might think that they are closely connected,etʀwatmɑ͂
3498,jouet,nm,masculine,toy,les boutons ne sont pas des jouets,buttons are not playthings,ʒwɛ
3499,formé,nm,,formed,"une fois formé, le profit est réglementé","once it’s formulated, profit is regulated",fɔʀme
3500,complice,nadj(f),masc / fem,accomplice,je restai longtemps leur complice,for a long time I remained their accomplice,kɔ͂plis
3501,homosexuel,nadj,masc / fem,homosexual,il n’avait plus honte d’être homosexuel,he wasn’t ashamed to be homosexual,ɔmɔsɛksɥɛl
3502,toile,nf,feminine,"cloth, canvass, web",j’ai horreur des toiles d’araignée,I hate spider webs,twal
3503,laver,v,,"to wash, clean",lavez-vous les mains avant de manger,wash your hands before eating,lave
3504,empreinte,nf,feminine,"imprint, print, mark, impression",la police a retrouvé des empreintes,the police found fingerprints,ɑ͂pʀɛ͂t
3505,faillir,v,,"to have almost, fail, fail to",j’ai failli tout perdre,I almost lost everything,fajiʀ
3506,curiosité,nf,feminine,curiosity,ma curiosité reste insatisfaite sur certains points,my curiosity remains unsatisfied on a few points,kyʀjozite
3507,passeport,nm,masculine,passport,"billet et passeport, s’il vous plaît","ticket and passport, please",pɑspɔʀ
3508,creux,nadj(pl),masculine,"hollow, empty, hole","aux heures creuses – durant la nuit, par exemple","in the off hours—during the night, for example",kʀø
3509,livraison,nf,feminine,delivery,la livraison du navire est prévue en avril,delivery of the ship is slated for April,livʀɛzɔ͂
3510,château,nm,masculine,castle,je viens prendre possession de son château,I have come to take over his castle,ʃɑto
3511,nous-mêmes,pro,plural,ourselves,on n’aurait pas fait mieux nous-mêmes,we wouldn’t have done better ourselves,numɛm
3512,forum,nm,masculine,"forum, newsgroup",elle va organiser un forum,she will organize a forum,fɔʀɔm
3513,via,prep,,via,j’ai déjà fait des interviews via Internet,I have already been interviewed over the Internet,vja
3514,coter,v,,"to quote, rate","en septembre, le dollar cotait encore 1.20 euro","In September, the dollar still stood at 1.20 euros",kɔte
3515,éclat,nm,masculine,"splinter, fragment, brightness, burst",des éclats de rire se firent entendre derrière une porte,peals of laughter could be heard behind a door,ekla
3516,sincèrement,adv,,sincerely,je pense sincèrement qu’il est un type bien,I sincerely think he’s a decent fellow,sɛ͂sɛʀmɑ͂
3517,thé,nm,masculine,tea,je vous ai aussi apporté du thé,I have also brought you some tea,te
3518,préférable,adj(f),,preferable,"madame, je crois préférable que nous discutions en privé","ma’am, I belive it would be preferable for us to discuss this in private",pʀefeʀabl
3519,attachement,nm,masculine,"attachment, affection",il éprouva une sorte d’attachement pour ce vieillard,he felt some kind of affection for this old-timer,ataʃmɑ͂
3520,liquide,nadj(f),masculine,liquid,il a avalé du liquide vaisselle,he swallowed some liquid dishwashing detergent,likid
3521,gamme,nf,feminine,"range, scale",nous avons déjà une bonne gamme de programmes,we already have a good range of programs,gam
3522,motivation,nf,feminine,"motivation, application",cet assassinat n’aurait pas de motivations politiques,this assassination presumably lacks political motives,mɔtivasjɔ͂
3523,protestation,nf,feminine,"protest, protestation",j’ai reçu des lettres de protestation,I received letters of protest,pʀɔtɛstasjɔ͂
3524,demeure,nf,feminine,"residence, home","ils retrouvent leurs demeures pillées, brûlées, leurs champs dévastés","they find their homes looted, burned, their fields devastated",d(ə)mœʀ
3525,adéquat,adj,,"appropriate, suitable, adequate",la protection sociale n’est pas adéquate,the social safety net is not adequate,"adekwa, at"
3526,geler,v,,"to freeze, ice over, suspend",vous allez geler avec ce petit manteau,you’re going to freeze with this light coat,ʒ(ə)le
3527,défiler,v,,"to unthread, parade",les manifestants ont défilé silencieusement dans la rue,the protesters paraded silently in the street,defile
3528,peintre,nm,masc / fem,painter,je suis le seul peintre valable des Etats-Unis,I’m the only worthwhile painter in the U.S.,pɛ͂tʀ
3529,volontairement,adv,,"voluntarily, willingly","volontairement, je fermai les yeux","willingly, I closed my eyes",vɔlɔ͂tɛʀmɑ͂
3530,magique,adj(f),,magic; magical,je n’ai pas de pouvoir magique moi,"me, I don’t have any magic powers",maʒik
3531,bien-être,nmi,masculine,well being,tous ces services dépendent au bien-être économique de notre pays,all of these services depend on the economic well-being of our country,bjɛ͂nɛtʀ
3532,cap,nm,masculine,cape,"mettez le cap sur la rive gauche, commanda-t-il","set course for the left bank, he ordered",kap
3533,raide,adj(f),,"stiff, straight","elle se tient immobile, raide, les regardant",she remained immobile and stiff while looking at them,ʀɛd
3534,maigre,nadj(f),,"thin, skinny, slim, lean",c’était un homme maigre et chauve,"he was a thin, bald man",mɛgʀ
3535,artistique,adj(f),,artistic,ils ont une vraie vision artistique,they have truly artistic vision,aʀtistik
3536,aspirer,v,,"to breathe in, inhale, aspire to",Paule aspira la fumée de sa cigarette,Paule breathed in the smoke of his cigarette,aspiʀe
3537,habituellement,adv,,"usually, generally",les groupes sont habituellement composés de huit élèves,the groups are usually made up of eight students,abitɥɛlmɑ͂
3538,quasiment,adv,,"almost, early",il a quasiment tout gagné,he almost won everything,kazimɑ͂
3539,allure,nf,feminine,"speed, pace, walk, look, appearance",les voitures filaient à vive allure,the cars sped away,alyʀ
3540,deuil,nm,masculine,"mourning, grief",il laisse dans le deuil son épouse,he leaves behind a grieving wife,dœj
3541,énoncer,v,,"to state, set out, express",ce qui se conçoit bien s’énonce clairement,that which is conceived well is expressed clearly,enɔ͂se
3542,islamiste,"nm,nf",masc / fem,Islamist,je pense que la piste islamiste progresse plus que les autres,I think the Islamic way is progressing more than the others,islamist
3543,prénom,nm,masculine,first name,il appelle les journalistes par leur prénom,the calls journalists by their first name,pʀenɔ͂
3544,réussi,adj,,successful,sa vie est beaucoup plus réussie que la nôtre,his life is much more successful than ours,ʀeysi
3545,bilatéral,adj,,bilateral,les relations bilatérales ont enregistré récemment des changements positifs,bilateral relations recently involved positive changes,"bilateʀal, o"
3546,rétablissement,nm,masculine,"restoring, re-establishment, recovery",nous leur souhaitons un prompt rétablissement,we wish them a swift recovery,ʀetablismɑ͂
3547,cynique,nadj(f),,"cynical, cynic",leur cinéma est terriblement cynique,their cinema is terribly cynical,sinik
3548,environnemental,adj,,environmental,les questions environnementales transcendent les frontières,environmental issues transcend borders,"ɑ͂viʀɔnmɑ͂tal, o"
3549,constructeur,nadj,masculine,"builder, manufacturer",VW est devenu le premier constructeur européen,VW has become the largest European manufacturer,kɔ͂stʀyktœʀ
3550,colonel,nm,masculine,colonel,le colonel voudrait vous voir immédiatement,the colonel wishes to see you immediately,kɔlɔnɛl
3551,nœud,nm,masculine,knot,"fais un double nœud, mais doucement","make a double knot, but do it carefully",nø
3552,peindre,v,,"to paint, depict, portray",le mur était peint d’une couleur ocre,the wall was painted ochre,pɛ͂dʀ
3553,bâton,nm,masculine,"tick, club, baton",elles sont armées de bâtons,they’re armed with clubs,bɑtɔ͂
3554,démocrate,nadj(f),masc / fem,"democrat, democratic",pour certains responsables démocrates la réponse est claire,for certain democratic leaders the answer is clear,demɔkʀat
3555,précédemment,adv,,previously,j’ai développé tout ceci précédemment,I had already developed this,pʀesedamɑ͂
3556,idiot,nadj,masculine,"idiot, fool, stupid","bouge-toi, espèce d’idiot","move, you idiot","idjo, idjɔt"
3557,querelle,nf,feminine,quarrel,les querelles politiciennes n’intéressent pas le peuple,political squabbles don’t interest the populace,kəʀɛl
3558,explosif,nadj,masculine,explosive,il y a assez d’explosif pour raser tout un quartier,there are enough explosives to level a whole neighborhood,ɛksplozif
3559,flic,"nm,nf",masculine,cop,"si tu vois des flics, appelle-moi",call me if you see any cops,"flik, flikɛt"
3560,solitaire,nadj(f),,"solitary, lone, lonely",vous avez une vie plutôt solitaire,you lead a rather solitary existence,sɔlitɛʀ
3561,déceler,v,,"to discover, detect",l’erreur administrative a été décelée puis corrigée,the administrative error was found and corrected,des(ə)le
3562,herbe,nf,feminine,"grass, herb",l’herbe est plus verte ailleurs,the grass is greener elsewhere,ɛʀb
3563,élevé,adj,,"high, heavy, tall",c’est un pourcentage assez élevé,that’s quite a high percentage,el(ə)ve
3564,acharner,v,,to go at fiercely and unrelentingly,c’est une lutte acharnée pour la vie,it’s a fierce fight to the death,aʃaʀne
3565,bombardement,nm,masculine,"bombing, shelling",jamais le nombre des victimes des bombardements n’a été publié,the number of bombing victims was never published,bɔ͂baʀdəmɑ͂
3566,bagage,nm,masculine,"luggage, baggage",je voyageais sans bagages,I travelled withoutluggage,bagaʒ
3567,singulier,nadj,masculine,"unique, singular",il n’arrive pas de choses singulières,unusual things don’t happen,sɛ͂gylje
3568,capitalisme,nm,masculine,capitalism,tout le capitalisme est fondé sur la notion de rareté,capitalism is completely founded on the notion of scarcity,kapitalism
3569,suspension,nf,feminine,"hanging, suspending, breaking off, postponement, suspension",Pyongyang confirme publiquement la suspension des tirs de missiles,Pyongyang publicly confirms a suspension of missile launches,syspɑ͂sjɔ͂
3570,mince,"adj(f),intj",,"thin, slim, slender",elle est mince et jolie et elle ment,she is thin and beautiful and she lies,mɛ͂s
3571,assimiler,v,,"to assimilate, take in",les gens ne peuvent pas tout assimiler,people can’t take it all in,asimile
3572,plume,"nm,nf",feminine,feather,cet oiseau a beaucoup plus de plumes blanches,this bird has many white feathers,plym
3573,publicitaire,nadj(f),masc / fem,"advertising, promotional",nous n’avons pratiquement pas de budget publicitaire,we have almost no advertising budget,pyblisitɛʀ
3574,incarner,v,,"to embody, incarnate","en cela, il incarne la quintessence de l’esprit poétique",herein he embodies the essence of the poetic spirit,ɛ͂kaʀne
3575,opter,v,,"to opt, decide",j’ai donc opté pour une coiffure simple,so I chose a simple haircut,ɔpte
3576,habiller,v,,"to dress, get dressed",il s’habille comme un vampire,he’s dressed like a vampire,abije
3577,trajet,nm,masculine,"journey, route","durant le trajet, nous avons été peu bavards","during the trip, we did very little talking",tʀaʒɛ
3578,sinistre,nadj(f),masculine,"disaster, sinister",leurs rires résonnaient de façon sinistre,their laughter echoed ominously,sinistʀ
3579,pis,"adv,nm(pl)",masculine,worse,les choses vont de mal en pis,things are going from bad to worse,pi
3580,reconstruire,v,,"to rebuild, reconstruct",on a donc reconstruit la planète,so we rebuilt the planet,ʀ(ə)kɔ͂stʀɥiʀ
3581,tueur,nm,masculine,"killer, hit man","oh vous savez, un tueur est rarement drôle","oh, you know, a killer is rarely funny","tɥœʀ, -øz"
3582,tournoi,nm,masculine,tournament,j’ai gagné ce tournoi,I won the tournament,tuʀnwa
3583,cimetière,nm,masculine,"cemetery, graveyard","dans un cimetière, la mort est supportable","in a cemetery, death is bearable",simtjɛʀ
3584,douane,nf,feminine,"customs, duty",nos agents de douane ne sont pas équipés,our customs agents are not equipped,dwan
3585,domestique,nadj(f),masc / fem,"servant, domestic",c’est au foyer domestique qu’elles avaient pris leurs leçons,home is where they learned their lessons,dɔmɛstik
3586,soucieux,adj(pl),,"concerned, worried",j’en suis soucieux mais non surpris,I’m worried about it but not surprised,"susjø, -jøz"
3587,premièrement,adv,,first,"pour nous, jouer, performer est premièrement une passion!","for us playing, performing is first of all a passion",pʀəmjɛʀmɑ͂
3588,complicité,nf,feminine,complicity,il y a une complicité d’instinct entre elle et moi,there’s an instinctive collusion between her and me,kɔ͂plisite
3589,décréter,v,,"to declare, decree",le gouvernement a décrété un deuil de sept jours,the government declared a week-long period of mourning,dekʀete
3590,flamme,nf,feminine,"flame, fire, fervor, brilliance",ils ont dû voir les flammes,they must have seen the flames,flam
3591,approprié,adj,,appropriate,il faudra prendre des mesures appropriées,appropriate measures must be taken,apʀɔpʀije
3592,dix-huit,"det,nmi",,eighteen,j’ai une fille de dix-huit ans,I have an eighteen-year-old daughter,dizɥit
3593,nouveauté,nf,feminine,"novelty, new release",l’émission a perdu son parfum de nouveauté,the broadcast lost its new feel,nuvote
3594,brusquement,adv,,"abruptly, suddenly","je me retournai brusquement, surpris de son silence","I turned around suddenly, surprised by her silence",bʀyskəmɑ͂
3595,coïncider,v,,"to coincide, correspond","avec Caïn, la première révolte coïncide avec le premier crime","with Cain, the first rebellion coincided with the first crime",kɔɛ͂side
3596,déterminé,nadj,,"determined, resolute, specific",nous avons passé un contrat à durée déterminée avec –,we concluded a fixed-period contract with,detɛʀmine
3597,ménager,"nadj,v",,"to handle, arrange; domestic",cela permettait aussi de ménager la surprise,it also enabled arranging the surprise,menaʒe
3598,millénaire,nadj(f),masculine,"millennium, thousand-year- old",le tournant du millénaire approche à grands pas,the millennial changeover is nearing quickly,milenɛʀ
3599,alerte,"adj(f),nf",feminine,"agile, alert, warning",l’armée de terre est en alerte,the ground forces are on alert,alɛʀt
3600,renforcement,nm,masculine,"reinforcement, strengthening",on peut se féliciter du renforcement des mesures pour la formation,we can be proud of strengthening the measures for training,ʀɑ͂fɔʀsəmɑ͂
3601,ange,nm,masculine,angel,est-ce qu’on peut faire un ange d’un démon?,can you turn a devil into an angel?,ɑ͂ʒ
3602,guérir,v,,"to cure, heal, get better",le rire guérit tout,laughter heals everything,geʀiʀ
3603,immobilier,nadj,masculine,"property, real estate, property business, real estate business",une autre société immobilière a été créée,another real estate company was formed,imɔbilje
3604,certificat,nm,masculine,certificate,elle avait raté de justesse son certificat d’études supérieures,she barely failed her higher-education certificate,sɛʀtifika
3605,contaminer,v,,"to contaminate, infect",j’ai l’impression d’être contaminé. c’est répugnant,I feel like I’m contaminated. it’s disgusting,kɔ͂tamine
3606,pénurie,nf,feminine,shortage,il n’y a pas de pénurie d’uranium au niveau mondial,there’s no world shortage of uranium,penyʀi
3607,tirage,nm,masculine,"drawing, circulation, run",vous finirez par présenter le tirage du loto,you will end by presenting the lottery drawing,tiʀaʒ
3608,perception,nf,feminine,"perception, collection",ça ne correspond pas à ma perception de la ville,that doesn’t fit my impression of the city,pɛʀsɛpsjɔ͂
3609,philosophe,nadj(f),masc / fem,philosopher,il est plus homme que philosophe,he is more a man than a philosopher,filɔzɔf
3610,planche,nf,feminine,"plank, board",il a cloué la planche sur la porte,he nailed the plank onto the door,plɑ͂ʃ
3611,crédibilité,nf,feminine,credibility,la crédibilité de tous les états financiers est compromisé,the credibility of our financial state is compromised,kʀedibilite
3612,fiction,nf,feminine,fiction,ce livre est bien une fiction,this book is truly a piece of fiction,fiksjɔ͂
3613,handicapé,nadj,masculine,"disabled, handicapped",il y a aussi les handicapés physiques,there are also the physically handicapped,ˊɑ͂dikape
3614,boisson,nf,feminine,"drink, beverage",le thé représente la deuxième boisson consommée dans le monde,tea is the second-most consumed drink in the world,bwasɔ͂
3615,élaboration,nf,feminine,"working-out, development",vous allez demander l’élaboration d’un dossier,you’re going to ask that a file be put together,elabɔʀasjɔ͂
3616,habitation,nf,feminine,"residence, home, dwelling, housing",environ 200 habitations ont été détruites,about 200 dwellings were destroyed,abitasjɔ͂
3617,représentatif,adj,,representative,"le Danemark a des syndicats puissants, très représentatifs","Denmark has powerful unions, very representative","ʀ(ə)pʀezɑ͂tatif, -iv"
3618,débrouiller,v,,"to untangle, sort out, manage, get by",tu te débrouilles très bien,you’re managing very well,debʀuje
3619,imposition,nf,feminine,taxation,il veut un taux d’imposition uniforme,he wants a uniform tax rate,ɛ͂pozisjɔ͂
3620,générer,v,,to generate,les aérosols génèrent des pluies acides,aerosols produce acid rain,ʒeneʀe
3621,ajustement,nm,masculine,adjustment,l’ajustement reste aussi insuffisant,the adjustment is still inadequate,aʒystəmɑ͂
3622,princesse,nf,feminine,princess,une princesse ne peut pas embrasser un crapaud?,a princess can’t kiss a toad?,"pʀɛ͂s, pʀɛ͂sɛs"
3623,virer,v,,"to turn, change, transfer, kick out",il vire encore une fois à droite,he turns right one more time,viʀe
3624,facilité,nf,feminine,"easiness, ease, aptitude",il lit avec facilité,he reads easily,fasilite
3625,postal,adj,,"postal, mail",ils lui écrivaient une carte postale,they wrote her a postcard,"pɔstal, o"
3626,perturber,v,,"to disrupt, disturb",je suis perturbée par une enquête que je mène,I’m disturbed by an investigation that I’m leading,pɛʀtyʀbe
3627,répercussion,nf,feminine,repercussion,le transport a des répercussions sur tous les aspects de notre vie,transportation impacts on all aspects of life,ʀepɛʀkysjɔ͂
3628,oncle,nm,masculine,uncle,je vis avec mon oncle et ma tante,I live with my uncle and my aunt,ɔ͂kl
3629,viol,nm,masculine,rape,je vais crier au viol,I’m going to cry rape,vjɔl
3630,culte,nm,masculine,"worship, cult",le culte des anciens dieux a été réinstauré,the worship of ancient gods was reinstated,kylt
3631,gosse,"nm,nf",masc / fem,kid,"nous, on était gosses, on savait pas","we were just kids, we didn’t know",gɔs
3632,équipage,nm,masculine,"crew, gear",les membres d’équipage ont retiré la femme de l’eau,the crew members pulled the woman from the water,ekipaʒ
3633,carburant,nadj,masculine,fuel,les prix élevés des carburants ont frappé tous les secteurs de l’économie,high gas prices have affected all sectors of the economy,kaʀbyʀɑ͂
3634,canon,nm,masculine,"gun, cannon",ils nous ont attaqués au canon à eau et au gaz lacrymogène,they attacked us with water cannons and tear gas,kanɔ͂
3635,prometteur,nadj,,promising,l’avenir n’est pas prometteur,the future is not promising,"pʀɔmɛtœʀ, -øz"
3636,apprentissage,nm,masculine,"learning, apprenticeship",chaque poste possède un plan d’apprentissage,each job has a training plan,apʀɑ͂tisaʒ
3637,soi-disant,adji,,"so-called, supposedly",il m’a donné un bijou soi-disant précieux,he gave me a supposedly precious jewel,swadizɑ͂
3638,chaussure,nf,feminine,"shoe, sneaker",il faut enlever vos chaussures,you must remove your shoes,ʃosyʀ
3639,salarial,adj,,salary,le problème de l’équité salariale existe,there’s a problem with equitable salaries,"salaʀjal, jo"
3640,abolir,v,,"to abolish, do away with",l’esclavage n’a jamais vraiment été aboli,slavery never really was abolished,abɔliʀ
3641,pâte,nf,feminine,"paste, dough, pasta",ils mangent du riz et des pâtes tous les jours,they eat rice and noodles every day,pɑt
3642,cohésion,nf,feminine,cohesion,"tant que cette situation durera, la cohésion ne sera jamais atteinte","as long as this situation lasts, unity will never be achieved",koezjɔ͂
3643,ruine,nf,feminine,"ruin, ruins",la maison était en ruine,the house was in ruins,ʀɥin
3644,percer,v,,"to pierce, drill, break into",le couteau avait percé la chair avec précision,the knife pierced the flesh with exactness,pɛʀse
3645,rassemblement,nm,masculine,"gathering, collecting, assembling",rassemblement au gymnase pour une annonce spêciale,there’s an assembly in the gymnasium for a special annoucement,ʀasɑ͂bləmɑ͂
3646,malentendu,nm,masculine,misunderstanding,ce n’est qu’un malentendu ridicule,it’s nothing but a ridiculous misunderstanding,malɑ͂tɑ͂dy
3647,soigneusement,adv,,"tidily, neatly, carefully",j’ai soigneusement examiné le document,I examined the document carefully,swaɲøzmɑ͂
3648,pot,nm,masculine,"jar, pot",j’ai arrêté de vendre du pot puis de la coke,"I stopped selling pot, then coke",po
3649,règne,nm,masculine,reign,"en France, c’est le règne du politiquement correct","in France, it’s the reign of political correctness",ʀɛɲ
3650,impulsion,nf,feminine,"impulse, pulse",il y avait une impulsion qui nous poussait,there was an impulse that pushed us,ɛ͂pylsjɔ͂
3651,physiquement,adv,,physically,il était physiquement plus fort que moi,he was physically stronger than me,fizikmɑ͂
3652,minimal,adj,,"minimal, minimum",une peine minimale de quatre ans est juste et équitable,a minimum sentence of four years is just and equitable,"minimal, o"
3653,fossé,nm,masculine,ditch,la forêt se terminait par un fossé,the forest ended at a ditch,fose
3654,dépens,nmpl,masculine-plural,expense,la Russie a affirmé ses ambitions aux dépens de l’Italie,Russia affirmed its ambitions at Italy’s expense,depɑ͂
3655,implanter,v,,"to implant, set up, establish",il est nécessaire d’implanter un nouveau système,it’s necessary to set up a new system,ɛ͂plɑ͂te
3656,descendant,nadj,masculine,"downward, descending, descendant",les descendants parleront de leurs ancêtres disparus,the descendants will speak of their ancestors who have disappeared,"desɑ͂dɑ͂, ɑ͂t"
3657,politiquement,adv,,"politically, diplomatically",il est politiquement correct d’être anti-américain,it’s politically correct to be anti-American,pɔlitikmɑ͂
3658,crever,v,,"to burst, puncture",quel pneu est crevé? c’est pas de ton côté,which tire is flat. it’s not on your side,kʀəve
3659,interruption,nf,feminine,"interruption, break","elle parlait sans interruption, d’un air raisonnable","she spoke uninterrupted, quite reasonably",ɛ͂teʀypsjɔ͂
3660,polonais,nadj(pl),masculine,Polish,vous dites avoir des racines polonaises,you say you have Polish roots,pɔlɔnɛ
3661,patrie,nf,feminine,"homeland, home country",ils ont parlé de protection de la patrie,they talked about protecting the homeland,patʀi
3662,prélèvement,nm,masculine,"imposition, levying, withdrawal, removal, deduction","un prélèvement est, en réalité, une taxe","a deduction is, in fact, a tax",pʀelɛvmɑ͂
3663,ex,nmfi,masc / fem,ex,mon ex serait ravie que je vous parle,my ex will be thrilled that I’m speaking to you,ɛks
3664,studio,nm,masculine,"studio, studio apartment",mon bureau était en face du studio,my office is across from the studio,stydjo
3665,intégrité,nf,feminine,integrity,lui au moins a gardé son intégrité,at least he kept his integrity,ɛ͂tegʀite
3666,prescrire,v,,"to order, command, prescribe, stipulate",ils prescrivent ces médicaments,they prescribe these medicines,pʀɛskʀiʀ
3667,exhorter,v,,"to exhort, urge",je l’exhorte à retirer sa motion,I exhort her to repeal her motion,ɛgzɔʀte
3668,tribu,nf,feminine,tribe,"nous sommes une tribu, une communauté","we’re a tribe, a community",tʀiby
3669,globe,nm,masculine,globe,ils viennent de toutes les régions du globe,they come from all parts of the globe,glɔb
3670,apaiser,v,,"to calm, appease, calm down","officiellement, les tensions s’apaisent","officially, tensions are cooling",apeze
3671,sélectionner,v,,to select,il faut avant tout sélectionner les rôles qui nous plaisent,above all we have to select the roles that we enjoy,selɛksjɔne
3672,familier,nadj,,"familiar, informal","apparemment, cette voix t’est familière",apparently this voice is familiar to you,familje
3673,quinzaine,nf,feminine,"about fifteen, two weeks","dans moins d’une quinzaine, vous serez un homme libre","in less than two weeks, you’ll be a free man",kɛ͂zɛn
3674,paralyser,v,,to paralyze,la mine est paralysée par la grève,the mine is paralyzed by the strike,paʀalize
3675,impatience,nf,feminine,impatience,nous vous attendons avec impatience,we’re waiting impatiently for you,ɛ͂pasjɑ͂s
3676,logiciel,nm,masculine,"software, program, application",il vous faudra peut-être réinstaller votre logiciel,you might have to reinstall your software,lɔʒisjɛl
3677,visiblement,adv,,"obviously, clearly, visibly","il se tait, se domine visiblement","he shuts up, visibly controlling himself",vizibləmɑ͂
3678,suicider,v,,to commit suicide,quatre suspects se sont suicidés samedi,four suspects committed suicide Saturday,sɥiside
3679,préjugé,nm,masculine,"prejudice, bias",il est moins facile de désintégrer un préjugé qu’un atome,it’s harder to smash a prejudice than an atom,pʀeʒyʒe
3680,impératif,nadj,masculine,"need, necessity, urgent, imperative","c’est impératif, c’est nécessaire","it’s imperative, it’s necessary",ɛ͂peʀatif
3681,renvoi,nm,masculine,"dismissal, expulsion, suspension, cross-reference",il allait demander ton renvoi de la police,he was going to seek your suspension from the police force,ʀɑ͂vwa
3682,charme,nm,masculine,charm,la liberté est une espèce de charme,liberty is a kind of charm,ʃaʀm
3683,atout,nm,masculine,"trump, asset",l’Oscar est un atout commercial de calibre mondial,the Oscar is a worldwide commercial asset,atu
3684,portugais,nadj(pl),masculine,Portuguese,admettons que je sois portugais,let’s assume I’m Portuguese,pɔʀtygɛ
3685,nord-ouest,nmi,masculine,north-west,un tremblement de terre secoue le nord- ouest de la Turquie,an earthquake shakes northwestern Turkey,nɔʀwɛst
3686,affaiblissement,nm,masculine,weakening,l’euro a profité de l’affaiblissement du dollar,the euro has profited from the weakened dollar,afeblismɑ͂
3687,balayer,v,,"to sweep up, sweep out","une fois qu’on aura balayé, ce sera à nouveau impeccable","once we’ve swept it, it will be impeccable again",baleje
3688,peupler,v,,"to populate, inhabit",l’enfer est peuplé d’anges,hell is populated by angels,pœple
3689,cauchemar,nm,masculine,"nightmare, bad dream",toute cette affaire est un vrai cauchemar,this whole affair is a real nightmare,koʃmaʀ
3690,pénible,adj(f),,"hard, difficult, painful, tiresome",ton incompétence devient extrêmement pénible,your incompetence is becoming extremely bothersome,penibl
3691,venue,nf,feminine,coming,une grande nouveauté récente est la venue des nouveaux dépanneurs,a big recent trend is the arrival of new convenience stores,v(ə)ny
3692,ballon,nm,masculine,ball,l’usage de tout autre ballon est strictement interdit,use of any other ball is strictly forbidden,balɔ͂
3693,abstenir,v,,"to abstain, refrain",vous feriez mieux de vous abstenir,you would do better to abstain,apstəniʀ
3694,affrontement,nm,masculine,"clash, confrontation",il y a eu des affrontements dans les rues,there were confrontations in the streets,afʀɔ͂tmɑ͂
3695,expulser,v,,"to expel, evict, deport, throw out",les policiers l’expulseront légalement de la propriété,the police will evict her legally from the property,ɛkspylse
3696,resserrer,v,,"to tighten up, strengthen","nous devrions nous voir plus souvent, resserrer nos relations","we should see each other more often, strengthen our relations",ʀ(ə)seʀe
3697,activement,adv,,actively,les évadés sont activement recherchés,the fugitives are being actively sought,aktivmɑ͂
3698,décor,nm,masculine,"scenery, décor, set",on a déjà changé le décor en milieu d’année,we already changed the decor mid-year,dekɔʀ
3699,compassion,nf,feminine,compassion,nous avons toujours réagi avec compassion,we have always reacted with compassion,kɔ͂pasjɔ͂
3700,couronne,nf,feminine,"crown, wreath",aucune couronne ne tient sur aucune tête,crowns don’t stay on anybody’s head,kuʀɔn
3701,descente,nf,feminine,"descent, raid, downward slope",le PCF poursuit sa descente aux enfers,the French Communist Party continues its descent into hell,desɑ͂t
3702,plancher,"nm,v",masculine,floor,il entendit la clef tomber sur le plancher,he heard the key fall onto the floor,plɑ͂ʃe
3703,trentaine,nf,feminine,about thirty,je suis contente d’arriver à la trentaine,I’m happy to have reached thirty years old,tʀɑ͂tɛn
3704,détresse,nf,feminine,distress,nous répondons à votre signal de détresse,we are responding to your distress signal,detʀɛs
3705,escalier,nm,masculine,"stairs, staircase",il montait et descendait l’escalier,he climbed up and down the stairs,ɛskalje
3706,barrage,nm,masculine,"barrier, obstruction, dam, roadblock",de nombreux barrages ont été érigés par la police,many barricades were erected by the police,baʀaʒ
3707,néant,nm,masculine,nothingness,vous réduisez ma vie à néant,you’re reducing my life to oblivion,neɑ͂
3708,support,nm,masculine,"support, stand",reste là. c’est un support moral,stay there. it’s a moral support,sypɔʀ
3709,effondrement,nm,masculine,"collapse, caving-in, falling-in, breaking-down",on va assister à l’effondrement de l’histoire de la finance,we’ll witness a collapse of financial history,efɔ͂dʀəmɑ͂
3710,encaisser,v,,"to receive, collect, cash",j’encaisserai son chèque dans la matinée,I will cash her check in the morning,ɑ͂kese
3711,déduire,v,,"to deduct, deduce, infer, figure out",j’en ai déduit de façon certaine que je l’avais perdue,I figured out for sure that I had lost it,dedɥiʀ
3712,baptiser,v,,"to name, christen, baptize",j’ai baptisé presque tous les habitants de la ville,I baptized almost everyone living in the city,batize
3713,incompatible,adj(f),,incompatible,les deux choses sont tout à fait incompati- bles,the two things are completely incompatible,ɛ͂kɔ͂patibl
3714,bienvenu,nadj,,welcome,j’aimerais vous souhaiter à tous la bienv- enue,I would like to welcome you all,bjɛ͂v(ə)ny
3715,espérance,nf,feminine,hope,je pars donc dans l’espérance de vous revoir,so I’m leaving in the hopes of seeing you again,ɛspeʀɑ͂s
3716,synthèse,nf,feminine,"summary, synthesis",il s’agit d’une synthèse fondée sur les connaissances,it’s a synthesis based on knowledge,sɛ͂tɛz
3717,conjoncture,nf,feminine,"situation, climate",la conjoncture économique n’est plus la même,the economic climate is not the same,kɔ͂ʒɔ͂ktyʀ
3718,défier,v,,"to challenge, defy, distrust",il aimait à défier le destin par fierté,he liked to defy destiny with pride,defje
3719,baie,nf,feminine,bay; berry,la baie immense de Naples s’éployait sans fin,the immense bay of Naples extended endlessly,bɛ
3720,récompense,nf,feminine,"reward, award",ton courage mérite récompense,your courage should be rewarded,ʀekɔ͂pɑ͂s
3721,étendue,nf,feminine,"area, expanse, duration, extent, range",il fut surpris de l’étendue de son savoir,he was surprised at the extent of her knowledge,etɑ͂dy
3722,tiens,"nadjpl,intj",,"ah, well","tiens, je te rends tes 5 livres","here, I’m returning your 5 books",t(ə)niʀ
3723,carnet,nm,masculine,"notebook, notepad",j’inscrivais les rendez-vous sur mon carnet,I wrote the meetings in my notebook,kaʀnɛ
3724,banc,nm,masculine,"bench, workbench, pew",il alla s’asseoir sur le banc,he went to sit on the bench,bɑ͂
3725,réformer,v,,"to re-form, reform, discharge",il était nécessaire de réformer l’ancien système d’assurance-chômage,it was necessary to reform the old unemployment insurance system,ʀefɔʀme
3726,assise,nf,feminine,"basis, foundation",l’équité est l’une des assises fondamentales,equity is one of the fundamental bases,asiz
3727,énergétique,nadj(f),feminine,"energic, vigorous",c’est l’industrie des services énergétiques,it’s the energy services industry,enɛʀʒetik
3728,reléguer,v,,to relegate,ils sont relégués aux banquettes arrières,they have been relegated to the back bench,ʀ(ə)lege
3729,architecte,"nm,nf",masc / fem,architect,c’est un architecte merveilleux,he’s a marvelous architect,aʀʃitɛkt
3730,deuxièmement,adv,,secondly,"deuxièmement, ce n’est pas ma faute","second, it’s not my fault",døzjɛmmɑ͂
3731,vedette,nf,feminine,"star, patrol boat","des tas de vedettes viennent ici, vous savez","lots of movie stars come here, you know",vədɛt
3732,intervenant,nadj,masculine,"contributor, intervener",j’ai été un intervenant de notre système de justice,I was an intervener in our justice system,"ɛ͂tɛʀvənɑ͂, ɑ͂t"
3733,séminaire,nm,masculine,"seminar, seminary",je vais vous dire. ces séminaires m’excitent à mort,I’ll tell you. these seminars bore me to death,seminɛʀ
3734,contrer,v,,to counter,"heureusement, je sais comment contrer ça","happily, I know how to counter this",kɔ͂tʀe
3735,nerveux,nadj(pl),,"nervous, irritable",les tests me rendent nerveux,tests make me nervous,"nɛʀvø, -øz"
3736,assaut,nm,masculine,"assault, attack, bout",vous mènerez la 1ère vague d’assaut,you will lead the first wave of attack,aso
3737,couteau,nm,masculine,knife,pourquoi t’achètes des couteaux?,why are you buying knives?,kuto
3738,arbitraire,nadj(f),,arbitrary,la police se livre à des activités arbitraires,the police are prone to arbitrary activities,aʀbitʀɛʀ
3739,vraisemblablement,adv,,most probably,les prix resteront vraisemblablement stables,the prices will likely remain stable,vʀɛsɑ͂blabləmɑ͂
3740,propagation,nf,feminine,"propagation, spreading",vous vous acheminez vers une propagation de votre théorie?,you’re making progress towards spreading your theory?,pʀɔpagasjɔ͂
3741,masculin,nadj,masculine,"male, masculine",je n’entendis que des voix masculines,all I heard was masculine voices,maskylɛ͂
3742,imiter,v,,to imitate,j’imitais les gestes de mes voisins,I imitated the gestures of my neghbors,imite
3743,embaucher,v,,to hire,"en onze mois, il a embauché sept personnes",in eleven months he hired seven people,ɑ͂boʃe
3744,primordial,adj,,"primordial, basic, vital, primary",la citoyenneté revêt une importance primordiale,citizenship assumes primary importance,"pʀimɔʀdjal, jo"
3745,arbitre,"nm,nf",masc / fem,"referee, arbitrer, arbitrator",c’est un bon arbitre. il arbitre bien,he’s a good arbitrator. he judges well,aʀbitʀ
3746,manteau,nm,masculine,"coat, overcoat",j’aurais dû enlever mon manteau et le jeter par la fenêtre,I should have removed my coat and thrown it out the window,mɑ͂to
3747,implication,nf,feminine,implication,ceci peut avoir d’énormes implications,this could have enormous implications,ɛ͂plikasjɔ͂
3748,grand-père,nm,masculine,grandfather,c’est grand-père qui me l’a fait comprendre,Grandfather’s the one who helped me understand that,gʀɑ͂pɛʀ
3749,reflet,nm,masculine,"reflection, glint, highlight",mes livres sont le reflet de mes propres expériences,my books reflect my own experiences,ʀ(ə)flɛ
3750,requête,nf,feminine,"request, petition",la requête iranienne bloque les négociations,the Iranian request has stalled negotiations,ʀəkɛt
3751,décliner,v,,"to decline, refuse, turn down",vous avez décliné notre offre,you have declined our offer,dekline
3752,rideau,nm,masculine,curtain,"«ferme les rideaux», dis-je – “","close the curtains”, I said",ʀido
3753,fermé,adj,,"shut, closed, locked",je pourrais dessiner les yeux fermés,I could draw with my eyes closed,fɛʀme
3754,manipulation,nf,feminine,"handling, manipulation",la manipulation génétique n’est pas une bonne chose,genetic manipulation isn’t a good thing,manipylasjɔ͂
3755,piquer,v,,"to sting, bite, prick, be hot; to steal",ne me piquez pas mon taxi ... passez votre chemin,don’t you take my taxi ... scram,pike
3756,assiette,nf,feminine,"plate, dish, bowl",je prendrai l’assiette de crudités,I will take the veggie plate,asjɛt
3757,gigantesque,nadj(f),,"gigantic, immense",il s’agit là d’un problème gigantesque,that’s a huge problem,ʒigɑ͂tɛsk
3758,rival,nadj,masculine,rival,ils ne peuvent pas tuer leur rival,they can’t kill their rival,"ʀival, o"
3759,refermer,v,,"to close again, shut again, close up",j’entends la porte se refermer derrière moi,I hear the door close behind me,ʀ(ə)fɛʀme
3760,écu,nm,masculine,ecu,plus de 100 millions d’écus seront gaspillés,over 100 million ecus will be wasted,eky
3761,confus,adj(pl),,"confused, embarrassed","je suis très confus, je ne sais pas pourquoi",I’m very confused – I don’t know why,"kɔ͂fy, yz"
3762,expédition,nf,feminine,"dispatch, shipping, shipment, expedition",je n’ai jamais regretté une seule expédition,I never regretted a single expedition,ɛkspedisjɔ͂
3763,reconstituer,v,,"to reconstitute, restore, reconstruct",je dois donc reconstituer des réserves,I therefore have to rebuild some reserves,ʀ(ə)kɔ͂stitɥe
3764,protégé,nadj,masculine,"protected, protégé",elle était sa protégée et devait normalement lui succéder,she was his protégée and should normally have replaced him,pʀɔteʒe
3765,chant,nm,masculine,song,nous allons prendre des cours de chant à domicile,we’re going to take singing lessons at home,ʃɑ͂
3766,diplomatie,nf,feminine,diplomacy,il y faut toute une diplomatie et une patience infinie,there we need true diplomacy and infinite patience,diplɔmasi
3767,lieutenant,nm,masculine,lieutenant,"la guerre est finie, mon lieutenant","the war is over, Lieutenant",ljøt(ə)nɑ͂
3768,réputé,adj,,"famous, renowned",son personnel est réputé pour son service hors pair,its staff has a reputation for unequalled service,ʀepyte
3769,indirect,adj,,indirect,est-ce une référence indirecte à la religion?,is that an indirect reference to religion?,ɛ͂diʀɛkt
3770,apte,adj(f),,capable,la France est parfaitement apte à s’adapter,France is perfectly able to adapt,apt
3771,dépêcher,v,,"to dispatch, send, hurry","j’ai bloqué l’ascenseur, dépêchez vous, vite","I’m holding the elevator—hurry up, quick",depeʃe
3772,démentir,v,,"to deny, refute, contradict",la Maison Blanche a démenti cette nouvelle version,the White House contradicted this new version,demɑ͂tiʀ
3773,sud-ouest,nmi,masculine,south-west,quelque chose approche en provenance du sud-ouest,something is coming from the south-west,sydwɛst
3774,envergure,nf,feminine,"wingspan, breadth, scope",quel projet d’envergure se fait instantané- ment?,what large-scale project happens in an instant?,ɑ͂vɛʀgyʀ
3775,touche,nf,feminine,"button, key, touch, touchline",elle appuie sur une touche. allo?,she pushes a button. hello?,tuʃ
3776,déterminant,nadj,masculine,"determining, deciding, crucial",il a joué un rôle déterminant lors du coup d’Etat,he played a crucial role during the insurrection,detɛʀminɑ͂
3777,sous-marin,nadj,masculine,"submarine, underwater",la marine chinoise dispose de 69 sous-marins,the Chinese navy has 69 submarines,sumaʀɛ͂
3778,acheminement,nm,masculine,"routing, shipment",il aurait organisé l’acheminement des explosifs,he allegedly organized the shipment of explosives,aʃ(ə)minmɑ͂
3779,externe,nadj(f),,"external, outer",les problèmes externes se révèlent aussi importants,the external problems prove as important,ɛkstɛʀn
3780,hôte,nm,masculine,"host, guest",je sais accueillir mes hôtes,I know how to welcome my guests,ot
3781,assassin,nadj,masculine,"murderer, assassin",l’assassin cache peut-être ses victimes,the assassin might be hiding his victims,asasɛ͂
3782,confirmation,nf,feminine,confirmation,les syndicats veulent une confirmation écrite,the unions want written confirmation,kɔ͂fiʀmasjɔ͂
3783,tapis,nm(pl),masculine,"carpet, mat, covering",il faut les accueillir avec le tapis rouge,they should be given a red-carpet welcome,tapi
3784,corde,nf,feminine,"rope, chord, string",je l’ai étranglé. avec une corde,I strangled him. with a rope,kɔʀd
3785,notable,nadj(f),,"notable, noteworthy",il y a des disparités notables entre pays,there are noteworthy disparities among countries,nɔtabl
3786,rationnel,nadj,,rational,il y a une explication rationnelle à tout cela,there’s a rational explanation for all that,ʀasjɔnɛl
3787,divin,"adj,nm",,"divine, heavenly","vous êtes divine, adorable","you’re divine, adorable","divɛ͂, in"
3788,endormir,v,,"to put to sleep, fall asleep",je ne voulais surtout pas m’endormir au volant,I certainly didn’t want to fall asleep at the wheel,ɑ͂dɔʀmiʀ
3789,épais,"adj(pl),adv",,"thick, pitch dark, thickly",c’était des lunettes très épaisses,they were very thick eyeglasses,"epɛ, ɛs"
3790,exposé,nadj,masculine,"account, statement, talk",j’en ai parlé dans mon exposé,I spoke of it in my statement,ɛkspoze
3791,boutique,nf,feminine,shop,"les émeutiers pillèrent les boutiques, les maisons, les ateliers","the rioters looted shops, houses, workshops",butik
3792,récolter,v,,"to harvest, gather",je récolte en permanence les histoires des gens,I gather for posterity people’s stories,ʀekɔlte
3793,tchèque,nadj(f),masc / fem,Czech,la République tchèque est l’une des grandes démocraties,the Czech Republic is one of the great democracies,tʃɛk
3794,autoroute,nf,feminine,"motorway, highway, freeway",de nombreuses autoroutes ont dû être fermées,many highways had to be closed,otoʀut
3795,maternité,nf,feminine,"maternity, motherhood",j’ai pris un congé maternité,I took maternity leave,matɛʀnite
3796,là-dedans,adv,,"inside, in it",maintenant rentre là-dedans et fais-moi du thé,now go back inside and make me some tea,lad(ə)dɑ͂
3797,différend,nm,masculine,"disagreement, controversy",nous venons de régler le différend qui nous opposait,we have just resolved the disagreement that separated us,difeʀɑ͂
3798,explicite,adj(f),,explicitly,c’étaient des impératifs assez explicites,they were rather explicit requirements,ɛksplisit
3799,comté,nm,masculine,"county, earldom",c’est un des plus beaux comtés au Canada,it’s one of the most beautiful counties in Canada,kɔ͂te
3800,par-dessus,adv,,over,elle voulait un enfant par-dessus tout,she wanted a child more than anything,paʀdəsy
3801,quota,nm,masculine,quota,il ne peut justifier une hausse des quotas de phoques,he can’t justify raising the seal quota,k(w)ɔta
3802,tailler,v,,"to cut, carve, engrave, sharpen, trim",le résultat fut une cote mal taillée,the result was a badly tailored quote,tɑje
3803,apparent,adj,,"apparent, obvious",je me surprenais à pleurer sans cause apparente,I surprised myself by weeping without any apparent cause,"apaʀɑ͂, ɑ͂t"
3804,enfuir,v,,"to run away, flee","je voudrais m’enfuir, mais je suis comme paralysée",I wanted to escape but it’s like I’m paralyzed,ɑ͂fɥiʀ
3805,assistant,nm,masculine,assistant,j’ai demandé à être assistant stagiaire,I asked to be an intern,"asistɑ͂, ɑ͂t"
3806,portion,nf,feminine,"portion, share",les pannes ont frappé de larges portions du sud de Moscou,blackouts hit large portions of southern Moscow,pɔʀsjɔ͂
3807,allocation,nf,feminine,"allocation, granting, allotment, allowance",il dirigeait l’allocation des ressources,he directed the allocation of resources,alɔkasjɔ͂
3808,spéculation,nf,feminine,speculation,la fièvre de la spéculation a produit les mariages d’argent,speculation madness led to money marriages,spekylasjɔ͂
3809,décéder,v,,"to die, pass away, pass on",une vieille dame est décédée pendant qu’elle dormait,an elderly woman died in her sleep,desede
3810,serré,"adj,adv",,"tight, packed, crowded",le budget est serré cette année,the budget is tight this year,seʀe
3811,enquêter,v,,"to investigate, hold inquiry, conduct a survey",tu veux vraiment enquêter sur lui?,you really want to investigate him?,ɑ͂kete
3812,dix-sept,"det,nmi",,seventeen,la ville brûla pendant dix-sept jours,the city burned for seventeen days,dissɛt
3813,allonger,v,,"to lengthen, extend, stretch out",je m’allongeai sur mon lit,I stretched out on my bed,alɔ͂ʒe
3814,chauffeur,nm,masculine,"driver, chauffeur",le chauffeur du véhicule n’a pas été identifié,the driver of the vehicle has not been identified,ʃofœʀ
3815,prospérité,nf,feminine,prosperity,la société japonaise a connu une grande prospérité,Japanese society enjoyed great prosperity,pʀɔspeʀite
3816,ambiguïté,nf,feminine,ambiguity,cette affirmation cache encore bien des ambiguïtés,this assertion still hides several ambiguities,ɑ͂bigɥite
3817,bourgeois,nadj(pl),masculine,middle class,ses parents vivaient comme des bourgeois,her parents lived like middle-class people,buʀʒwa
3818,touristique,adj(f),,"holiday, tourist",elle évite les lieux touristiques,she avoids tourist traps,tuʀistik
3819,obscur,adj,,"dark, vague, obscure",c’est le combat entre les forces obscures et les forces de la lumière,it’s the struggle between the dark forces and the forces of light,ɔpskyʀ
3820,cou,nm,masculine,neck,elle nouait ses bras à mon cou,she wrapped her arms around my neck,ku
3821,invention,nf,feminine,invention,le calendrier est une invention humaine,the calendar is a human invention,ɛ͂vɑ͂sjɔ͂
3822,boucle,nf,feminine,"loop, buckle, curl",ils sont si mignons avec leurs boucles blondes,they are so cute with their blond curls,bukl
3823,flou,adj,masculine,"blurred, fuzzy, vague","tout dans la pièce lui sembla flou, déformé",everything in the room seemed blurred to him,flu
3824,redire,v,,"to say again, repeat",je te l’ai dit et redit,"I told you once, and then again",ʀ(ə)diʀ
3825,consultatif,adj,,advisory,ils seront réduits à un rôle consultatif,they will be relegated to an advisory role,"kɔ͂syltatif, -iv"
3826,torturer,v,,to torture,elle m’a torturée mentalement toute l’année,she tortured me mentally all year long,tɔʀtyʀe
3827,carton,nm,masculine,"cardboard, card, score",il y a une petite boîte de carton où vous trouverez un carnet de timbres,there is a little cardboard box where you will find a book of stamps,kaʀtɔ͂
3828,effrayer,v,,"to frighten, scare",le futur m’attirait et m’effrayait à la fois,the future both attracted me and scared me,efʀeje
3829,pitié,nf,feminine,"pity, mercy",enfin le ciel eut pitié de cette mère malheureuse,finally heaven had pity on this unhappy mother,pitje
3830,complexité,nf,feminine,complexity,le livre explore la complexité de la société de l’information,the book explores the complexity of the information society,kɔ͂plɛksite
3831,favori,nadj,masculine,favorite,le favori a gagné. nous le félicitons,the faorite won. we congratulated him,favɔʀi
3832,noyau,nm,masculine,"core, nucleus, pit",il recracha le noyau d’une olive,he spat out an olive pit,nwajo
3833,brandir,v,,"to brandish, wield, wave",il brandit longuement les poings sous l’ovation,he pumped his fists as the crowd cheered,bʀɑ͂diʀ
3834,repenser,v,,to rethink,il faut complètement repenser le tourisme,tourism must be completely rethought,ʀ(ə)pɑ͂se
3835,timide,nadj(f),,"timid, shy, bashful","sois pas timide, petit minou","don’t be timid, little buddy",timid
3836,audition,nf,feminine,"hearing, examination, audition",on a assisté aux auditions,we attended the hearings,odisjɔ͂
3837,comptabilité,nf,feminine,"accountancy, accounting, book-keeping",il a fait beaucoup de travail en comptabilité,he worked extensively in accounting,kɔ͂tabilite
3838,précaire,adj(f),,"precarious, makeshift",le futur de leurs fils devient précaire,their son’s future was becoming precarious,pʀekɛʀ
3839,trône,nm,masculine,throne,nous sommes des auxiliaires du trône pontifical,we are assistants to the pontifical throne,tʀon
3840,insulter,v,,to insult,jamais je ne vous aurais insulté de propos délibérés,I never would have insulted you deliberately,ɛ͂sylte
3841,saut,nm,masculine,"jump, leap",il a fait le grand saut,he made the big leap,so
3842,amende,nf,feminine,fine,il devra payer l’amende,he’ll have to pay the fine,amɑ͂d
3843,différemment,adv,,differently,les femmes ont voté différemment de leurs maris,the women voted differently from their husbands,difeʀamɑ͂
3844,programmation,nf,feminine,programming,c’est trois heures de programmation par jour en direct,it’s three hours of live daily programming,pʀɔgʀamasjɔ͂
3845,crédible,adj(f),,credible,"notre système est crédible, reconnu mondialement","our system is credible, recognized worldwide",kʀedibl
3846,justification,nf,feminine,"justification, proof",on ne saurait trouver de justification au terrorisme,there’s no justification for terrorism,ʒystifikasjɔ͂
3847,conservation,nf,feminine,"preservation, preserving, retention",quelles mesures de conservation peuvent être prises,what conservation measures can be taken,kɔ͂sɛʀvasjɔ͂
3848,transit,nm,masculine,transit,le fric est en transit. bouge pas,the loot is on its way. don’t move,tʀɑ͂zit
3849,organisateur,nadj,masculine,"organiser, organising",il a été l’un des principaux organisateurs,he was one of the principal organizers,ɔʀganizatœʀ
3850,galerie,nf,feminine,gallery,il y a toute une galerie de personnages,there’s a whole range of personalities,galʀi
3851,aménagement,nm,masculine,"development, planning, fitting, adjustment","alors, on a fait des aménagements","so, we made some adjustments",amenaʒmɑ͂
3852,manifestant,nm,masculine,"protester, demonstrator",les manifestants ont fait monter la pression,the protesters increased the pressure,"manifɛstɑ͂, ɑ͂t"
3853,char,nm,masculine,tank,j’entends vaguement les chars qui s’approchent,I barely hear the tanks as they approach,ʃaʀ
3854,criminalité,nf,feminine,crime,la prévention de la criminalité devrait être notre objectif final,crime prevention should be our ultimate goal,kʀiminalite
3855,masquer,v,,"to mask, conceal, put on a mask","le brouillard descendit des montagnes, masquant le coucher de soleil","the fog rolled down the mountains, masking the sunset",maske
3856,masque,nm,masculine,mask,je voudrais voir le visage derrière ce masque,I would like to see the face behind that mask,mask
3857,dorénavant,adv,,"from now on, henceforth",j’écrirai dorénavant sur les deux côtés de la page,from now on I will write on both sides of the page,dɔʀenavɑ͂
3858,festival,nm,masculine,festival,j’étais dans un festival de musique,I was in a music festival,fɛstival
3859,prôner,v,,"to laud, extol, advocate, commend",l’évangile prône la pauvreté,the gospel preaches poverty,pʀone
3860,radicalement,adv,,radically,"aujourd’hui, la situation est radicalement différente","today, the situation is radically different",ʀadikalmɑ͂
3861,franchise,nf,feminine,"frankness, exemption, duty-free, franchise, deductible",vous parlez avec une grande franchise,you speak very frankly,fʀɑ͂ʃiz
3862,ultérieur,adj,,"later, subsequent",sauvegardez-la pour un traitement ultérieur,save it for subsequent processing,ylteʀjœʀ
3863,expédier,v,,"to send, dispatch",nous l’expédions dans des pays comme le Japon,we send him to countries like Japan,ɛkspedje
3864,axer,v,,to center,sa morale privée était axée sur le culte de la famille,her private morals centered on family worship,akse
3865,propager,v,,"to propagate, spread",vous propagez le malheur des gens au monde entier,you’re spreading people’s misery througout the world,pʀɔpaʒe
3866,rectifier,v,,"to rectify, correct",nul n’osa l’interrompre pour rectifier,nobody dared interrupt her to correct her,ʀɛktifje
3867,tennis,nmi,masculine,tennis,la télévision retransmettait un match de tennis,the television rebroadcast a tennis match,tenis
3868,avenue,nf,feminine,avenue,ils empruntèrent d’abord une grande avenue,first they took a broad street,av(ə)ny
3869,vengeance,nf,feminine,revenge,le désir de vengeance est bon pour la santé,the desire for revenge is healthy,vɑ͂ʒɑ͂s
3870,émouvoir,v,,"to move, touch",j’ai été profondément ému par la cérémonie,I was deeply moved by the ceremony,emuvwaʀ
3871,hé,intj,,hey,"hé, les gars, regardez par ici","hey, guys, look over here","he, ˊe"
3872,génial,adj,,"inspired, great, brilliant",j’ai une idée géniale,I have a brilliant idea,"ʒenjal, jo"
3873,réduit,nm,masculine,"reduced, scaled-down, cut-down, tiny room, hideout",nous avions une équipe très réduite,we had a team that had been greatly reduced,ʀedɥi
3874,alléger,v,,"to lighten, alleviate,",il est temps d’alléger les impôts,it’s time to reduce taxes,aleʒe
3875,vierge,nadj(f),feminine,virgin,la Vierge est célébrée deux fois l’an,the Virgin is celebrated twice a year,vjɛʀʒ
3876,meuble,nadj(f),masculine,piece of furniture,on me cache derrière un meuble,they hid me behind a piece of furniture,mœbl
3877,rapprochement,nm,masculine,"bringing together, coming closer, parallel",nous cherchons un rapprochement entre les deux extrêmes,we’re seeking a consensus between the two extremes,ʀapʀɔʃmɑ͂
3878,confession,nf,feminine,confession,la confession de mes fautes me permet de recommencer,confessing my faults allows me to start afresh,kɔ͂fesjɔ͂
3879,suspens,nm(pl),masculine,"suspension, abeyance",trop de questions vont rester en suspens,too many questions will remain unresolved,syspɑ͂
3880,dégradation,nf,feminine,"degrading, damaging, erosion; demotion",il vient de subir une nouvelle dégradation,he has just been demoted again,degʀadasjɔ͂
3881,vingtième,"det,nm,nf",masc / fem,twentieth,"la chambre obscure, au vingtième étage, cuit à gros feu","the dark room, on the twentieth floor, is burning intensely",vɛ͂tjɛm
3882,agenda,nm,masculine,"diary, planner",j’écris mes poèmes dans un agenda,I write my poems in a day planner,aʒɛ͂da
3883,grand-mère,nf,feminine,grandmother,elle est allée chez sa grand-mère,she went to her grandmother’s place,gʀɑ͂mɛʀ
3884,phare,nm,masculine,"lighthouse, headlight",éteignez les phares! restez où vous êtes!,turn off the lights! stay where you are!,faʀ
3885,virtuel,adj,,"virtual, potential","c’est pire que l’espace virtuel, le cyberespace",cyberspace is worse than virtual space,viʀtɥɛl
3886,gagnant,nadj,masculine,"winner, winning","j’en sortirai gagnant, finalement",I will finally end up being the winner,"gaɲɑ͂, ɑ͂t"
3887,nettoyer,v,,to clean,elle nettoyait la chambre,she cleaned the room,netwaje
3888,diagnostic,nm,masculine,diagnosis,comment confirme-t-on le diagnostic de l’Alzheimer?,how does one confirm a diagnosis of Alzheimer’s?,djagnɔstik
3889,poing,nm,masculine,"fist, punch",je vais t’envoyer mon poing dans la figure!,I’m gonna give you a fist in the mug!,pwɛ͂
3890,étiquette,nf,feminine,"label, ticket, etiquette, sticker, tag",l’étiquette distingue un élément d’information d’un autre,the tag distinguishes one data item from another,etikɛt
3891,tante,nf,feminine,aunt,j’avais été élevé par ma tante,I was raised by my aunt,tɑ͂t
3892,chemise,nf,feminine,"shirt, folder",le col de sa chemise était largement ouvert,the collar of her shirt was mostly open,ʃ(ə)miz
3893,pile,nf,feminine,"pile, stack, battery, tails",j’ai retiré les piles du détecteur d’oxyde de carbone,I removed the batteries from the carbon monoxide detector,pil
3894,kilo,nm,masculine,kilo,j’ai perdu 7 kilos en un an,I lost 7 kilos in one year,kilo
3895,citoyenneté,nf,feminine,citizenship,la citoyenneté nous donne un sens de la communauté,citizenship gives us a sense of belonging,sitwajɛnte
3896,douceur,nf,feminine,"softness, smoothness, mildness, gentleness,sweetness",nous venons de goûter la douceur de la victoire,we have just tasted the sweetness of victory,dusœʀ
3897,attester,v,,"to attest, confirm",comme l’attesteront les amis qui me connaissent bien,as those friends who know me well will attest,atɛste
3898,attraper,v,,"to catch, get, pick up",attention quand même : vous allez attraper un rhume,now be careful—you’re going to catch a cold,atʀape
3899,prestigieux,adj(pl),,prestigious,le jeune homme cumule trois diplômes prestigieux,the young man is earning three prestigious degrees,"pʀɛstiʒjø, -jøz"
3900,ruiner,v,,"to ruin, bankrupt oneself",maintenant je suis ruiné. je suis divorcé,I’m ruined now. I’m divorced,ʀɥine
3901,croix,nf(pl),feminine,cross,fais alors un signe de croix,then make the sign of the cross,kʀwa
3902,nullement,adv,,not in the least,il n’est nullement indispensable,he’s by no means indispensable,nylmɑ͂
3903,incorporer,v,,"to incorporate, insert, merge",ce texte a été incorporé éventuellement dans le chapitre,this text was eventually merged into the chapter,ɛ͂kɔʀpɔʀe
3904,débloquer,v,,"to free, unfreeze, unjam, release, unblock",le premier ministre cherchait sans doute à débloquer le projet,the prime minister clearly sought to unblock the project,deblɔke
3905,ficher,v,,"to file; to make fun of, not care, not give a damn",je me fiche pas mal de ce que tu fais!,I really don’t give a damn what you do,fiʃe
3906,censure,nf,feminine,censorship,j’ai toujours eu des problèmes de censure,I always had problems with censorship,sɑ͂syʀ
3907,linguistique,nadj(f),feminine,"linguistic, linguistics",il est difficile de franchir la barrière linguistique,it’s difficult to overcome the language barrier,lɛ͂gɥistik
3908,accompli,adj,,accomplished,"mission accomplie, hein? c’est fini","mission accomplished, eh? it’s over",akɔ͂pli
3909,terriblement,adv,,"terribly, awfully",je suis terriblement navré,I’m terribly embarrassed,teʀibləmɑ͂
3910,main-d’œuvre,nf,feminine,"manpower, labor, workforce",une main-d’œuvre hautement qualifiée existe dans le Sud-Est asiatique,highly qualified manpower exists in south-east Asia,mɛ͂dœvʀ
3911,invasion,nf,feminine,invasion,personne ne sait exactement combien l’invasion de l’Irak va coûter,nobody knows exactly how much the invasion of Iraq will cost,ɛ͂vɑzjɔ͂
3912,orange,"adji,nf",masc / fem,orange,ils cultivent des oranges,they grow oranges,ɔʀɑ͂ʒ
3913,jury,nm,masculine,"jury, board of examiners",c’est un jury exclusivement blanc,it’s an all-white jury,ʒyʀi
3914,bœuf,nm,masculine,"ox, steer, beef",il est bien possible que ce bœuf ait été engraissé aux hormones,this cow may have been fattened with hormones,"bœf, bø"
3915,rallier,v,,"to rally, win over, join","on veut faire de l’argent, on veut rallier les gens, faire le party","we want to make money, we want to gather people, to party",ʀalje
3916,roue,nf,feminine,wheel,"avance doucement, dis-je. les roues se mirent à tourner","inch slowly forward, I said. the wheels began turning",ʀu
3917,barrer,v,,"to close, block, bar, cross",les deux autres me barraient la sortie,the two others blocked my way,baʀe
3918,réaffirmer,v,,"to reaffirm, reassert",il faut réaffirmer ce droit fondamental,we must reaffirm this fundamental right,ʀeafiʀme
3919,assigner,v,,"to assign, allocate, attach, attribute",deux grandes tâches lui sont assignées,two great tasks are assigned to her,asiɲe
3920,souhaitable,adj(f),,desirable,une dictature militaire n’est pas souhaitable dans ce pays,a military dictatorship isn’t desirable in this country,swɛtabl
3921,soupçon,nm,masculine,suspicion,elle l’examina avec soupçon,she examined it with suspicion,supsɔ͂
3922,constat,nm,masculine,"report, statement",ces associations en sont arrivées à ce constat,these associations arrived at this agreement,kɔ͂sta
3923,communisme,nm,masculine,communism,nous avons hérité du communisme une destruction massive de l’environnement,we inherited from communism massive destruction of the environment,kɔmynism
3924,dynamisme,nm,masculine,dynamism,quel est le secret de votre dynamisme?,what’s the secret of your vitality?,dinamism
3925,flagrant,adj,,"blatant, glaring",c’est une contradiction flagrante,it’s a blatant contradiction,"flagʀɑ͂, ɑ͂t"
3926,paire,nf,feminine,pair,une paire de gants nous suffisait,a pair of gloves was sufficient for us,pɛʀ
3927,loup,nm,masculine,wolf,"ce n’était pas un loup, ce n’en était que l’ombre","it wasn’t a wolf, just the shadow of one",lu
3928,concerter,v,,"to devise, consult",l’occasion de nous concerter avec nos groupes,the chance to consult together in our groups,kɔ͂sɛʀte
3929,désespérer,v,,to despair,il faut désespérer de ce peuple et le subjuguer,you must lose hope in this people and take them captive,dezɛspeʀe
3930,subit,adj,,sudden,une chaleur subite l’envahissait,a sudden heat overcame him,"sybi, it"
3931,diplomate,"nadj(f),nm",masc / fem,"diplomat, diplomatic",ils sont accompagnés par un diplomate russe,they’re accompanied by a Russian diplomat,diplɔmat
3932,joue,nf,feminine,cheek,"des larmes coulaient sur mes joues, sans arrêt",tears rolled down my cheeks continually,ʒu
3933,essuyer,v,,"to wipe, dry, mop, dust",essuie tes larmes,wipe away your tears,esɥije
3934,exporter,v,,to export,le Canada exporte un certain nombre de produits alimentaires,Canada exports some food products,ɛkspɔʀte
3935,étaler,v,,"to spread, display, apply",j’ai étalé mon manteau sur votre lit,I spread out my coat on your bed,etale
3936,reconduire,v,,"to renew, drive back",je te reconduis à l’aéroport,I’ll drive you back to the airport,ʀ(ə)kɔ͂dɥiʀ
3937,handicap,nm,masculine,handicap,mon handicap est très sérieux,my handicap is very serious,(ˊ)ɑ͂dikap
3938,bonsoir,"intj,nm",masculine,good evening,bonsoir cher ami. quel plaisir de vous voir,"good evening, dear friend. how nice to see you",bɔ͂swaʀ
3939,casque,nm,masculine,helmet,je suis la seule à porter un casque au travail,I was the only one to wear a helmet at work,kask
3940,autrui,pro,,others,vous ne pouvez pas les louer à autrui,you’re not allowed to rent them to others,otʀɥi
3941,bousculer,v,,"to knock over, knock into",je voulais bousculer les habitudes des gens,I wanted to shake up people’s habits,buskyle
3942,ériger,v,,"to erect, set up",Hitler avait érigé un vieux symbole hindou,Hitler had erected an ancient Hindu symbol,eʀiʒe
3943,conversion,nf,feminine,conversion,pouvez-vous expliquer votre notion de conversion psychique?,can you explain your notion of psychic conversion?,kɔ͂vɛʀsjɔ͂
3944,patte,nf,feminine,"paw, foot, leg",elles marchaient de côté avec des pattes de crabe,they walked sideways crab-style,pat
3945,planifier,v,,to plan,"plus nous planifions longtemps d’avance, mieux c’est","the longer ahead we plan, the better",planifje
3946,transitoire,adj(f),,"transient, interim, provisional",il y a installé l’administration transitoire,there he set up the transitional administration,tʀɑ͂zitwaʀ
3947,tardif,adj,,late,je vous prie d’excuser mon arrivée tardive,I beg you to excuse my late arrival,"taʀdif, -iv"
3948,prédécesseur,nm,masculine,predecessor,il est substantiellement semblable à son prédécesseur,he’s largely similar to his predecessor,pʀedesesœʀ
3949,natal,adj,,"native, home",il voulait quitter sa ville natale,he wanted to leave his hometown,natal
3950,humour,nm,masculine,humour,"sans humour, tu ne survis pas","without humor, you don’t survive",ymuʀ
3951,défaillance,nf,feminine,"fault, failure, breakdown, blackout, weakness",je connaissais mes défaillances et je les regrettais,I knew my shortcomings and I regretted them,defajɑ͂s
3952,hélas,intj,,alas,"hélas, je ne pourrai pas","alas, I won’t be able to",elɑs
3953,cabine,nf,feminine,"hut, cubicle, booth, box, room",elle dort dans une cabine,she’s sleeping in a cabin,kabin
3954,fardeau,nm,masculine,burden,le gouvernement doit alléger le fardeau des entreprises,the government must lighten the load of companies,faʀdo
3955,héritier,nm,masculine,heir,il n’a pas d’héritiers directs,he has no direct heirs,"eʀitje, -jɛʀ"
3956,apport,nm,masculine,"supply, contribution",cite-moi un seul apport positif de la technologie,name me one positive contribution from technology,apɔʀ
3957,remboursement,nm,masculine,reimbursement,"s’ils veulent un remboursement, je le prendrais sur ta paye","if they want reimbursement, I’ll take it from your paycheck",ʀɑ͂buʀsəmɑ͂
3958,échelon,nm,masculine,"rung, step, grade, echelon","j’ai tenté de grimper encore un échelon, pour lui échapper",I tried to crawl up one more rung to escape him,eʃlɔ͂
3959,fondre,v,,"to melt, merge","quel pudding exquis, il fond dans la bouche",what exquisite pudding—it melts in the mouth,fɔ͂dʀ
3960,occurrence,nf,feminine,"instance, case, occurrence",nous pourrions compter sur les doigts de la main les occurrences du mot,we could count on the fingers of one hand the occurrences of the word,ɔkyʀɑ͂s
3961,authentique,adj(f),,"genuine, authentic",mon objectif premier : rester authentique,my main objective: to remain authentic,otɑ͂tik
3962,attentivement,adv,,"attentively, carefully, closely",écoute-moi attentivement,listen to me carefully,atɑ͂tivmɑ͂
3963,irlandais,nadj(pl),masculine,Irish,ma femme est d’origine irlandaise,my wife is of Irish background,"iʀlɑ͂dɛ, ɛz"
3964,confortable,adj(f),,comfortable,ce canapé n’est pas très confortable,this sofa is not very comfortable,kɔ͂fɔʀtabl
3965,au-dessous,adv,,underneath,la température descend au-dessous de -40,the temperature is falling below –40,od(ə)su
3966,fonctionnel,adj,,functional,"vous savez, tout est fonctionnel","you know, everything works",fɔ͂ksjɔnɛl
3967,panne,nf,feminine,"breakdown, failure",ton téléphone est en panne,your telephone doesn’t work,pan
3968,adieu,"intj,nm",masculine,"goodbye, farewell, adieu",je ne t’aime plus. adieu,I don’t love you any more. farewell,adjø
3969,entre-temps,"adv,nm(pl)",,"meanwhile, in the meantime","entre-temps, la population vieillit et augmente",in the meantime the population is aging and increasing,ɑ͂tʀətɑ͂
3970,insérer,v,,to insert,j’insère ma carte dans la machine,I insert my card into the machine,ɛ͂seʀe
3971,confrère,nm,masculine,colleague,mes confrères de classe ont bénéficié de ces bourses,my classmates benefited from those scholarships,kɔ͂fʀɛʀ
3972,litre,"nm,nf",masculine,litre,il vient de boire deux litres de bière d’un coup,he just drank two litres of beer in one sitting,litʀ
3973,suivi,nadj,masculine,"follow-up; consistent, continuous",il n’y a pas assez de suivi psychiatrique et sanitaire en prison,there isn’t enough psychiatric and sanitary follow-up in prison,sɥivi
3974,variation,nf,feminine,"variation, change",les variations peuvent être compensées,the variations can be compensated,vaʀjasjɔ͂
3975,productif,adj,,productive,j’essaie de rendre le gens les moins productifs que possible,I try to make people the least productive possible,"pʀɔdyktif, -iv"
3976,groupement,nm,masculine,"grouping, group, categorization",j’étais dans toutes sortes de groupements,I was in all kinds of groups,gʀupmɑ͂
3977,modernisation,nf,feminine,modernization,il va nous amener à poursuivre notre modernisation,he’s going to push us to pursue our modernization,mɔdɛʀnizasjɔ͂
3978,déploiement,nm,masculine,"deployment, spreading, unfurling, display",il s’agirait du premier déploiement de missiles sol-air,it would be the first deployment of surface-to-air missiles,deplwamɑ͂
3979,impuissant,nadj,,"powerless, helpless",la justice est complètement impuissante,justice is completely powerless,ɛ͂pɥisɑ͂
3980,restauration,nf,feminine,restoration; catering,la restauration emploie beaucoup de jeunes,catering employs many young people,ʀɛstɔʀasjɔ͂
3981,haïr,v,,"to detest, hate, abhor",j’ai toujours haï la campagne,I always hated the countryside,ˊaiʀ
3982,marée,nf,feminine,tide,c’est à marée haute qu’il faut venir,you must come at high tide,maʀe
3983,souscrire,v,,to subscribe,elle ne souscrit pas complètement à nos principes,she doesn’t altogether subscribe to our principles,suskʀiʀ
3984,diable,"intj,nm",masculine,devil,vous croyez que je suis le diable?,you think I’m the devil?,djɑbl
3985,suffrage,nm,masculine,vote,le suffrage est le court moment du souverain,the popular vote is the beginning of the end for a monarch,syfʀaʒ
3986,spontané,adj,,spontaneous,sois spontanée pour une fois dans ta vie,be spontaneous for once in your life,spɔ͂tane
3987,joyeux,nadj(pl),,"merry, joyful, happy",je ne regrette pas cette époque très joyeuse de ma vie,I don’t regret this very joyful time in my life,"ʒwajø, -jøz"
3988,concilier,v,,to reconcile,j’arriverai à concilier plaisir et nécessité,I managed to reconcile pleasure and duty,kɔ͂silje
3989,tristesse,nf,feminine,"sadness, gloominess, dreariness",je n’ai jamais pris leur tristesse au sérieux,I never took their sadness seriously,tʀistɛs
3990,asile,nm,masculine,"shelter, asylum, hospital",ils veulent m’enfermer à l’asile!,they want to commit me to an asylum!,azil
3991,sombrer,v,,"to darken; to sink, lapse",je sombrai dans le chaos,I sank into chaos,sɔ͂bʀe
3992,photographe,"nm,nf",masc / fem,photographer,je suis en quelque sorte son photographe non officiel,I’m somewhat of his unofficial photographer,fɔtɔgʀaf
3993,libanais,nadj(pl),masculine,Lebanese,"mais nous, les Libanais, nous reviendrons","but we Lebanese, we will return","libanɛ, ɛz"
3994,archives,nfpl,feminine-plural,"archives, records",je suis allée aux archives,I went to the archives,aʀʃiv
3995,honteux,adj(pl),,"ashamed, shameful",je trouve cela absolument honteux,I find that absolutely shameful,"ˊɔ͂tø, -øz"
3996,rapporteur,nadj,masculine,"telltale, rapporteur",je vous en informe comme rapporteur,I’m telling you this as a reporter,ʀapɔʀtœʀ
3997,dix-neuvième,"det,nm,nf",masc / fem,nineteenth,la ville paraît sortie du dix-neuvième siècle,the city seemed to come straight out of the nineteenth century,diznœvjɛm
3998,indemnisation,nf,feminine,"indemnification, compensation",jamais une période d’indemnisation n’a été aussi longue,no period of compensation has ever been this long,ɛ͂dɛmnizasjɔ͂
3999,harceler,v,,"to harass, plague",la police des mœurs harcèle encore les jeunes,the vice squad is still harassing the youth,ˊaʀsəle
4000,leadership,nm,masculine,leadership,nous devons faire preuve de leadership,we must show leadership,lidœʀʃip
4001,cahier,nm,masculine,notebook,"d’accord, fermez les cahiers. commençons cet examen","OK, close your workbooks. let’s begin this exam",kaje
4002,portable,"adj(f),nm",masculine,"portable, wearable; cell phone",j’achèterai un portable et je t’appellerai,I’ll buy a cell phone and I’ll call you,pɔʀtabl
4003,précoce,adj(f),,"early, precocious",nous favorisons la détection précoce et la prévention,we support early detection and prevention,pʀekɔs
4004,qualification,nf,feminine,qualification,on n’a pas passé les qualifications,we didn’t pass the qualifying exam,kalifikasjɔ͂
4005,insulte,nf,feminine,insult,"je m’enfuis, poursuivie par ses insultes","I took off, pursued by her insults",ɛ͂sylt
4006,planer,v,,"to glide, soar",un grand oiseau planait,a large bird was soaring,plane
4007,stage,nm,masculine,"internship, training course",j’ai découvert la secte lors d’un stage d’été en Slovénie,I found the sect during a summer internship in Slovenia,staʒ
4008,dédier,v,,to dedicate,ce livre est dédié à ma sœur qui est décédée,this book is dedicated to my sister who passed away,dedje
4009,carrément,adv,,"completely, directly, straight out","ici, on passe carrément par-dessus la tête des syndicats","here, frankly, we go over the heads of the unions",kaʀemɑ͂
4010,exil,nm,masculine,exile,"elle mourut dans l’exil, dans la pauvreté","she died in exile, in poverty",ɛgzil
4011,artisan,nm,masculine,"craftsman, self-employed",nous sommes les artisans de notre propre destin,we are the captains of our own destiny,"aʀtizɑ͂, an"
4012,rassurant,adj,,"reassuring, comforting",c’est rassurant des bruits de cuisine,kitchen sounds are reassuring,"ʀasyʀɑ͂, ɑ͂t"
4013,remède,nm,masculine,"cure, remedy","leur herbier fournit des remèdes, des tisanes","the herbalist provides remedies, herbal teas",ʀ(ə)mɛd
4014,composant,nadj,masculine,"component, constituent",c’est une organisation politique avec un forte composante terroriste,it’s a political organization with a strong terrorist compo- nent,kɔ͂pozɑ͂
4015,économiquement,adv,,economically,ce sont des régions qui actuellement explosent économiquement,these are regions that are currently exploding with economic activity,ekɔnɔmikmɑ͂
4016,hurler,v,,"to scream, yell","tout le monde la cherchait, hurlait son prénom","everyone was looking for her, yelling her name",ˊyʀle
4017,yen,nm,masculine,yen,"par ailleurs, le yen doit être soutenu","elsewhere, the yen must be shored up",jɛn
4018,gras,"adj(pl),nm(pl)",masculine,"fatty, fat, greasy",il y a 20 % de matières grasses dedans,it has a 20% fat content,gʀɑ
4019,médiatique,adj(f),,media,c’est un coup médiatique incroyable pour cette compagnie-là,it’s an incredible public relations coup for that company,medjatik
4020,statue,nf,feminine,statue,elevons une statue de moi,let’s erect a statue of me,staty
4021,frappe,nf,feminine,"strike, striking, stamp, impression, punch",les frappes aériennes ne vont résoudre aucun problème,air strikes won’t resolve any problems,fʀap
4022,industrialiser,v,,to industrialize,la France vend surtout aux principaux pays industrialisés,France sells mostly to the principal industrialized countries,ɛ͂dystʀijalize
4023,efficacement,adv,,"efficiently, effectively",nous avons toujours travaillé efficacement ensemble,we have always worked effectively together,efikasmɑ͂
4024,golfe,nm,masculine,gulf,les gens du Golfe sont très fiers,the people of the Gulf are very proud,gɔlf
4025,ambiance,nf,feminine,"atmosphere, mood",il y a une ambiance sympa dans cette ville,there’s a great atmosphere in this city,ɑ͂bjɑ͂s
4026,coopérer,v,,to cooperate,je pense qu’il va falloir coopérer,I think we will have to cooperate,kɔɔpeʀe
4027,bus,nm(pl),masculine,bus,"à Rome, nous avons pris le bus. un bus rouge","in Rome, we took the bus. a red bus",bys
4028,septième,"det,nm,nf",masc / fem,seventh,le septième enfant est mort,the seventh child died,sɛtjɛm
4029,façade,nf,feminine,"front, façade",la façade est formée par le massif,the facade is formed by the massif,fasad
4030,charmant,adj,,charming,c’était une femme tout à fait charmante,she was an absolutely charming woman,"ʃaʀmɑ͂, ɑ͂t"
4031,marginal,nadj,,marginal,j’ai jamais pensé que j’étais marginal,I never thought of myself as marginal,"maʀʒinal, o"
4032,comptable,nadj(f),masc / fem,"accountant, accountable",le fruit d’une froide évaluation comptable,the fruit of passionless accounting evaluation,kɔ͂tabl
4033,isolement,nm,masculine,"loneliness, isolation, insulation",vous avez été maintenu quatorze ans en isolement,you were kept fourteen years in isolation,izɔlmɑ͂
4034,modérer,v,,"to restrain, moderate, reduce",malheureusement la prudence ne modérait pas toujours les élans de son coeur,"sadly, prudence didn’t always restrain the outbursts of her heart",mɔdeʀe
4035,volant,"adj,nm",masculine,steering wheel,"vas-y, prends le volant","go ahead, take hold of the steering wheel",vɔlɑ͂
4036,porc,nm,masculine,"pig, pork",on a été manger des côtes de porc dans un bistro,we went to eat pork ribs in a bistro,pɔʀ
4037,appartenance,nf,feminine,"membership, belonging",le sentiment d’appartenance doit être entretenu,the sense of belonging must bemaintained,apaʀtənɑ͂s
4038,émeute,nf,feminine,"riot, rioting",c’était le point zéro des émeutes de Los Angeles,it was ground zero for the Los Angeles riots,emøt
4039,constructif,adj,,constructive,trouvez une facon constructive de vous améliorer,find a constructive way to improve yourself,"kɔ͂stʀyktif, -iv"
4040,minime,nadj(f),,"minor, minimal",beaucoup de ces différences sont minimes,many of these differences are minimal,minim
4041,ralentissement,nm,masculine,slowing down,l’économie japonaise est en net ralentissement,the Japanese economy is clearly slowing down,ʀalɑ͂tismɑ͂
4042,mobilisation,nf,feminine,mobilization,rapidement la mobilisation se construit dans la communauté éducative,rapidly mobilization was established in the educational community,mɔbilizasjɔ͂
4043,tâcher,v,,to endeavor,tâchez donc à faire plus simple,so try to simplify,tɑʃe
4044,racisme,nm,masculine,racism,cette fausse image contribue au racisme,this false image feeds racism,ʀasism
4045,mairie,nf,feminine,"town hall, city hall",ils se marièrent à la mairie,they got married at the city hall,meʀi
4046,aptitude,nf,feminine,ability,ses aptitudes en mathématiques me désespèrent,his aptitude for mathematics left me in despair,aptityd
4047,fumée,nf,feminine,smoke,on a senti des odeurs de fumée,we smelled smoke,fyme
4048,sauvetage,nm,masculine,"rescue, salvaging",nos équipes de recherche et de sauvetage sont sur place,our search and rescue teams are in place,sov(ə)taʒ
4049,récession,nf,feminine,recession,"si on parle de récession, les gens n’achètent plus","if there’s talk of a recession, people will stop buying",ʀesesjɔ͂
4050,convaincant,adj,,convincing,tu as été convaincant à la télé aujourd’hui,you were convincing on TV today,"kɔ͂vɛ͂kɑ͂, ɑ͂t"
4051,sou,nm,masculine,penny,ils étaient des réfugiés sans le sou,they were refugees without a single penny,su
4052,analyste,"nm,nf",masc / fem,analyst,quand ces personnes sont elles-mêmes devenues analystes?,when did these people become analysts too?,analist
4053,prétendu,nadj,,"so-called, alleged",il est impossible d’accepter cette prétendue réponse,it’s impossible to accept this so-called response,pʀetɑ͂dy
4054,grossier,adj,,"unrefined, crude, coarse, rude, rough",excusez-moi. j’ai été grossier,excuse me. I was rude,"gʀosje, -jɛʀ"
4055,ignorance,nf,feminine,ignorance,tu m’as aimé par ignorance!,you loved me out of ignorance!,iɲɔʀɑ͂s
4056,pervers,nadj(pl),masculine,"pervert, perverse, perverted","vous aimez les trucs pervers, hein?","you like perverted stuff, hey?","pɛʀvɛʀ, ɛʀs"
4057,sensiblement,adv,,"approximately, more or less, noticeably",le gouvernement fédéral a réduit sensiblement sa contribution,the federal government reduced its contribution sizably,sɑ͂sibləmɑ͂
4058,léguer,v,,"to bequeath, hand down, pass on",il aurait dû me léguer la maison tout entière,he should have bequeathed me the whole house,lege
4059,prélever,v,,"to impose, levy, withdraw, remove",l’argent est prélevé sur les chèques toutes les semaines,money is debited against the checks every week,pʀel(ə)ve
4060,noyer,"nm,v",masculine,"walnut; to drown, flood, blur, water down","tous trois ont péri noyés, prisonniers du véhicule","all three of them drowned, trapped in the vehicle",nwaje
4061,abbé,nm,masculine,"abbot, priest",je vous présente M. l’abbé,may I introduce the abbey,abe
4062,détecter,v,,to detect,les fuites sont difficiles à détecter,leaks are difficult to detect,detɛkte
4063,capter,v,,"to pick up, capture, tap",puis ses yeux captèrent un mouvement,then her eyes caught a motion,kapte
4064,sceptique,nadj(f),,"sceptical, sceptic",le monde scientifique reste en majorité sceptique,the scientific world for the most part remains sceptical,sɛptik
4065,vôtre,nadj(f),masc / fem,yours,"ça fera deux cafés, le vôtre et celui du monsieur","that will be two coffees, yours and the gentleman’s",votʀ
4066,problématique,nadj(f),feminine,problematic; problem,quelle est la problématique environnementale principale?,what is the principal environmental issue?,pʀɔblematik
4067,voiler,v,,to veil,les femmes doivent se voiler,women must wear a veil,vwale
4068,nationalité,nf,feminine,nationality,il avait la possibilité de choisir la nationalité française,he had the chance to choose French nationality,nasjɔnalite
4069,serment,nm,masculine,"oath, vow","tu ne peux pas rompre un serment, c’est sacré",you can’t break an oath – it’s sacred,sɛʀmɑ͂
4070,envoler,v,,"to fly away, fly off, take off","son âme s’envolait, portée par les anges","his soul flew away, carried by the angels",ɑ͂vɔle
4071,pasteur,nm,masculine,"minister, clergyman, pastor",elle aime mieux le pasteur que le Jésuite,she prefers the pastor to the Jesuit,pastœʀ
4072,activer,v,,"to activate, speed up, stoke, get moving",il faut activer votre réseau,you have to activate your network,aktive
4073,chimie,nf,feminine,chemistry,je ferais mieux d’étudier ma chimie,I would do better to study my chemistry,ʃimi
4074,erroné,adj,,erroneous,cette idée est complètement erronée,this idea is completely false,eʀɔne
4075,fantôme,nm,masculine,"ghost, phantom",j’ai encore vu un fantôme dans ma maison,I saw a ghost in my house again,fɑ͂tom
4076,naviguer,v,,"to navigate, sail",il naviguait sur Internet en quête de sujets scientifiques,he surfed the Internet looking for science topics,navige
4077,yougoslave,nadj(f),masc / fem,"Yugoslav, Yugoslavian",la crise yougoslave gêne surtout leurs grands rivaux,the Yugoslavian crisis bothers their major rivals the most,jugɔslav
4078,explicitement,adv,,explicitly,se séparer explicitement de l’amour,to separate oneself explicitly from love,ɛksplisitmɑ͂
4079,alerter,v,,"to alert, inform, warn",il ne faudrait pas alerter la population,we shouldn’t alert the population,alɛʀte
4080,vigilance,nf,feminine,"vigilance, watchfulness",le pinot demande une vigilance constante,pinot demands constant vigilance,viʒilɑ͂s
4081,rock,nm,masculine,rock music,j’avais souhaité parler du rock de mon adolescence,I wanted to talk about the rock of my teenage years,ʀɔk
4082,réconciliation,nf,feminine,reconciliation,une Europe unie a besoin de cette réconciliation,a unified Europe needs this reconciliation,ʀekɔ͂siljasjɔ͂
4083,revers,nm(pl),masculine,"back, reverse, setback",il y a le revers de la médaille,there is the other side of the coin,"reˈveːɐ, reˈvɛːɐ, rə-"
4084,aviation,nf,feminine,aviation,l’aviation israélienne avait mené une série de raids,the Israeli air force carried out a series of raids,avjasjɔ͂
4085,souplesse,nf,feminine,"suppleness, flexibility",je préfère la souplesse d’âme à la souplesse de peau,I prefer a gentle soul to soft skin,suplɛs
4086,respectueux,adj(pl),,respectful,il est extrêmement respectueux avec les gens,he is extremely respectful of people,"ʀɛspɛktɥø, -øz"
4087,trahison,nf,feminine,"betrayal, treachery, treason","c’était rien, juste une petite trahison","it was nothing, just a little bit of treason",tʀaizɔ͂
4088,débit,nm,masculine,"debit, turnover, delivery, rate",le débit était aussi rapide qu’avant,turnover was as rapid as it was previously,debi
4089,sursis,nm(pl),masculine,"reprieve, deferment",une peine d’emprisonnement avec sursis ne suffirait pas,jail time with remission of sentence would not be enough,syʀsi
4090,simultanément,adv,,simultaneously,je répondrai donc aux deux questions simultanément,so I will answer both questions at the same time,simyltanemɑ͂
4091,techniquement,adv,,technically,je ne te connais pas ... techniquement,I don’t know you ... technically,tɛknikmɑ͂
4092,os,nm(pl),masculine,bone,je jette un os à un chien,I toss a bone to a dog,"ɔs, o"
4093,cote,nf,feminine,"rating, share index, quoted value",l’or a dépassé la cote des $ 380,gold rose above a quoted value of $380,kɔt
4094,dictionnaire,nm,masculine,dictionary,nous avons développé un dictionnaire assez élaboré,we have developed quite an elaborate dictionary,diksjɔnɛʀ
4095,symptôme,nm,masculine,symptom,les symptômes se sont nettement aggravés,the symptoms got much worse,sɛ͂ptom
4096,délibérément,adv,,deliberately,il marcha délibérément vers la porte,he strode deliberately towards the door,delibeʀemɑ͂
4097,écoute,nf,feminine,listening,il faut se tenir à l’écoute de tout ce qui se passe,you have to keep informed about everything that happens,ekut
4098,contingent,nadj,masculine,"contingent, draft, quota",c’est le plus fort contingent d’étudiants étrangers,that’s the strongest contingent of foreign students,kɔ͂tɛ͂ʒɑ͂
4099,émerger,v,,"to emerge, rise up, come out",cette façon de penser émerge presque partout,this kind of thinking is emerging almost everywhere,emɛʀʒe
4100,instruire,v,,"to teach, educate, inform",ils sauront l’instruire sur leurs anciennes pratiques,they know how to teach him their ancient practices,ɛ͂stʀɥiʀ
4101,équité,nf,feminine,"equity, fairly",il faudra renforcer l’équité en matière d’emploi,it will be necessary to strengthen equity in the workplace,ekite
4102,inconscient,nadj,masculine,"unconscious, thoughtless","après cela, je suis resté inconscient pendant 24 heures","afterwards, I was unconscious for 24 hours",ɛ͂kɔ͂sjɑ͂
4103,chaleureux,adj(pl),,warm,c’était quand même un accueil très chaleureux,yet it was a very warm welcome,"ʃalœʀø, -øz"
4104,déguiser,v,,to disguise,je me déguise en quelqu’un d’autre,I’m disguised as somebody else,degize
4105,fièvre,nf,feminine,fever,vous êtes brûlante de fièvre,you’re burning up with fever,fjɛvʀ
4106,vitre,nf,feminine,"pane, window","derrière la vitre, il l’observait, il la jugeait","from behind the windowpane he watched her, he judged her",vitʀ
4107,fantastique,nadj(f),,"fantastic, terrific, great, weird, eerie",ils ont fait un travail fantastique,they did a fantastic job,fɑ͂tastik
4108,courbe,nadj(f),feminine,"curve, curved",la courbe qu’il spécifie est une spirale,the curve that it describes is a spiral,kuʀb
4109,soustraire,v,,"to substract, remove, shield, escape from",nul homme ne peut se soustraire au terme de sa vie,no man can escape from the endpoint of his life,sustʀɛʀ
4110,instable,adj(f),,unstable,je regardai avec effroi ces êtres instables,I watched with fear these unstable beings,ɛ͂stabl
4111,vapeur,"nm,nf",feminine,"vapor, steam, steamship",j’aperçus au loin une vapeur bleuâtre,I noticed a blueish vapor in the distance,vapœʀ
4112,beurre,nm,masculine,butter,"j’aurais appris à faire du beurre, du fromage",I would have learned to make butter and cheese,bœʀ
4113,monument,nm,masculine,monument,ce devait être un monument aux morts,it must have been a monument to the dead,mɔnymɑ͂
4114,oral,nadj,masculine,oral,ces histoires constituent le folklore oral moderne,these stories comprise modern oral folklore,"ɔʀal, o"
4115,téléviser,v,,to televise,la concurrence des journaux télévisés est indéniable,competition among TV newscasts is undeniable,televize
4116,consolider,v,,"to strengthen, reinforce",la société consolide sa position en matière de propriété intellectuelle,the company is solidifying its position on intellectual property,kɔ͂sɔlide
4117,muet,nadj,,"mute, silent, dumb",j’ai un fils aussi muet qu’une carpe,I have a son as mute as a carp,"mɥɛ, mɥɛt"
4118,contrevenant,nadj,masculine,"offender, offending",cela évite au contrevenant d’aller en prison,this prevents the offender from having to go to prison,"kɔ͂tʀəv(ə)nɑ͂, ɑ͂t"
4119,offensive,nf,feminine,"offensive, offence",la seule défense est une bonne offensive,the only defence is a good offence,ɔfɑ͂siv
4120,routine,nf,feminine,routine,"les routines, très vite, reprirent leurs droits",routines quickly gained the upper hand,ʀutin
4121,coder,v,,"to code, encode",chaque langue code une culture déterminée,each language encodes a particular culture,kɔde
4122,gel,nm,masculine,"frost, freezing, gel",ils ont besoin d’un gel des frais de scolarité,they need a freeze in tuition,ʒɛl
4123,rénovation,nf,feminine,"renovation, restoration",les travaux de transformation et de rénovation iront également bon train,transformation and renovation work will proceed together at a good pace,ʀenɔvasjɔ͂
4124,controverse,nf,feminine,controversy,il y a beaucoup de controverses au sujet des châtiments corporels,there are many controversies about corporal punishment,kɔ͂tʀɔvɛʀs
4125,médiocre,nadj(f),,"mediocre, second-rate","pire encore, il est médiocre et inefficace","even worse, he is mediocre and inefficient",medjɔkʀ
4126,filial,adj,,filial; branch office,il fallait créer une entreprise filiale,it was necessary to create a subsidiary company,"filjal, jo"
4127,relais,nm(pl),masculine,"shift, relay",les paroles avaient pris le relais de ses larmes,words took over from his tears,ʀ(ə)lɛ
4128,opposant,nadj,masculine,"opponent, opposing",mais les opposants sont sceptiques,but the opponents are sceptical,"ɔpozɑ͂, ɑ͂t"
4129,aval,nm,masculine,"downstream, downhill",on parle des avantages en aval,we’re talking about downstream benefits,aval
4130,rubrique,nf,feminine,"column, heading, rubric",l’émission propose également de nombreuses rubriques,the broadcast also offers several categories,ʀybʀik
4131,préfet,nm,masculine,prefect,le préfet ne fera rien pour nous,the police commissioner will do nothing for us,pʀefɛ
4132,provocation,nf,feminine,provocation,"c’est de la provocation indue, non souhaitable et injustifiée","it’s undeserved, undesirable and unjustified provocation",pʀɔvɔkasjɔ͂
4133,sommaire,nadj(f),masculine,"summary, brief, cursory",l’examen est certes assez sommaire,the examination is certainly rather cursory,sɔmɛʀ
4134,versant,nm,masculine,"hillside, mountainside",voilà succinctement résumé un versant de sa nature,"there, briefly put, is one side of his nature",vɛʀsɑ͂
4135,réticence,nf,feminine,"reluctance, hesitation",je ne ressens pas de réticence de la part des auteurs français,I don’t sense any reluctance on behalf of French authors,ʀetisɑ͂s
4136,grossesse,nf,feminine,pregnancy,elle m’avait annoncé sa grossesse,she told me she was pregnant,gʀosɛs
4137,égyptien,nadj,masculine,Egyptian,nous avons mangé de la cuisine égyptienne,we ate Egyptian food,"eʒipsjɛ͂, jɛn"
4138,timbre,nm,masculine,to stamp,je regarde un peu mes timbres,I’m just looking over my stamps,tɛ͂bʀ
4139,découper,v,,"to carve, cut,",je ne découpe pas les articles,I don’t cut out articles,dekupe
4140,distributeur,nadj,masculine,"distributor, machine",les distributeurs quittaient la salle en courant,the distributors ran out of the room,distʀibytœʀ
4141,élargissement,nm,masculine,"widening, letting-out, stretching, broadening",il n’y aura pas d’élargissement de la Communauté,there will be no expansion of the Community,elaʀʒismɑ͂
4142,dégrader,v,,"to degrade, debase, damage, erode",la situation se dégrade depuis 1984,the situation has been worsening since 1984,degʀade
4143,colonial,nadj,,colonial,la Suisse n’a pas de passé colonial,Switzerland has no colonial history,"kɔlɔnjal, jo"
4144,pourparler,nm,masculine,"talk, discussion, negotiation",on va bientôt participer à ces pourparlers,we’ll soon participate in these discussions,puʀpaʀle
4145,incidence,nf,feminine,"effect, incidence",les catastrophes ont des incidences économiques importantes,catastrophes cause important economic consequences,ɛ͂sidɑ͂s
4146,béton,nm,masculine,concrete,les murs étaient en béton,the walls were of cement,betɔ͂
4147,fiable,adj(f),,"reliable, trustworthy","elle est très fiable, croyez-moi","she’s very trustworthy, believe me",fjabl
4148,génocide,nm,masculine,genocide,il est également accusé de génocide,he is also accused of genocide,ʒenɔsid
4149,vingt-quatre,"det,nmi",,twenty four,Air France propose toujours vingt-quatre vols quotidiens,Air France still offers 24 daily flights,vɛ͂tkat(ʀ)
4150,épouvantable,adj(f),,"terrible, appalling, dreadful",c’est un épouvantable malentendu,it’s a horrible misunderstanding,epuvɑ͂tabl
4151,indifférent,nadj,,"indifferent, unconcerned, unimportant","apparemment, je lui suis complètement indifférente","apparently, I’m completely unimportant to him","ɛ͂difeʀɑ͂, ɑ͂t"
4152,audacieux,nadj(pl),,"daring, audacious, bold",il est temps de prendre des décisions audacieuses,it’s time to make bold decisions,"odasjø, -jøz"
4153,poudre,nf,feminine,powder,ta copine a besoin de sa poudre magique,your girlfriend needs her magic powder,pudʀ
4154,teneur,nf,feminine,content,il n’a révélé la teneur exacte de sa conversa- tion,he didn’t reveal the exact content of his conversation,tənœʀ
4155,inverser,v,,"to reverse, invert",l’infirmière s’est trompée. elle a tout inversé,the nurse was wrong. she got everything backwards,ɛ͂vɛʀse
4156,naval,adj,,naval,les chantiers navals fonctionnaient à plein rendement,the naval shipyards were operating at full capacity,naval
4157,dérive,nf,feminine,drift,j’imagine mal cependant des dérives extrémistes,I have a hard time imagining extremist tendencies,deʀiv
4158,mécontent,nadj,masculine,"discontented, dissatisfied, displeased",je regrette que vous soyez mécontent mais je ne puis rien y faire,I’m sorry you’re displeased but I can no longer do anything about it,"mekɔ͂tɑ͂, ɑ͂t"
4159,vocabulaire,nm,masculine,vocabulary,ce n’est pas dans mon vocabulaire,it’s not in my vocabulary,vɔkabylɛʀ
4160,stabiliser,v,,to stabilize,stabilisez vos déflecteurs arrière,tighten your rear deflectors,stabilize
4161,délégué,nadj,masculine,delegate,les délégués de 190 pays se sont retrouvés samedi,delegates from 190 countries met Saturday,delege
4162,centrer,v,,to center,je centrerai mon intervention sur quatre points précis,I will center my talk on four specific points,sɑ͂tʀe
4163,algérien,nadj,masculine,Algerian,je ne suis ni français ni algérien,I’m neither French nor Algerian,"alʒeʀjɛ͂, jɛn"
4164,sympathique,nadj(f),,"likeable, nice, pleasant",je vous trouve incroyablement sympathiques,I find you incredibly likable,sɛ͂patik
4165,alentour,adv,,"around, round about",il n’y avait personne aux alentours immédiats,there was nobody in the immediate vicinity,alɑ͂tuʀ
4166,corrompre,v,,"to corrupt, bribe",le régime actuel me semble absolument corrompu,the current regime seems absolutely corrupt to me,kɔʀɔ͂pʀ
4167,commerçant,nadj,masculine,"shopkeeper, merchant, commercial","c’était plein de petits commerçants, d’artisans","it was full of shopkeepers, artisans","kɔmɛʀsɑ͂, ɑ͂t"
4168,poitrine,nf,feminine,"chest, breast, breasts, bosom","ils avaient mal dans la poitrine, aux oreilles et à la tête","they had sore chests, ears, and heads",pwatʀin
4169,couronner,v,,"to crown, award",ces rencontres ont vraiment été couronnées de succès,these meetings were crowned with success,kuʀɔne
4170,relire,v,,"to reread, proofread","il relisait, corrigeait et reprenait le travail du jour","he reread, corrected, and reviewed the day’s work",ʀ(ə)liʀ
4171,perpétuer,v,,"to perpetuate, carry on",ces traditions se perpétuent au Moyen Âge,these traditions continue through in the Middle Ages,pɛʀpetɥe
4172,doctrine,nf,feminine,doctrine,il a enseigné des doctrines trompeuses et répugnantes,he taught deceitful and loathsome doctrine,dɔktʀin
4173,compétitif,adj,,competitive,l’industrie automobile européenne peut être compétitive,the European auto industry can be competitive,"kɔ͂petitif, -iv"
4174,majesté,nf,feminine,majesty,sa majesté le roi a été salué à son départ,his majesty the king was saluted on his departure,maʒɛste
4175,mouton,nadj,masculine,sheep,les moutons commençaient à se désin- téresser de moi,the sheep stopped showing interest in me,mutɔ͂
4176,indifférence,nf,feminine,indifference,je dois subir avec indifférence les conséquences,I must suffer the consequences unflinchingly,ɛ͂difeʀɑ͂s
4177,omettre,v,,"to leave out, miss out, omit",je n’y omettrai rien,I won’t leave anything out,ɔmɛtʀ
4178,typique,"nadj(f),nf",,typical,c’est typique. cela ne m’étonne pas,it’s typical. that doesn’t surprise me,tipik
4179,concurrentiel,adj,,competitive,divers éléments nous procurent cet avantage concurrentiel,many factors bring us this competitive advantage,kɔ͂kyʀɑ͂sjɛl
4180,désarmement,nm,masculine,"disarmament, disarming",j’ai besoin des codes de désarmement,I need the deactivation codes,dezaʀməmɑ͂
4181,quotidiennement,adv,,"daily, every day",les gangs font la manchette presque quotidiennement,gangs make the headlines almost every day,kɔtidjɛnmɑ͂
4182,architecture,nf,feminine,architecture,l’architecture doit beaucoup aux Arabes,architecture owes much to the Arabs,aʀʃitɛktyʀ
4183,éventualité,nf,feminine,"eventuality, possibility",je suis prêt à toute éventualité,I’m ready for any eventuality,evɑ͂tɥalite
4184,massacrer,v,,"to slaughter, massacre",ils massacraient des indigènes,they massacred some natives,masakʀe
4185,réciproque,nadj(f),,"mutual, reciprocal, the opposite",j’ai proposé des retraits réciproques dans tous les arrondissements,I proposed a mutual withdrawal in all of the neighborhoods,ʀesipʀɔk
4186,état-major,nm,masculine,"staff, staff headquarters",l’état-major entendait écraser la résistance tchétchène,headquarters intended to crush the Chechen resistance,etamaʒɔʀ
4187,attarder,v,,to linger,je m’attardais longtemps à ma fenêtre,I lingered a long while at my window,ataʀde
4188,englober,v,,"to include, encompass, incorporate",mon goût englobe les escargots et les huîtres,my tastes incorporate escargots and oysters,ɑ͂glɔbe
4189,grossir,v,,to get larger,son ventre grossissait,her stomach got larger,gʀosiʀ
4190,séparatiste,nadj(f),masc / fem,separatist,cette démarche pourrait désamorcer les visées séparatistes,this approach could defuse separatist aims,sepaʀatist
4191,surcroît,nm,masculine,"extra, additional",la motivation financière venait de surcroît,financial motivation appeared excessive,syʀkʀwɑ
4192,sortant,nadj,,outgoing,l’administration américaine sortante se révélant incapable de négocier,the outgoing American administration proved incapable of negotiation,"sɔʀtɑ͂, ɑ͂t"
4193,plomb,nm,masculine,lead,le plomb ordinaire serait trop lourd pour le véhicule,ordinary lead would be too heavy for the vehicle,plɔ͂
4194,gorge,nf,feminine,throat,elle porte la main à sa gorge,she brings her hand to her throat,gɔʀʒ
4195,nationaliste,nadj(f),masc / fem,nationalist,qu’est-ce qu’on veut comme nationalistes?,what do we nationalists want?,nasjɔnalist
4196,exportateur,nadj,masculine,"exportateur, exporting",tous les pays exportateurs profitent de la situation,all exporting countries are benefiting from the situation,"ɛkspɔʀtatœʀ, -tʀis"
4197,montre,nf,feminine,watch,c’est une vraie course contre la montre,is a real race against time,mɔ͂tʀ
4198,ratifier,v,,to ratify,le texte doit désormais être ratifié,the text must henceforth be ratified,ʀatifje
4199,exploit,nm,masculine,exploit,peu de grands exploits s’accomplissent seuls,few great exploits are accomplished by oneself,ɛksplwa
4200,encourageant,adj,,encouraging,la situation ne semble guère encourageante,the situation seems hardly encouraging,"ɑ͂kuʀaʒɑ͂, ɑ͂t"
4201,climatique,adj(f),,climatic,"les gens parlent du changement climatique, du réchauffement de la planète","people talk of climate change, of global warming",klimatik
4202,aviser,v,,"to notice, advise",tu aurais dû nous en aviser,you should have told us about it,avize
4203,épidémie,nf,feminine,epidemic,l’épidémie de SIDA en Afrique est au pire,the AIDS epidemic in Africa is the worst,epidemi
4204,alarme,nf,feminine,alarm,que se passe-t-il? l’alarme s’est déclenchée,what’s happening? the alarm just went off,alaʀm
4205,parier,v,,to bet,j’espère que tu n’as pas parié beaucoup,I hope you didn’t bet a lot,paʀje
4206,écologique,adj(f),,ecological,je crois en la conscience écologique des Français,I believe in the ecological conscience of the French,ekɔlɔʒik
4207,lunette,nf,feminine,"telescope, glasses",portez-vous des lunettes ou verres de contact?,do you wear glasses or contact lenses?,lynɛt
4208,entourage,nm,masculine,"circle, entourage",mon entourage m’encourage à profiter de la vie,my circle of friends encourages me to take advantage of life,ɑ͂tuʀaʒ
4209,sphère,nf,feminine,sphere,on quittait les sphères du sacré pour entrer dans la politique,we left more sacred spheres to go into politics,sfɛʀ
4210,confidentiel,adj,,confidential,"soyez attentif, ce message est confidentiel","be careful, this message is confidential",kɔ͂fidɑ͂sjɛl
4211,sanctionner,v,,"to sanction, punish, approve",la décision a été sanctionnée par le secrétaire général des Nations Unies,the decision was endorsed by the Secretary General of the United Nations,sɑ͂ksjɔne
4212,recrutement,nm,masculine,"recruiting, recruitment",j’ai déclaré un gel du recrutement,I declared a hiring freeze,ʀ(ə)kʀytmɑ͂
4213,détendre,v,,"to release, slacken, loosen, relax","entrez, détendez-vous. prenez un verre de champagne","come in, relax. have a glass of champagne",detɑ͂dʀ
4214,aisé,adj,,"easy, well off, well-to-do",beaucoup venaient de familles aisées,many came from well-to-do families,eze
4215,toilette,nf,feminine,"washing, toilet, lavatory, bathroom, restroom","excusez-moi, je cherchais les toilettes","excuse me, I was looking for the restrooms",twalɛt
4216,autobus,nm(pl),masculine,bus,je préférais l’autobus au métro,I preferred the bus to the subway,otobys
4217,défavoriser,v,,to put at a disadvantage,il avait à cœur le sort des défavorisés,he dwelled on the lot of the underprivileged,defavɔʀize
4218,résistant,nadj,masculine,"robust, sturdy, resistance fighter",les bactéries résistantes disparaissent en quelques jours,resistant bacteria will disappear in a few days,"ʀezistɑ͂, ɑ͂t"
4219,admiration,nf,feminine,admiration,j’ai de l’admiration pour cet homme,I have admiration for this man,admiʀasjɔ͂
4220,acide,nadj(f),masculine,acid,j’ai dissous le sang à l’acide,I dissolved the blood with acid,asid
4221,banal,adj,,"banal, trite, commonplace, ordinary",la situation est devenue presque banale,the situation has almost become commonplace,banal
4222,poulet,nm,masculine,chicken,il y a du poulet dans le frigo,there’s some chicken in the fridge,pulɛ
4223,pêcher,"nm,v",masculine,"to fish, go fishing; peach tree",on pêchera des tonnes de crevettes!,we’ll go fishing and catch tons of shrimps!,peʃe
4224,brigade,nf,feminine,"team, squad, brigade",une brigade de policiers a réussi à rattraper les chiens,the squad of policemen succeeded in catching the dogs,bʀigad
4225,trembler,v,,"to shiver, tremble, shake, flicker","il sourit toujours, ses joues tremblent","he always smiles, cheeks trembling",tʀɑ͂ble
4226,reçu,nm,masculine,"receipt, accepted",il ne voulait pas me faire un reçu,he didn’t want to give me a receipt,ʀ(ə)sy
4227,civiliser,v,,to civilze,ce sont des nations civilisées,these are civilizednations,sivilize
4228,relance,nf,feminine,"boost, reminder, recovery",la relance économique commence à se faire sentir,the economic recovery is starting to be felt,ʀ(ə)lɑ͂s
4229,dose,nf,feminine,"dose, amount",vous avez mal calculé la dose,you miscalculated the dose,doz
4230,loyer,nm,masculine,rent,je n’ai pas payé le loyer du mois prochain,I haven’t paid next month’s rent,lwaje
4231,distorsion,nf,feminine,distortion,la distorsion peut réduire la durée de cet intervalle,the distortion can reduce the duration of that interval,distɔʀsjɔ͂
4232,octroyer,v,,"to grant, bestow",on continue à octroyer des brevets pour des séquences,we continue to grant patents for sequences,ɔktʀwaje
4233,arrivant,nm,masculine,"arrival, comer",il y a un nouvel arrivant dans le jeu,there’s a newcomer in the game,"aʀivɑ͂, ɑ͂t"
4234,standard,"adji,nm",masculine,"standard, switchboard",vos cartes sont de type standard?,your cards are the standard type?,stɑ͂daʀ
4235,taxi,nm,masculine,taxi,je vais rentrer en taxi,I’m going to take a taxi home,taksi
4236,limitation,nf,feminine,"limitation, restriction, limit",il y a des limitations d’âge,there are age limitations,limitasjɔ͂
4237,irréversible,adj(f),,irreversible,beaucoup de processus sont probablement déjà irréversibles,many processes are probably already irreversible,iʀevɛʀsibl
4238,fatal,adj,,"fatal, deadly, fateful",une maladie du foie fatale,a fatal liver disease,fatal
4239,furieux,nadj(pl),,"furious, raging, violent",il est furieux contre moi,he’s furious with me,"fyʀjø, -jøz"
4240,verbal,adj,,verbal,on ne parle que de beauté verbale,we only speak of verbal beauty,"vɛʀbal, o"
4241,contacter,v,,"to contact, get in touch with",comment puis-je vous contacter?,how can I contact you?,kɔ͂takte
4242,commissariat,nm,masculine,police station,le commissariat local a été chargé de l’enquête,the local police station was given charge of the investigation,kɔmisaʀja
4243,gai,adj,,"cheerful, merry, gay","nous étions si beaux, si gais","we were so beautiful, so cheerful","ge, gɛ"
4244,confrontation,nf,feminine,confrontation,comprendre n’est possible qu’après la confrontation,understanding is only possible after confrontation,kɔ͂fʀɔ͂tasjɔ͂
4245,chier,v,,"to sh*t, piss off, get pissed off",elle pissait et chiait partout,she pissed and crapped everywhere,ʃje
4246,atlantique,nadj(f),masculine,Atlantic,j’habite dans le Canada atlantique,I live in Atlantic Canada,atlɑ͂tik
4247,rude,nadj(f),,"rough, harsh, hard, tough",l’hiver fut rude. il fut malade deux fois,the winter was severe. he was sick twice,ʀyd
4248,panneau,nm,masculine,"sign, notice, panel",ils ont fini d’installer les gigantesques panneaux solaires,they finished installing giant solar panels,pano
4249,appréciation,nf,feminine,"appreciation, assessment, appraisal",les courses à ski exigent une appréciation réfléchie du terrain,ski races require thoughtful assessment of the terrain,apʀesjasjɔ͂
4250,réflexe,nadj(f),masculine,reflex,j’ai gardé des réflexes comme me laver à l’eau froide,I kept old habits like washing in cold water,ʀeflɛks
4251,complément,nm,masculine,complement,c’était un complément qui lui permettait de vivre,it was supplementary information that allowed her to live,kɔ͂plemɑ͂
4252,initialement,adv,,initially,"initialement, cette opération devait être amicale","at first, this operation was supposed to be friendly",inisjalmɑ͂
4253,comédien,nadj,masculine,"comedian, comedy",j’ai pensé au métier de comédien,I thought about the comedian’s craft,"kɔmedjɛ͂, jɛn"
4254,successeur,nm,masculine,successor,mon successeur sera comme un lion furieux,my successor will be like a ferocious lion,syksesœʀ
4255,méfiance,nf,feminine,"distrust, mistrust, suspicion",il refusait les médicaments toujours par méfiance,he always refused the medica- tion because of distrust,mefjɑ͂s
4256,replier,v,,"to fold, roll up, fold up, withdraw",je repliai la lettre,I folded up the letter,ʀ(ə)plije
4257,vérificateur,nadj,masculine,"checker, inspector, auditor",le vérificateur général a lui-même porté ce jugement,the auditor general himself made this evaluation,veʀifikatœʀ
4258,dictateur,nm,masculine,dictator,comment négocier avec un dictateur pareil?,how can you negotiate with a dictator like that?,"diktatœʀ, -tʀis"
4259,prétention,nf,feminine,claim,toute prétention contraire n’est absolument pas fondée,all claims to the contrary are absolutely unfounded,pʀetɑ͂sjɔ͂
4260,rédacteur,nm,masculine,"editor, writer, drafter, compiler",j’ai d’abord été journaliste rédacteur pour la presse,first I was an editorial journalist for the press,"ʀedaktœʀ, -tʀis"
4261,avaler,v,,to swallow,il a avalé un peu trop d’eau,he swallowed a little too much water,avale
4262,extraction,nf,feminine,extraction,ce projet d’extraction minière constitue une agréable occasion de développement,this mineral extraction project constitutes a nice development opportunity,ɛkstʀaksjɔ͂
4263,banquier,nm,masculine,banker,tu feras confiance à un banquier des Bahamas?,you would trust a banker from the Bahamas?,"bɑ͂kje, -jɛʀ"
4264,titulaire,nadj(f),masc / fem,"holder, with tenure, occupant","oui, vous êtes le titulaire","yes, you’re the incumbent",titylɛʀ
4265,stabilisation,nf,feminine,stabilisation,la stabilisation du fonds est primordiale,stabilizing the funds is all-important,stabilizasjɔ͂
4266,mutuellement,adv,,"mutually, one another",ils se sont traités mutuellement de criminels de guerre,they treated each other like wartime criminals,mytɥɛlmɑ͂
4267,légion,nf,feminine,legion,la légion remplit vaillamment sa mission,the legion valiantly fulfilled its mission,leʒjɔ͂
4268,lacune,nf,feminine,"gap, deficiency",il y a une lacune énorme dans la formation,there’s a huge gap in training,lakyn
4269,engin,nm,masculine,"machine, tool, vehicle, device",l’engin était dissimulé dans une poubelle et a explosé,the device was concealed in a trash can and exploded,ɑ͂ʒɛ͂
4270,mépriser,v,,"to scorn, look down, spurn, disdain",il méprise l’art et les musées,he disdains art and museums,mepʀize
4271,minoritaire,nadj(f),,minority,ces gens appartiennent à un groupe minoritaire,these people belong to a minority group,minɔʀitɛʀ
4272,idéologique,adj(f),,ideological,il faut cesser ce discours idéologique,this ideological discussion must cease,ideɔlɔʒik
4273,cloche,nf,feminine,bell,on ententit sonner la cloche de l’église,we heard the church bells chiming,klɔʃ
4274,compatriote,"nm,nf",masc / fem,compatriot,"comme beaucoup de mes compatriotes, j’ai eu l’occasion de voyager","like many of my compatriots, I had the chance to travel",kɔ͂patʀijɔt
4275,affection,nf,feminine,"affection, ailment",l’affection grandit par l’épreuve,affection grows through difficulties,afɛksjɔ͂
4276,sel,nm,masculine,salt,il devait faire un régime sans sel,he had to go on a no-salt diet,sɛl
4277,majoritaire,adj(f),,majority,la France utilise le système majoritaire dans ses élections nationales,France uses the majority system in national elections,maʒɔʀitɛʀ
4278,redressement,nm,masculine,"straightening up, upturn, righting",le redressement d’Air France est un impératif,straightening out Air France is an urgent necessity,ʀ(ə)dʀɛsmɑ͂
4279,paradoxe,nm,masculine,paradox,nous sommes toujours en présence du paradoxe de la transgression divine,we’re all a part of the paradox of divine transgression,paʀadɔks
4280,chiffrer,v,,"to put a figure to, assess, quantify, number",tout ça est chiffré à chaque fois par les ministères,all of this is quantified each time by the ministers,ʃifʀe
4281,catastrophique,adj(f),,"catastrophic, disastrous",on a hérité d’une situation catastrophique,we inherited a catastrophic situation,katastʀɔfik
4282,magistrat,nm,masculine,"magistrate, judge",son père était un magistrat de la cour d’assises,his father was a judge in the assize court,"maʒistʀa, at"
4283,extrait,nm,masculine,"extract, excerpt",ce qui suit est un extrait du rapport,what follows is an excerpt from the report,ɛkstʀɛ
4284,amant,nm,masculine,lover,elle était folle de son amant,she was crazy about her lover,"amɑ͂, ɑ͂t"
4285,farce,nf,feminine,"joke, prank, hoax, farce",c’est une vraie farce et c’est honteux,it’s a real hoax and it’s shameful,faʀs
4286,compétitivité,nf,feminine,competitiveness,nous avons décidé d’accroître la compétitivité et l’efficacité de nos industries,we decided to increase the competitiveness and the efficiency of our industries,kɔ͂petitivite
4287,enthousiaste,adj(f),,enthusiastic,ils m’ont accordé un appui enthousiaste,they gave me enthusiastic support,ɑ͂tuzjast
4288,quarantaine,nf,feminine,about forty,une quarantaine de filles nous attendaient à la sortie,some forty girls were waiting for us at the exit,kaʀɑ͂tɛn
4289,sous-sol,nm,masculine,"basement, lower ground floor, subsoil, underground",il utilisait les parkings en sous-sol,he used underground parking lots,susɔl
4290,rat,"adj(f),nm",masculine,rat,il y a un rat dans la cuisine,there’s a rat in the kitchen,ʀa
4291,flot,nm,masculine,"floodtide, stream of, flood of",un flot ininterrompu de mots et de larmes,an uninterrupted flow of words and tears,flo
4292,mordre,v,,"to bite, overlap into",on allait le tuer pour avoir mordu un garde,it was going to be killed for having bitten a guard,mɔʀdʀ
4293,partiellement,adv,,partly,le ciel était partiellement dégagé,the skies were partly cloudy,paʀsjɛlmɑ͂
4294,radioactif,adj,,radioactive,les particules radioactives tombent avec les gouttes de pluie,radioactive particles fall with raindrops,"ʀadjoaktif, -iv"
4295,passe,"nm,nf",feminine,"pass, channel",puis-je utiliser mon passe?,can I use my pass?,pɑs
4296,indépendamment,adv,,"independently, irrespective of, regardless of",chaque paquet est traité indépendamment,each package is processed individually,ɛ͂depɑ͂damɑ͂
4297,location,nf,feminine,renting,c’est un meublé mis en location pour quelques mois,it’s a furnished apartment being rented out for a few months,lɔkasjɔ͂
4298,naïf,nadj,,"naïve, innocent",elle reste extrêmement naïve sur le sujet,she remains extremely naïve on the topic,"naif, naiv"
4299,retraité,nadj,masculine,retired,les retraités ne peuvent dépenser l’argent,retired people can’t spend money,ʀ(ə)tʀete
4300,innocence,nf,feminine,innocence,vous êtes d’une innocence extrême,you’re extremely innocent,inɔsɑ͂s
4301,bijou,nm,masculine,jewel,j’aime bien les bijoux anciens,I like old jewelry,biʒu
4302,messe,nf,feminine,mass,"les dimanches, j’allais à la messe",on Sundays I used to go to mass,mɛs
4303,coïncidence,nf,feminine,coincidence,est-ce là une coïncidence?,is that a coincidence?,kɔɛ͂sidɑ͂s
4304,torture,nf,feminine,torture,"j’ai raconté les tortures, les coups, les viols","I told them about the torture, the blows, the rapes",tɔʀtyʀ
4305,protecteur,nadj,masculine,"protective, protector, guardian","sa mère était sa protectrice morale, physique et même matérielle","his mother was his moral, physical, and even material protector","pʀɔtɛktœʀ, -tʀis"
4306,rayonnement,nm,masculine,radiance,le danger des rayonnements pour l’ homme est réel,radiation danger for humans is real,ʀɛjɔnmɑ͂
4307,récolte,nf,feminine,"harvest, crop",les récoltes de certains agriculteurs sont gelées,some farmers’ crops are frozen,ʀekɔlt
4308,valise,nf,feminine,suitcase,dépêche-toi de faire les valises,hurry up and pack your suitcases,valiz
4309,danseur,nm,masculine,dancer,"quand elle était jeune, elle était danseuse","when she was young, she was a dancer",dɑ͂sœʀ
4310,expertise,nf,feminine,expertise,il y a également beaucoup d’expertise,there is also much expertise,ɛkspɛʀtiz
4311,minier,adj,,mining,les dépenses de prospection minière ont augmenté,costs for mining exploration have risen,"minje, -jɛʀ"
4312,vitrine,nf,feminine,"window, display cabinet",la marchandise est en vitrine,the goods are in the display window,vitʀin
4313,ébranler,v,,"to shake, rattle",le train s’ébranla de nouveau,the train shook once more,ebʀɑ͂le
4314,crâne,"adj(f),nm",masculine,skull,son crâne est à moitié couvert par ce bonnet noir,his skull is half covered by this black bonnet,kʀɑn
4315,anéantir,v,,"to annihilate, wipe out, ruin, vanish",vous êtes venus ici pour m’anéantir,you came here to annihilate me,aneɑ͂tiʀ
4316,vocal,adj,,vocal,empreinte vocale inconnue,unknown voiceprint,"vɔkal, o"
4317,unilatéral,adj,,unilateral,c’est un plan de désengagement unilatéral,it’s a plan for unilateral withdrawal,"ynilateʀal, o"
4318,combustible,nadj(f),masculine,"fuel, combustible",les importations de carburants et de combustibles liquides ont reculé,imports of gas and liquid fuels retreated,kɔ͂bystibl
4319,économiser,v,,"to save, save on, conserve",cela permettrait d’économiser beaucoup d’argent,that would help save lots of money,ekɔnɔmize
4320,tisser,v,,to weave,elle tisse des sacs en soie,she weaves silk pouches,tise
4321,poule,nf,feminine,"hen, chick","je ne suis pas ta poule, ok!","I’m not your chick, OK!",pul
4322,punition,nf,feminine,punishment,la mort ne doit pas être une punition,death should not be a punishment,pynisjɔ͂
4323,hésitation,nf,feminine,hesitation,je n’ai aucune hésitation à lui parler,I don’t have any qualms about talking to him,ezitasjɔ͂
4324,rentable,adj(f),,profitable,cette activité a été rapidement rentable,this activity quickly became profitable,ʀɑ͂tabl
4325,loyal,adj,,"loyal, faithful",tu as toujours été un ami loyal,you were always a loyal friend,"lwajal, jo"
4326,renfort,nm,masculine,"help, back-up, support",encore quelques minutes. les renforts arrivent,a few more minutes. the reinforcements are arriving,ʀɑ͂fɔʀ
4327,cohérence,nf,feminine,"coherence, consistency",il faut assurer une cohérence entre les objectifs et les actions,there must be consistency between the goals and the actions,koeʀɑ͂s
4328,souris,nf(pl),feminine,mouse,le chat mange la souris,the cat eats the mouse,suʀi
4329,bombarder,v,,to bomb,l’aviation gouvernementale bombarde deux villes contrôlées par les rebelles,the government air forces are bombing two cities controlled by the rebels,bɔ͂baʀde
4330,éveiller,v,,"to arouse, stimulate, awaken","la nuit, je restais éveillée dans mon lit",during the night I remained awake in my bed,eveje
4331,semestre,nm,masculine,"semester, six-month period",ils faisaient un semestre d’intégration,they did six months on-the-job training,s(ə)mɛstʀ
4332,croyant,nadj,masculine,believer,que le croyant vive sa foi,may the believer live his faith,"kʀwajɑ͂, jɑ͂t"
4333,réalisateur,nadj,masculine,director,"quand le réalisateur dit «écoutez», vous écoutez","when the director says “listen”, you listen","ʀealizatœʀ, -tʀis"
4334,brutalement,adv,,brutally,elle referma brutalement la porte,she slammed the door shut,bʀytalmɑ͂
4335,lourdement,adv,,heavily,il m’examina lourdement de la tête aux pieds,he gave me a thorough inspection from head to foot,luʀdəmɑ͂
4336,tente,nf,feminine,tent,Fabrice et moi partagions la même tente,Fabrice and I were sharing the same tent,tɑ͂t
4337,goutte,nf,feminine,drop,tu transpirais à grosses gouttes,you were sweating great drops,gut
4338,poussée,nf,feminine,"push, rise, upsurge",une petite poussée dans n’importe quelle direction suffira,a little push in any direction will be enough,puse
4339,moine,nm,masculine,"monk, friar","il vit modestement, comme un moine","he lives modestly, like a monk",mwan
4340,modéré,nadj,,"moderate, restrained, reasonable",j’espère que vous êtes modéré dans vos habitudes,I hope you are steady in your habits,mɔdeʀe
4341,négligeable,adj(f),,"negligible, trivial",ça donne une force de frappe non néglige- able,it gives a strike force to be reckoned with,negliʒabl
4342,vice,nm,masculine,"fault, defect, vice","ce vice mineur me reste, la familiarité",I still have one minor vice: being too familiar,vis
4343,symboliser,v,,to symbolize,le papillon symbolisait l’âme,the butterfly was symbolic of the soul,sɛ͂bɔlize
4344,substituer,v,,to substitute,les insultes ne sauraient se substituer,the insults can’t be smoothed over,sypstitɥe
4345,subtil,adj,,"subtle, nice",il faut les coincer de façon subtile,wedge them together carefully,syptil
4346,commandant,nadj,masculine,commander,il s’est autoproclamé commandant en chef de l’organisation,he named himself chief of the organization,"kɔmɑ͂dɑ͂, ɑ͂t"
4347,chuter,v,,to fall,la tempête m’a fait chuter,the storm made me fall,ʃyte
4348,fidélité,nf,feminine,"loyalty, faithfulness, accuracy, reliability",je tiens absolument à la fidélité,I absolutely value loyalty,fidelite
4349,basculer,v,,"to topple, fall over, knock off",je crus que la terre avait basculé sous mes pieds,I thought the earth moved under my feet,baskyle
4350,gestionnaire,"adj(f),nm,nf",masc / fem,"administrator, administrative",je serai le gestionnaire assigné au dossier,I will be the administrator assigned to the case,ʒɛstjɔnɛʀ
4351,redoutable,adj(f),,"fearsome, formidable",tu as été notre plus redoutable ennemi,you were our most formidable enemy,ʀ(ə)dutabl
4352,immigrant,nadj,masculine,immigrant,nous avons aidé de nouveaux immigrants à s’établir,we helped new immigrants to get settled,"imigʀɑ͂, ɑ͂t"
4353,polémique,nadj(f),feminine,"controversial, controversy","c’est vrai que j’aime la polémique, le débat d’idées","it’s true that I like controversy, debating ideas",pɔlemik
4354,alourdir,v,,"to weigh down, make heavy",je sens mes doigts s’alourdir,I feel my fingers getting heavier,aluʀdiʀ
4355,avancée,nf,feminine,"advanced, overhung",reculez. vous empêchez notre avancée,step back. you’re blocking our way,avɑ͂se
4356,sévir,v,,"to act ruthlessly, be rife",la violence qui sévit dans ce pays nous inquiète aussi beaucoup,the violence that is tearing this country apart also troubles us greatly,seviʀ
4357,jumeau,nadj,masculine,twin,les jumeaux ont besoin l’un de l’autre,the twins need each other,"ʒymo, ɛl"
4358,piéger,v,,"to trap, booby-trap",il a été hyper facile à piéger,it was super-easy to trap him,pjeʒe
4359,confiant,adj,,"trusting, confident",vous êtes malgré tout confiant?,you’re confident in spite of it all?,"kɔ͂fjɑ͂, jɑ͂t"
4360,pendre,v,,to hang down,ses immenses cheveux blonds pendaient jusqu’ à terre,her extremely thick blond hair hung right down to the ground,pɑ͂dʀ
4361,intact,adj,,intact,elle le retrouvait intact dans cet hiver nocturne,she found it intact in this dark winter,ɛ͂takt
4362,rapidité,nf,feminine,"speed, quickness",je ne travaille pas avec la rapidité d’autrefois,I don’t work as quickly as I used to,ʀapidite
4363,localité,nf,feminine,"town, village",ce sont toutes des petites localités,they are all small localities,lɔkalite
4364,récupération,nf,feminine,"recovery, retrieval, salvage",vous aurez besoin d’une récupération lente et salutaire,you will need a slow and wholesome recovery,ʀekypeʀasjɔ͂
4365,vigoureux,adj(pl),,vigorous,ces territoires suscitent une vigoureuse contrebande,these territories support a vibrant black market,"viguʀø, -øz"
4366,rentabilité,nf,feminine,profitability,la rentabilité n’a cessé de décroître,profitability didn’t stop decreasing,ʀɑ͂tabilite
4367,delà,adv,masculine,"beyond, above, over",mais je n’irai pas au delà,but I won’t go any farther than that,paʀdəla
4368,incliner,v,,"to tilt, tend towards",incline-toi devant moi,bow before me,ɛ͂kline
4369,affreux,nadj(pl),,"dreadful, awful, horrible",j’ai fait un cauchemar affreux,I had a horrible nightmare,"afʀø, -øz"
4370,révolter,v,,"to revolt, rebel, outrage","ils se révolteront avec colère, une colère implacable","they will rebel with anger, an implacable anger",ʀevɔlte
4371,conte,nm,masculine,tale,"je vis un rêve, un conte de fées, un miracle","I lived a dream, a fairy tale, a miracle",kɔ͂t
4372,évasion,nf,feminine,"escape, evasion",il lui parla longuement de l’évasion,he spoke to her at length about the escape,evazjɔ͂
4373,repère,nm,masculine,"reference, benchmark, landmark","les chrétiens ont besoin de repères, sinon ils sont perdus","Christians need reference points, otherwise they’re lost",ʀ(ə)pɛʀ
4374,philosophique,adj(f),,philosophical,son travail philosophique porte sur la responsabilité,his philosophical work focuses on responsability,filɔzɔfik
4375,arrivé,adj,masc / fem,arrived,des tas de choses étaient arrivées,many things happened,aʀive
4376,ironie,nf,feminine,irony,son ironie me fit souffrir mille morts,the irony of it killed me a thousand times over,iʀɔni
4377,serveur,nm,masculine,"waiter, server",je ne suis pas une serveuse de bar,I’m not a barmaid,sɛʀvœʀ
4378,bannir,v,,"to banish, ban",la religion est bannie de chez nous,religion is banished from our house,baniʀ
4379,insuffisance,nf,feminine,"inadequacy, insufficiency",nous voulons corriger les insuffisances actuelles,we want to correct current inadequacies,ɛ͂syfizɑ͂s
4380,librairie,nf,feminine,"bookstore, bookshop","les prix, dans cette librairie, sont très compétitifs",the prices in this bookstore are very competitive,libʀeʀi
4381,parenthèse,nf,feminine,"parenthesis, bracket, aside",je dirais en parenthèses que l’histoire présente est opaque,I would add parenthetically that this story is opaque,paʀɑ͂tɛz
4382,miser,v,,"to bet, stake",si vous allez miser pour moi...alors on sera quittes,if you’re going to bet for me...then we’ll be even,mize
4383,stupéfiant,nadj,masculine,"drug, narcotic; stunning, astounding",on servit un repas stupéfiant,we served a stunning meal,stypefjɑ͂
4384,boursier,nadj,masculine,"grant-holder, scholarship holder; stock","en un an, sa valeur boursière a été divisée par 350","in one year, its stock value sunk to 1/350 of its value","buʀsje, -jɛʀ"
4385,levée,nf,feminine,"raising, levying, levee",la Commission européenne a voté la levée de cet embargo,the European Commission voted to lift this embargo,l(ə)ve
4386,déformer,v,,"to bend, distort, deform",ils ont déformé les faits,they have distorted the facts,defɔʀme
4387,menaçant,adj,,"threatening, menacing",elle le chasse en le menaçant avec un couteau,she chased him brandishing a knife,"mənasɑ͂, ɑ͂t"
4388,nord-est,nmi,masculine,north-east,le nord-est des Etats-Unis frappé par les pluies verglaçantes,northeastern U.S. hit by freezing rains,nɔʀɛst
4389,substitution,nf,feminine,"substitution, mix-up",il y a la substitution du dialogue homme/machine au dialogue homme/femme,there is a substitution of man/machine dialog for man/woman dialogue,sypstitysjɔ͂
4390,parer,v,,"to adorn, put on; to ward off, parry",parez les équipements de sauvetage,put on the lifesaving equipment,paʀe
4391,avantageux,nadj(pl),,"profitable, worthwhile, advantageous, attractive",les prix étaient plus avantageux,the prices were more attractive,"avɑ͂taʒø, -ʒøz"
4392,handicaper,v,,to handicap,la croissance mondiale risque d’handicaper leurs exportations,worldwide growth threatens to handicap their exports,ˊɑ͂dikape
4393,filmer,v,,"to film, shoot",c’était filmé pour la télé,it was filmed for TV,filme
4394,délinquant,nadj,masculine,"delinquent, offender",nous avons réclamé un registre des délinquants sexuels,we have called for a sexual offenders registry,"delɛ͂kɑ͂, ɑ͂t"
4395,perdant,nadj,masculine,"losing, loser",je suis le plus grand perdant,I’m the greatest loser,"pɛʀdɑ͂, ɑ͂t"
4396,altitude,nf,feminine,"altitude, height",il a plu à basse altitude,it was raining at lower altitudes,altityd
4397,imputer,v,,"to impute to, attribute to",il est facile d’imputer aux autres sa propre mauvaise volonté,it’s easy to blame others for one’s own ill will,ɛ͂pyte
4398,plaisanter,v,,to joke,"du calme, je plaisante","take it easy, I’m joking",plɛzɑ͂te
4399,poétique,nadj(f),,"poetic, poetical, poetics",le français est un langage poétique,French is a poetic language,pɔetik
4400,desservir,v,,"to clear, go against, harm, serve",nous ne desservons pas adéquatement les auditeurs,we don’t adequately serve our listening audience,desɛʀviʀ
4401,mensuel,nadj,masculine,monthly,il touchait un salaire mensuel de 70.000 francs,"he earned a monthly salary of 70,000 francs",mɑ͂sɥɛl
4402,connerie,nf,feminine,"crap, bullsh*t, stupidity","oui, mec. arrête tes conneries","yeah, man. stop your bullsh*t",kɔnʀi
4403,sanglant,adj,,"bloody, cruel, covered in blood",il avait un trou sanglant,he had a bloody hole,"sɑ͂glɑ͂, ɑ͂t"
4404,coude,nm,masculine,elbow,j’ai mal au coude,I have a sore elbow,kud
4405,ôter,v,,"to remove, take away, take off, take out",j’ôtai donc ma veste et mes chaussures,so I removed my jacket and my shoes,ote
4406,report,nm,masculine,"postponement, deferment",nous sommes contre le report des élections,we’re against postponing the elections,ʀəpɔʀ
4407,créature,nf,feminine,creature,tu es la plus belle créature que j’aie jamais vue,you are the most beautiful creature I have ever seen,kʀeatyʀ
4408,aucunement,adv,,"in no way, not in the least, not at all",je ne me sens aucunement coupable,I don’t feel at all guilty,okynmɑ͂
4409,globalement,adv,,globally,"globalement, la réponse humanitaire a été positive",the worldwide humanitarian response was positive,glɔbalmɑ͂
4410,convenable,adj(f),,"suitable, appropriate, correct, proper, acceptable",ils ont droit à une retraite convenable,they have the right to a reasonable retirement,kɔ͂vnabl
4411,itinéraire,nadj(f),masculine,"itinerary, route",leur itinéraire n’est pas encore fixé,their itinerary is not yet set,itineʀɛʀ
4412,purger,v,,"to purge, bleed, drain",ça va purger son système en une nuit,this will purge his system in one night,pyʀʒe
4413,fâcher,v,,"to anger, make angry, get angry",il est sûrement fâché contre moi,he’s surely upset with me,fɑʃe
4414,repasser,v,,"to cross again, retake, show again, iron",si je te dérange je peux repasser,if I’m disturbing you I can come back another time,ʀ(ə)pɑse
4415,alternatif,adj,,"alternate, alternating",le rock alternatif francophone est en train de mourir,French alternative rock is dying out,"altɛʀnatif, -iv"
4416,palier,nm,masculine,"landing, level, flat",j’allai sur le palier et frappai à sa porte,I went onto the porch and knocked at her door,palje
4417,prochainement,adv,,"shortly, soon",prévoyez-vous d’autres séries de concert prochainement?,are you planning other concert series soon?,pʀɔʃɛnmɑ͂
4418,réglementaire,adj(f),,"regulation, control, statutory",il démantèle la structure réglementaire de la loi actuellement en vigueur,it dismantles the regulatory structure of the current law,ʀɛgləmɑ͂tɛʀ
4419,costume,nm,masculine,"suit, costume, dress","voici un très beau costume, en pure laine","here’s a very beautiful suit, made of pure wool",kɔstym
4420,thérapie,nf,feminine,therapy,mon jardin c’est une thérapie,my garden is a therapy,teʀapi
4421,reproche,nm,masculine,reproach,ce sont surtout là les reproches des communistes,that is mostly communist innuendo,ʀ(ə)pʀɔʃ
4422,curé,nm,masculine,parish priest,je me confesserai au curé,I will confess to my parish priest,kyʀe
4423,contrôleur,nm,masculine,"inspector, controller",les contrôleurs en grève ont obtenu jeudi soir satisfaction,the striking controllers reached agreement Thursday night,"kɔ͂tʀolœʀ, -øz"
4424,soulagement,nm,masculine,relief,j’ai besoin du soulagement,I need relief,sulaʒmɑ͂
4425,dissoudre,v,,"to dissolve, disband, break up",je fis dissoudre dans le lait une poudre somnifère,I dissolved some sleeping powder in the milk,disudʀ
4426,avalanche,nf,feminine,avalanche,le danger d’avalanches est encore faible,avalanche danger is still low,avalɑ͂ʃ
4427,mark,nm,masculine,mark,sa monnaie de référence est le mark allemand,its reference currency is the German mark,maʀk
4428,brèche,nf,feminine,"breach, gap","c’était une brèche, dans la clôture, une large brèche",it was a gap in the fence—a large gap,bʀɛʃ
4429,incitation,nf,feminine,"incitement, incentive",il y a eu de l’incitation au piratage,there was an incentive to engage in piracy,ɛ͂sitasjɔ͂
4430,entraîneur,nm,masculine,"coach, trainer",maintenant je travaille avec quelques entraîneurs,now I work with some trainers,ɑ͂tʀɛnœʀ
4431,éditorial,nadj,masculine,editorial,pourriez-vous nous parler de vos choix éditoriaux?,could you talk about your editorial choices?,"editɔʀjal, jo"
4432,conjugal,adj,,"conjugal, married",ils vivent dans une relation conjugale,they live in a conjugal relationship,"kɔ͂ʒygal, o"
4433,pâle,adj(f),,pale,"monsieur, vous êtes pâle, vous avez l’air fatigué","sir, your’re pale, you look tired",pɑl
4434,relâcher,v,,"to loosen, release, let go",le plus âgé a depuis été relâché,the oldest one has since been let go,ʀ(ə)lɑʃe
4435,visa,nm,masculine,"visa, stamp",il s’est avéré que le visa était faux,it turned out that the visa was false,viza
4436,vingt-cinq,"det,nmi",,twenty five,"ils nous envoyaient quinze, vingt, vingt-cinq films de plus","they sent us fifteen, twenty, twenty-five more films",vɛ̃sɛ̃k
4437,péché,nm,masculine,sin,pardonnez-moi mon père car j’ai péché,"forgive me Father, for I have sinned",peʃe
4438,gendarme,"nm,nf",masculine,policeman,les gendarmes poursuivent leurs investiga- tions,the policemen are pursuing their investigations,ʒɑ͂daʀm
4439,sécheresse,nf,feminine,"dryness, drought","après dix années de sécheresse, il pleut au Sahel","after ten years, of drought, it’s raining in the Sahel",sɛʃʀɛs
4440,score,nm,masculine,score,c’est vrai que les bons scores me font plaisir,it’s true that I enjoy good scores,skɔʀ
4441,goûter,"nm,v",masculine,"to taste, snack",je goûtai à la confiture,I tasted the jam,gute
4442,renier,v,,"to disown, repudiate, go back on","tu renies ton passé, notre amour, TA fille","you’re disowning your past, our love, YOUR daughter",ʀənje
4443,juridiction,nf,feminine,"jurisdiction, court of law",la haute juridiction a mis sa décision en délibéré,the upper jurisdiction put its decision to debate,ʒyʀidiksjɔ͂
4444,prostitution,nf,feminine,prostitution,on légalise la prostitution,we’re legalizing prostitution,pʀɔstitysjɔ͂
4445,fiche,nf,feminine,"card, sheet, slip, form",mais je dois remplir cette fiche,but I have to fill out this form,fiʃ
4446,déséquilibre,nm,masculine,imbalance,mon budget personnel est en déséquilibre,my personal budget is out of balance,dezekilibʀ
4447,probabilité,nf,feminine,"probability, likelihood",t’es-tu intéressé à la théorie des probabilités?,are you interested in probability theory?,pʀɔbabilite
4448,entraver,v,,"to hinder, hamper, get in the way of",son pantalon entravait la liberté de ses mouvements,his trousers hampered his freedom of movement,ɑ͂tʀave
4449,sous-estimer,v,,to underestimate,ne sous-estimez pas votre charme,don’t underestimate your charm,suzɛstime
4450,embargo,nm,masculine,embargo,l’OTAN se préparent à décréter un embargo pétrolier,NATO is preparing to announce an oil embargo,ɑ͂baʀgo
4451,interdit,nadj,masculine,"prohibited, banned",l’entrée était strictement interdite,entry was strictly forbidden,ɛ͂tɛʀdi
4452,brouillard,nm,masculine,"fog, mist, haze",peu à peu le brouillard se fait moins épais,the fog gradually lifted,bʀujaʀ
4453,syrien,nadj,masculine,Syrian,le président syrien avait confirmé cet entretien,the Syrian president confirmed this interview,ˈzyːriən
4454,jet,nm,masculine,"jet, throw, spray, nozzle",il traversait cet etat dans un jet privé,he crossed this state in a private jet,ʒɛ
4455,trêve,nf,feminine,truce,nous rejetons toute idée de trêve ou de négociation politique,we reject any idea of a truce or political negotiation,tʀɛv
4456,occupant,nadj,masculine,"occupant, occupier, occupying",le parlement négocie avec les occupants,the parliament is negotiating with the occupants,"ɔkypɑ͂, ɑ͂t"
4457,ponctuel,adj,,punctual,c’est à vous dégoûter d’être toujours ponctuel,I’m always on time in order to annoy you,pɔ͂ktɥɛl
4458,défini,nadj,,definite,vous n’avez aucun rôle défini dans ce partenariat,you have no definite role in this partnership,defini
4459,détachement,nm,masculine,detachment,elle parle de tout avec un détachement singulier,she talks about everything with remarkable indifference,detaʃmɑ͂
4460,manuscrit,adj,masculine,"manuscript, handwritten",je jetterai au feu tous mes manuscrits,I will toss all my manuscripts into the fire,manyskʀi
4461,panier,nm,masculine,basket,par terre s’empilaient encore des paniers et des caisses,still more baskets and boxes were piling up on the ground,panje
4462,bouton,nm,masculine,"button, knob, spot",elle pressa le bouton qui commande l’ouverture de la porte,she pushed the button that opened the door,butɔ͂
4463,immobile,adj(f),,"still, motionless","je restais là, immobile","I stayed there, motionless",i(m)mɔbil
4464,fermeté,nf,feminine,"firmness, solidness, steadiness","la patience, la tolérance et la fermeté sont nécessaires","patience, tolerance, and firmness are necessary",fɛʀməte
4465,véhiculer,v,,"to transport, convey",je peux véhiculer ça sans aucun problème,"I can deliver this by vehicle, no problem",veikyle
4466,répliquer,v,,to reply,l’orateur répliqua que c’était presque fait,the speaker responded that it was almost done,ʀeplike
4467,passionnant,adj,,"fascinating, exciting",j’aimais tant étudier que je trouvais passionnant d’enseigner,I loved studying so much that I found teaching exciting,"pasjɔnɑ͂, ɑ͂t"
4468,théologie,nf,feminine,theology,"en théologie, on m’enseignait des choses intelligentes",in theology I was taught intelligent things,teɔlɔʒi
4469,advenir,v,,"to happen that, happen to",on ignore ce qu’il est advenu de lui,we have no idea what has become of him,advəniʀ
4470,immigrer,v,,to immigrate,mes grands-parents ont immigré au Canada,my grandparents immigrated to Canada,imigʀe
4471,tache,nf,feminine,"stain, spot, mark","c’est une tache d’humidité, dis-je","it’s a humidity stain, I said",taʃ
4472,tendresse,nf,feminine,"tenderness, fondness",la femme a plus de tendresse que l’homme,women have more tenderness than men,tɑ͂dʀɛs
4473,privilégié,nadj,masculine,privileged,j’ai eu une vie protégée et privilégiée,I had a protected and privileged life,pʀivileʒje
4474,slogan,nm,masculine,slogan,"quand je l’écoute, un slogan me vient en tête","while listening to her, I thought of a motto",slɔgɑ͂
4475,fromage,nm,masculine,cheese,je n’ai jamais vraiment aimé les fromages,I have never really liked cheese,fʀɔmaʒ
4476,toxique,nadj(f),,"toxic, toxin",attention aux produits de jardinage toxiques,be careful of toxic gardening products,tɔksik
4477,incapacité,nf,feminine,"incompetence, incapability",tout démontre notre incapacité à prendre des décisions collectives,everything demonstrates our inability to make collective decisions,ɛ͂kapasite
4478,pharmaceutique,nadj(f),,pharmaceutical,"les compagnies pharmaceutiques sont très, très, très riches","pharmaceutical companies are very, very, very rich",faʀmasøtik
4479,parfum,nm,masculine,"perfume, scent, fragrance",divers sont les parfums des fleurs,flowers’ scents vary widely,paʀfœ͂
4480,antique,nadj(f),,"antique, ancient",le château me semblait immense et antique,the castle seemed immense and ancient to me,ɑ͂tik
4481,controversé,adj,,"much debated, controversial","des problèmes difficiles et controversés, mais tout aussi urgents",difficult and controversial problems that are nonetheless urgent,kɔ͂tʀɔvɛʀse
4482,instinct,nm,masculine,instinct,tu as tous les mauvais instincts,you have all the wrong instincts,ɛ͂stɛ͂
4483,barreau,nm,masculine,bar,je me suis trouvé derrière les barreaux,I found myself behind bars,baʀo
4484,insupportable,adj(f),,intolerable,l’horreur de cette agonie était insupportable,the horror of this agony was unbearable,ɛ͂sypɔʀtabl
4485,opportun,adj,,"timely,",je n’ai pas trouvé le moment opportun,I didn’t find the right moment,"ɔpɔʀtœ͂, yn"
4486,parquet,nm,masculine,"parquet floor, hardwood floor, prosecutor’s office",une autopsie a été ordonnée par le parquet,the prosecutor ordered an autopsy,paʀkɛ
4487,navigation,nf,feminine,navigation,la navigation sur le Danube est bloquée depuis 18 mois,navigation on the Danube has been blocked for 18 months,navigasjɔ͂
4488,contrarier,v,,"to annoy, bother, thwart",je les soupçonnais de vouloir me contrarier,I suspected them of wanting to hassle me,kɔ͂tʀaʀje
4489,nouer,v,,"to knot, tie","l’estomac noué, j’oubliais la compétition","my stomach in knots, I forgot the competition",nwe
4490,frustration,nf,feminine,frustration,cela ne va pas sans frustration chez moi,it’s not without frustration on my part,fʀystʀasjɔ͂
4491,cinquantaine,nf,feminine,about fifty,certains d’entre eux emploient une cinquantaine de salariés,some of them have about fifty employees,sɛ͂kɑ͂tɛn
4492,improviser,v,,to improvise,je suis doué pour improviser,I’m gifted at improvisation,ɛ͂pʀɔvize
4493,désespéré,nadj,masculine,"desperate, hopeless",j’envoyai un regard désespéré à mon père,I looked desperately at my father,dezɛspeʀe
4494,auto,"nm,nf",feminine,car,des amis venaient nous chercher en auto,friends came by car to pick us up,oto
4495,troupeau,nm,masculine,"herd, flock","tu fais partie de mon troupeau, à présent. bienvenue","you’re part of my flock, now. welcome",tʀupo
4496,gendarmerie,nf,feminine,"police force, police station",ils ont aussitôt alerté la gendarmerie,they immediately warned police headquarters,ʒɑ͂daʀməʀi
4497,génétiquement,adv,,genetically,nous consommons des aliments génétiquement modifiés,we consume genetically modified foods,ʒenetikmɑ͂
4498,analogue,nadj(f),,"similar, analogous",la situation est analogue sur le plan mondial,the situation is similar on a worldwide scale,analɔg
4499,venu,nadj,masc / fem,come,"le moment venu, on allumera le phare de la liberté","when the time comes, we will light the flame of liberty",v(ə)ny
4500,ironique,adj(f),,ironic,il a un sourire ironique et satisfait,he has an ironic and satisfied smile,iʀɔnik
4501,sanitaire,nadj(f),,"health, sanitary, medical",il n’a pas respecté les règles sanitaires,he didn’t obey the sanitation rules,sanitɛʀ
4502,sonore,nadj(f),,"sound, resonant, sonorous, voiced",il éclata d’un rire sonore,he broke into a hearty laugh,sɔnɔʀ
4503,initier,v,,"to initiate, introduce",j’ai commencé à m’initier à la Bible,I started to become familiar with the Bible,inisje
4504,mœurs,nfpl,feminine-plural,"morals, customs, habits, manners, ways",il avait des mœurs un peu bizarres,his morals were somewhat bizarre,mœʀ(s)
4505,cessez-le-feu,nmi,masculine,ceasefire,ces nouvelles violences menacent le fragile cessez-le-feu,this new violence is threatening the fragile ceasefire,sesel(e)fø
4506,bénévole,nadj(f),masc / fem,"volunteer, voluntary, unpaid",je félicite le personnel et les bénévoles de l’UNICEF,I congratulate the UNICEF employees and volunteers,benevɔl
4507,boue,nf,feminine,mud,le trottoir était couvert d’une boue glacée,the sidewalk was covered with frozen mud,bu
4508,empereur,nm,masculine,emperor,ton empereur te demande ta loyauté,your emperor demands your loyalty,ɑ͂pʀœʀ
4509,dissiper,v,,"to dispel, disperse, clear away",le soleil avait dissipé les nuages,the sun dispersed the clouds,disipe
4510,déclin,nm,masculine,"decline, deterioration","leur nombre est en déclin, mais ils sont encore assez nombreux","their number is declining, but they are still numerous enough",deklɛ͂
4511,liquider,v,,"to liquidate, sell off, clear",sommes-nous en train de dissiper nos actifs les plus précieux?,are we liquidating our most precious assets?,likide
4512,maintenance,nf,feminine,"maintenance, servicing",la maintenance des bateaux est moins bien assurée,upkeep of the boats is less certain,mɛ͂tnɑ͂s
4513,prévisible,adj(f),,"predictable, forseeable",le dénie est la plus prévisible des réponses humaines,denial is the most predictable of human responses,pʀevizibl
4514,pneu,nm,masculine,tire,je changerai le pneu,I’ll change the tire,pnø
4515,fraude,nf,feminine,fraud,tu es coupable de fraude,you’re guilty of fraud,fʀod
4516,coton,nm,masculine,cotton,l’industrie du coton y est une source majeure de pollution,the cotton industry is a major source of pollution,kɔtɔ͂
4517,entrevoir,v,,"to make out, catch a glimpse of, foresee","pour l’avenir, elle entrevoit des débouchés intéressants","for the future, she anticipates interesting opportunities",ɑ͂tʀəvwaʀ
4518,stipuler,v,,"to state, stipulate, specify",les voeux ne stipulent pas le bébé,the vows don’t stipulate the baby,stipyle
4519,remédier,v,,"to cure, remedy, put right","pour remédier à cette affaire, il faut du courage","to resolve this matter, courage will be necessary",ʀ(ə)medje
4520,flotter,v,,"to float, hang, stream",j’étais équipée pour flotter par-dessus les nuages,I was outfitted to float above the clouds,flɔte
4521,fraction,nf,feminine,fraction,tu fais une fraction de ce que tu suis,you do a fraction of what you follow,fʀaksjɔ͂
4522,impossibilité,nf,feminine,impossibility,c’est une impossibilité physiologique,it’s a physiological impossibility,ɛ͂pɔsibilite
4523,conditionnel,nadj,masculine,conditional,le meurtrier pourra demander une libération conditionnelle,the murderer will be able to request parole,kɔ͂disjɔnɛl
4524,nuance,nf,feminine,"shade, hue, nuance",vous ne pensez pas que c’est une belle nuance de bleu?,don’t you think it’s a pretty shade of blue?,nɥɑ͂s
4525,improbable,adj(f),,"unlikely, improbable",l’unanimité était assez improbable,unanimity was rather improbable,ɛ͂pʀɔbabl
4526,enquêteur,nm,masculine,"investigator, pollster",les enquêteurs ont nié vendredi avoir torturé le suspect,on Friday the interrogators denied having tortured the suspect,"ɑ͂kɛtœʀ, -øz"
4527,conjointement,adv,,jointly,nous devons conjointement exercer une pression,we must exert pressure together,kɔ͂ʒwɛ͂tmɑ͂
4528,éclaircir,v,,"to brighten up, clear up",le temps éclaircira ce mystère,time will clear up this mystery,eklɛʀsiʀ
4529,bordel,nm,masculine,"brothel, mess, chaos","un jour, la patronne du bordel m’envoya chez un autre libertin","one day, the madame of the brothel sent me to another libertine’splace",bɔʀdɛl
4530,impatient,nadj,,impatient,je suis impatiente de relever ces défis,I’m eager to take up these challenges,"ɛ͂pasjɑ͂, jɑ͂t"
4531,versement,nm,masculine,payment,"les versements aux hôpitaux publics progressent de 0,7 %",payments to public hospitals increased by 0.7%,vɛʀsəmɑ͂
4532,bosser,v,,"to work, bash on",j’avais bossé dessus toute la nuit,I had been working on it all night,bɔse
4533,articuler,v,,to articulate,il parlait lentement et articulait avec soin,he spoke slowly and articulated carefully,aʀtikyle
4534,successivement,adv,,successively,mes recherches ont successivement porté sur deux domaines,my research focused sequentially on two areas,syksesivmɑ͂
4535,assurément,adv,,most certainly,"la thèse se discute, assurément",the argument is most assuredly being discussed,asyʀemɑ͂
4536,provision,nf,feminine,"stock, supply",tu as acheté les provisions pour le repas de midi?,did you buy supplies for lunch?,pʀɔvizjɔ͂
4537,amplifier,v,,"to amplify, magnify, expand",amplifiez le son,amplify the sound,ɑ͂plifje
4538,ceinture,nf,feminine,"belt, waist",veuillez attacher votre ceinture,please attach your seatbelt,sɛ͂tyʀ
4539,intergouvernemental,adj,,intergovernmental,l’esprit des accords intergouvernementaux conclus avec les provinces,the spirit of intergovernmental agreements involving the provinces,"ɛ͂tɛʀguvɛʀnəmɑ͂tal, o"
4540,délibération,nf,feminine,"deliberation, debate, consideration",lisez la transcription des délibérations,read the transcript of the debate,delibeʀasjɔ͂
4541,mexicain,nadj,masculine,Mexican,j’étais couchée sur la couverture mexicaine,I was lying down on the Mexican blanket,"mɛksikɛ͂, ɛn"
4542,seigneur,nm,masculine,lord,le Seigneur est mon berger,the Lord is my shepherd,sɛɲœʀ
4543,saisonnier,adj,,seasonal,le tourisme est une industrie saisonnière,tourism is a seasonal industry,"sɛzɔnje, -jɛʀ"
4544,souterrain,nadj,masculine,"underground, underground passage",ils découvraient un corridor souterrain,they discovered an underground corridor,suteʀɛ͂
4545,merveille,nf,feminine,"marvel, wonder",je suis une merveille de la nature,I’m a wonder of nature,mɛʀvɛj
4546,restituer,v,,"to return, restore, refund","en cas de rupture, il ne restituera rien","in case of breach of contract, he will not refund anything",ʀɛstitɥe
4547,démon,nm,masculine,"demon, fiend",les démons aussi ont la foi,devils have faith too,demɔ͂
4548,balancer,v,,"to swing, sway",cela plie terriblement et se balance à la moindre brise,this folds terribly and sways with the slightest breeze,balɑ͂se
4549,disponibilité,nf,feminine,availability,les objectifs de disponibilité sont des facteurs importants,goals for availability are important factors,dispɔnibilite
4550,infiniment,adv,,infinitely,votre idée me fait infiniment plaisir,your idea pleases me infinitely,ɛ͂finimɑ͂
4551,acquis,nadj(pl),masculine,"acquired, experience",comptez-vous consolider vos acquis en France?,do you plan to consolidate your acquisitions in France?,aki
4552,récepteur,nm,masculine,"receiver, receiving",il avait négligé de décrocher le récepteur,he had forgotten to lift up the receiver,ʀesɛptœʀ
4553,glissement,nm,masculine,"sliding, slipping, skidding",des glissements de neige humide pourraient se produire,wet snowslides could occur,glismɑ͂
4554,auditeur,nm,masculine,"auditor, listener",mais le choix appartient aux auditeurs,but the choice belongs to the listener,"oditœʀ, -tʀis"
4555,indigène,nadj(f),masc / fem,"native, local",il reste à convaincre les indigènes de vendre leurs terres,the natives still have to be convinced to sell their lands,ɛ͂diʒɛn
4556,chocolat,"adji,nm",masculine,chocolate,je t’ai apporté des chocolats,I brought you some chocolates,ʃɔkɔla
4557,indirectement,adv,,indirectly,j’étais impliqué aussi bien directement qu’indirectement,I was implicated as directly as I was indirectly,ɛ͂diʀɛktəmɑ͂
4558,obtention,nf,feminine,"obtaining, achievement",l’obtention d’un diplôme est une occasion spéciale,obtaining a diploma is a special occasion,ɔptɑ͂sjɔ͂
4559,grandissant,adj,,"growing, increasing",l’insatisfaction grandissante exige une action rapide,growing dissatisfaction requires a rapid response,"gʀɑ͂disɑ͂, ɑ͂t"
4560,chagrin,"adj,nm",masculine,"grief, sorrow,",j’en ai eu des moments de chagrin dans ma vie,I have had moments of sorrow in my life,ʃagʀɛ͂
4561,prostitué,nadj,masc / fem,prostitute,toutes deux étaient filles de prostituée,both were daughters of a prostitute,pʀɔstitɥe
4562,lumineux,adj(pl),,"luminous, illuminated; light","la salle est bruyante, très lumineuse","the room is noisy, very bright","lyminø, -øz"
4563,soupe,nf,feminine,soup,"mange ta soupe, dis-je","eat your soup, I said",sup
4564,bravo,"intj,nm",,"bravo, well done",j’ai de bonnes nouvelles. bravo. vos appels ont porté leurs fruits,I have good news. congratulations. your appeals worked,bʀavo
4565,appréhender,v,,"to dread, apprehend",15.000 clandestins ont été appréhendés,"15,000 illegal immigrants were apprehended",apʀeɑ͂de
4566,concitoyen,nm,masculine,fellow citizen,"mes chers concitoyens, je sais que vous êtes fatigués","my dear fellow citizens, I know you’re exhausted","kɔ͂sitwajɛ͂, jɛn"
4567,flèche,nf,feminine,arrow,cette flèche indique l’ordre de traitement,this arrow shows the order of processing,flɛʃ
4568,libéralisation,nf,feminine,liberalization,la libéralisation économique est désormais quasiment achevée,economic freedom is henceforth largely achieved,libeʀalizasjɔ͂
4569,complot,nm,masculine,"plot, conspiracy","je n’aime pas les complots, les mystères",I don’t like conspiracies or mysteries,kɔ͂plo
4570,signataire,"nm,nf",masc / fem,signatory,je crois qu’il faut 30 signataires,I think we need 30 signatures,siɲatɛʀ
4571,ski,nm,masculine,"ski, skiing",je fais du ski,I ski,ski
4572,douanier,nadj,masculine,customs officer,il n’y avait pas de contrôle douanier,there was no customs check,"dwanje, -jɛʀ"
4573,syndrome,nm,masculine,syndrome,je souffre ... du syndrome du manque d’amour,I suffer from lack-of-love syndrome,sɛ͂dʀom
4574,météo,nf,feminine,weather forecast,on nous annonçait la météo du lendemain,the next day’s weather forecast was given to us,meteo
4575,borner,v,,"to limit, confine",nous nous bornons à faire notre travail,we confine ourselves to doing our work,bɔʀne
4576,triompher,v,,"to triumph, beat",la démocratie finit toujours par triompher,democracy always triumphs,tʀijɔ͂fe
4577,concrétiser,v,,to materialise,j’espère vraiment concrétiser ce rêve un jour!,I really hope to realize this dream one day!,kɔ͂kʀetize
4578,soumission,nf,feminine,submission,le foulard symbolise la soumission à Dieu,the head scarf symbolizes submission to God,sumisjɔ͂
4579,continuellement,adv,,"continually, continuously","je dors continuellement, et j’ai de la fièvre","I sleep constantly, and I have a fever",kɔ͂tinɥɛlmɑ͂
4580,dérober,v,,"to steal, hide",on leur déroba leurs valises,their luggage was stolen,deʀɔbe
4581,romancier,nm,masculine,novelist,"un romancier raconte toujours une histoire, son histoire","a novelist always tells a story, his story","ʀɔmɑ͂sje, -jɛʀ"
4582,sorcier,nm,masculine,"sorcerer, witch",les sorcières aussi tombent malades?,witches get sick too?,"sɔʀsje, -jɛʀ"
4583,consigne,nf,feminine,"deposit, orders, detention",il rappelle quelques consignes générales,he recalls some general orders,kɔ͂siɲ
4584,harmonie,nf,feminine,harmony,nous devons travailler ensemble en parfaite harmonie,we must work together in perfect harmony,aʀmɔni
4585,blond,nadj,,"blond, fair-haired",elle avait de jolis cheveux blonds,she had pretty blonde hair,blɔ͂
4586,pleuvoir,v,,to rain,il trouve qu’il pleut tous les jours,he finds that it rains every day,pløvwaʀ
4587,déplaire,v,,"to displease, be unhappy",tout ce qui est superflu déplaît à Dieu et à la nature,anything superfluous displeases God and nature,deplɛʀ
4588,innombrable,adj(f),,"innumerable, countless",son existence résulte d’innombrables morts,its existence stems from an untold number of deaths,i(n)nɔ͂bʀabl
4589,félicitation,nf,feminine,congratulation,nous recevons de nombreuses lettres de félicitations,we receive many letters of congratulation,felisitasjɔ͂
4590,inédit,nadj,,"unpublished; original, new",dix-sept films inédits seront en compétition,seventeen unedited films will be competing,inedi
4591,lance,nf,feminine,lance,"ils forgeront des charrues, des lances","they will make chariots, lances",lɑ͂s
4592,désireux,adj(pl),,"avid for, anxious to, desirous of",beaucoup seraient désireux de vous rencontrer,many people would be happy to meet you,"deziʀø, -øz"
4593,diversifier,v,,"to vary, diversify",on a un pays très diversifié,we have a very diversified country,divɛʀsifje
4594,vélo,nm,masculine,"bike, bicycle",elles se sont amenées hier en vélo,they arrived here yesterday by bicycle,velo
4595,fatigue,nf,feminine,"tiredness, fatigue",les gens sont peut-être fatigués,the people are perhaps tired,fatig
4596,instabilité,nf,feminine,instability,l’instabilité politique demeure,political instability remains,ɛ͂stabilite
4597,pénaliser,v,,"to penalize, punish",on est en train de pénaliser nos travailleurs,we’re punishing our workers,penalize
4598,comte,nm,masculine,count,le mari était comte. l’amant était marquis,the husband was a count. the lover was a marquis,kɔ͂t
4599,amer,"adj,nm",,bitter,une surprise amère l’attend,a bitter surprise awaits her,amɛʀ
4600,orchestre,nm,masculine,orchestra,les orchestres ne veulent pas de ma musique,orchestras don’t want my music,ɔʀkɛstʀ
4601,foncier,adj,,"land-related, land, fundamental",le code foncier va permettre cela,the land- use laws will allow that,"fɔ͂sje, -jɛʀ"
4602,dixième,"det,nm,nf",masc / fem,tenth,on ne comprend pas le dixième de ce que vous dites,we don’t understand a tenth of what you’re saying,dizjɛm
4603,est,nmi,masculine,east,toutes les églises sont tournées vers l’est,all of the churches have turned their attention eastwards,ɛst
4604,envelopper,v,,"to wrap, surround, veil",donne-moi quelque chose pour envelopper le petit,give me something to wrap the infant in,ɑ͂vlɔpe
4605,troublant,adj,,disturbing,c’est là quelque chose de très troublant,something’s very wrong here,"tʀublɑ͂, ɑ͂t"
4606,irrégulier,adj,,"irregular, uneven",leurs revenus sont incertains et irréguliers,their income is uncertain and irregular,"iʀegylje, -jɛʀ"
4607,fouet,nm,masculine,whip,il marchait sous le fouet du maître,he walked under the whip of the master,fwɛ
4608,baigner,v,,"to bathe, wash, get a bath, go for a swim","je me baignai avec Anne, elle nageait doucement",I swam with Anne; she was gently swimming,beɲe
4609,fixation,nf,feminine,"fixation, fixing",le peintre procède alors à une fixation,the painter then becomes fixated,fiksasjɔ͂
4610,encadrement,nm,masculine,"training, framing, supervision",le personnel d’encadrement des ateliers est réduit,supervisory staff in the workshops is reduced,ɑ͂kɑdʀəmɑ͂
4611,déménager,v,,to move,on a déménagé dans un petit local,we moved into a little nook,demenaʒe
4612,esthétique,nadj(f),feminine,"aesthetics, attractiveness; attractive",je ressens une passion esthétique,I feel an aesthetic passion,ɛstetik
4613,photographier,v,,to photograph,allons nous faire photographier aux îles,let’s go get photographed in the islands,fɔtɔgʀafje
4614,insensé,nadj,,insane,t’as un comportement insensé,your behavior is crazy,ɛ͂sɑ͂se
4615,moderniser,v,,to modernize,nous devons simplement moderniser ce système,we must simply modernize the system,mɔdɛʀnize
4616,expérimental,adj,,experimental,"du point de vue expérimental, il est bon de vérifier","from an experimental standpoint, it’s good to double-check","ɛkspeʀimɑ͂tal, o"
4617,incomber,v,,to be incumbent upon,ce rôle leur incombe maintenant,this role falls to them now,ɛ͂kɔ͂be
4618,retombée,nf,feminine,"fallout, consequences, effects",je n’ai pas eu de mauvaises retombées,I haven’t had any bad effects,ʀ(ə)tɔ͂be
4619,équivaloir,v,,"to be equivalent, amount to",cela équivaut à une taxe sur les malades,this amounts to a tax on sick people,ekivalwaʀ
4620,différencier,v,,to differentiate,je sais différencier un compliment d’une flatterie,I know the difference between a compliment and flattery,difeʀɑ͂sje
4621,éventail,nm,masculine,"fan, range",le gouvernement finance un éventail d’initiatives de recherche,the government is financing a range of research initiatives,evɑ͂taj
4622,solde,"nm,nf",masc / fem,balance; pay; sale,tout est en solde dans Paris,everything’s on sale in Paris,sɔld
4623,gâcher,v,,"to waste, spoil",je ne voulais pas gâcher votre fête,I didn’t want to ruin your party,gɑʃe
4624,régiment,nm,masculine,regiment,c’est le meilleur soldat du régiment,he’s the best soldier in the regiment,ʀeʒimɑ͂
4625,chiite,nadj(f),masc / fem,Shiite,"la conférence devait réunir des leaders chiites, sunnites et kurdes","the conference was meant to bring together Shiite, Sunni, and Kurdish leaders",ʃiit
4626,bouleversement,nm,masculine,upheaval,le bouleversement est profond autour de nous,profound upheaval is all around us,bulvɛʀsəmɑ͂
4627,relater,v,,"to relate, recount",ils m’ont relaté des histoires cauchemardesques,they recounted nightmarish stories,ʀ(ə)late
4628,décent,adj,,"decent, proper","en surface, elle paraissait décente, prude et tout","outwards, she appeared proper, prudish, and so on","desɑ͂, ɑ͂t"
4629,éminent,adj,,"eminent, distinguished",je souscris volontiers au verdict d’un éminent psychanalyste,I gladly concur with the verdict of a distinguished psychoanalyst,"eminɑ͂, ɑ͂t"
4630,instituteur,nm,masculine,school teacher,l’instituteur feuilletait un manuel de sociologie,the teacher paged through a sociology manual,"ɛ͂stitytœʀ, -tʀis"
4631,rayer,v,,"to scratch, streak, stripe; to erase, strike out",tu portes une chemise rayée et une cravate rayée,you’re wearing a striped shirt and a striped necktie,ʀeje
4632,concrètement,adv,,in concrete terms,je vous demande concrètement si vous allez prendre des mesures sérieuses,I ask you concretely if you are going to take serious measures,kɔ͂kʀɛtmɑ͂
4633,coulisse,nf,feminine,"backstage, wings, behind the scenes","car, en coulisse, on négocia","for, behind the scenes, there were negotiations",kulis
4634,enchaîner,v,,"to chain up, connect, string together",tout semble s’enchaîner dans cette sinistre marche des événements,everything seemed to link together in this sinister sequence of events,ɑ͂ʃene
4635,ratification,nf,feminine,ratification,le processus de ratification n’est pas mort,the ratification process is not dead,ʀatifikasjɔ͂
4636,emplacement,nm,masculine,"site, location",les emplacements de camping sont séparés,the camping sites are separated,ɑ͂plasmɑ͂
4637,copier,v,,"to copy, reproduce",j’ai copié l’article,I copied the article,kɔpje
4638,inculper,v,,to charge,les preuves étaient insuffisantes pour l’inculper,the evidence was insufficient to charge him,ɛ͂kylpe
4639,renouveau,nm,masculine,renewal,"ce renouveau doit, naturellement, commencer par en haut",this renewal of course has to come top-down,ʀ(ə)nuvo
4640,néerlandais,nadj(pl),masculine,Dutch,la multinationale néerlandaise a annoncé de nouvelles pertes,the Dutch multinational announced new losses,neɛʀlɑ͂dɛ
4641,intégral,adj,,"complete, unabridged",ils constituent un élément intégral de notre histoire,they constitute an integral part of our history,"ɛ͂tegʀal, o"
4642,spécification,nf,feminine,specification,il convient alors de respecter les spécifications supplémentaires,then it would be appropriate to honour the supplementary specifications,spesifikasjɔ͂
4643,documentation,nf,feminine,"documentation, literature",j’écris aussi des documentations en français,I also write documentation in French,dɔkymɑ͂tasjɔ͂
4644,logiquement,adv,,logically,"logiquement, il fallait que cette vie se termine","logically, this life had to end",lɔʒikmɑ͂
4645,spectre,nm,masculine,"spectrum, ghost",le spectre d’un conflit nucléaire généralisé s’écarte,the threat of a widespread nuclear conflict is lessening,spɛktʀ
4646,harmoniser,v,,"to harmonize, harmonize with",il harmonise les règles,he reconciled the rules,aʀmɔnize
4647,suédois,nadj(pl),masculine,"Swedish, Swede",nous avons même un correspondant suédois,we even have a Swedish correspondent,sɥedwa
4648,rouvrir,v,,to reopen,"quant aux écoles militaires, elles étaient rouvertes sans délai",the military schools were reopened without delay,ʀuvʀiʀ
4649,débouché,nm,masculine,"prospect, opportunity, opening",il existe de nombreux débouchés dans plusieurs branches,there are several openings in many branches,debuʃe
4650,croisé,nadj,masculine,twill; alternate; crusader; crossed,nos chemins se sont croisés de façon intéressante,our paths crossed in an interesting manner,kʀwaze
4651,fléau,nm,masculine,"scourge, plague",la pauvreté est un fléau,poverty is a plague,fleo
4652,traversée,nf,feminine,crossing,la traversée avait duré juste trois heures,it only took three hours to make the crossing,tʀavɛʀse
4653,solaire,adj(f),,solar,nous pensons que le système solaire est issu d’une étoile,we think the solar system emerged from a star,sɔlɛʀ
4654,secrétariat,nm,masculine,"secretaryship, secretariat, secretarial offices, secretary’s office",les clés seront au secrétariat,the keys are at the secretary’s office,s(ə)kʀetaʀja
4655,mou,"adj,nm",,soft,je devenais froide et molle comme un vieux cadavre,I became cold and soft like an old cadaver,mu
4656,venger,v,,"to avenge, take revenge",tu t’es vengé. réjouis-toi avant d’oublier,you got your revenge. enjoy it before you forget,vɑ͂ʒe
4657,détenteur,nadj,masculine,"holder, possessor, bearer",cette carte plastifiée devrait permettre à son détenteur de voter,this plastic card should allow the bearer to vote,"detɑ͂tœʀ, -tʀis"
4658,basque,nadj(f),masc / fem,Basque,il y avait un couple de jeunes basques aussi qui était venu au Sénégal,there was also a couple of Basque youths who came to Senegal,bask
4659,soif,nf,feminine,thirst,"si tu as soif, tu bois","if you’re thirsty, you drink",swaf
4660,accumulation,nf,feminine,"accumulation, amassing, storage, stockpiling, build-up",il y a de dangereuses accumulations de neige,there are dangerous accumulations of snow,akymylasjɔ͂
4661,autoritaire,adj(f),,authoritarian,c’est un régime extraordinairement autoritaire,its an extraordinarily authoritative regime,otoʀitɛʀ
4662,essor,nm,masculine,"expansion, development, flight",cette ville a pris un nouvel essor économique et touristique,this city has made new strides in the economy and tourism,esɔʀ
4663,obséder,v,,"to obsess, haunt",je ne suis pas obsédée du tout par la réussite,I’m not at all obsessed by success,ɔpsede
4664,intolérable,adj(f),,intolerable,leurs conditions de vie deviennent intolérables,their living conditions are becoming intolerable,ɛ͂tɔleʀabl
4665,rébellion,nf,feminine,rebellion,"la rébellion va éclater, des gouvernments vont tomber!","rebellion will break out, governments will fall!",ʀebeljɔ͂
4666,préventif,adj,,preventive,les antibiotiques sont utilisés de façon préventive,the antibiotics are used for prevention,"pʀevɑ͂tif, -iv"
4667,désignation,nf,feminine,designation,une désignation rapide et positive est nécessaire,a swift and positive designation is necessary,deziɲasjɔ͂
4668,aimable,adj(f),,"pleasant, kind, nice",je voulais juste être aimable,I just wanted to be likable,ɛmabl
4669,conformité,nf,feminine,conformity,on a un problème de conformité au niveau des registres,we have a consistency problem with the books,kɔ͂fɔʀmite
4670,pantalon,nm,masculine,"trousers, pants","ôtez votre pantalon et entrez, je vais vous examiner","take off your pants and come in, I’m going to examine you",pɑ͂talɔ͂
4671,anormal,nadj,,abnormal,c’est tout à fait anormal,it’s completely abnormal,"anɔʀmal, o"
4672,inhérent,adj,,inherent,nous reconnaissons le droit inhérent des autochtones,we recognize the inherent rights of natives,"ineʀɑ͂, ɑ͂t"
4673,réconcilier,v,,to reconcile,la mère et le fils se réconcilient,mother and son reconciled,ʀekɔ͂silje
4674,réservoir,nm,masculine,"tank, reservoir",le réservoir ainsi formé est un immense lac,the reservoir thus formed is an immense lake,ʀezɛʀvwaʀ
4675,aveu,nm,masculine,confession,je considère votre silence comme un aveu,I take your silence to be a confession,avø
4676,emmerder,v,,"to bug, bother",je serais bien emmerdé si tu attrapais une pneumonie,I would be pissed off if you catch a cold,ɑ͂mɛʀde
4677,inondation,nf,feminine,"flood, deluge",l’école est fermée pour inondation,the school is closed due to flooding,inɔ͂dasjɔ͂
4678,câble,nm,masculine,"cable, wire",le câble est bloqué,the cable is blocked,kɑbl
4679,poumon,nm,masculine,lung,ils respiraient à pleins poumons,they breathed very deeply,kœʀpumɔ͂
4680,humble,adj(f),,"humble, lowly",veuillez accepter mes humbles excuses,please accept my humble apologies,œ͂bl
4681,perturbation,nf,feminine,"disruption, disturbance",la circulation n’a pas connu d’importantes perturbations,traffic hasn’t been greatly affected,pɛʀtyʀbasjɔ͂
4682,brouiller,v,,"to mix-up, confuse, scramble",le récit des confessions brouille tout,the written confession muddles up everything,bʀuje
4683,illustration,nf,feminine,illustration,les illustrations sont originales,the illustrations are original,i(l)lystʀasjɔ͂
4684,appliqué,adj,,"assiduous, industrious, careful","oui, j’étais une élève appliquée","yes, I was a diligent student",aplike
4685,fermier,nadj,masculine,farmer,les fermiers ont des journées très remplies,farmers have very busy days,"fɛʀmje, -jɛʀ"
4686,hanter,v,,to haunt,tu hantes mes rêves,you haunt my dreams,ɑ͂te
4687,cordon,nm,masculine,"cord, string, lead",elle a sectionné le cordon avec ses dents,she cut the cord with her teeth,kɔʀdɔ͂
4688,néfaste,adj(f),,"harmful, ill-fated",ces polluants sont néfastes pour tous,these pollutants are harmful to everyone,nefast
4689,lasser,v,,"to tire, weary, grow weary",je ne veux pas lasser le public,I don’t want to make the public weary,lɑse
4690,influer,v,,"to influence, have an influence on","chaque vie, influe sur les autres",each life influences others,ɛ͂flye
4691,présentement,adv,,"at present, presently",nous étudions ce besoin présentement,we’re currently studying this need,pʀezɑ͂tmɑ͂
4692,plate-forme,nf,feminine,platform,ils restèrent debout sur la plate-forme,they remained standing on the platform,platfɔʀm
4693,stopper,v,,"to stop, halt",vous pourriez me stopper avec un seul mot,you could stop me with one single word,stɔpe
4694,kurde,nadj(f),masc / fem,"Kurd, Kurdish",la langue kurde est interdite à l’école,the Kurdish language is forbidden at school,kyʀd
4695,amusant,nadj,,"funny, amusing, entertaining",j’avais trouvé une phrase amusante,I had found a funny phrase,"amyzɑ͂, ɑ͂t"
4696,tremblement,nm,masculine,"shiver, trembling, shaking",il y avait dans sa voix un tremblement,there was trembling in her voice,tʀɑ͂bləmɑ͂
4697,rail,nm,masculine,"rail, track",j’ai suivi les rails pour arriver ici,I followed the tracks to get here,ʀɑj
4698,fondamentalement,adv,,"basically, fundamentally, inherently",telle est fondamentalement notre position,fundamentally that is our position,fɔ͂damɑ͂talmɑ͂
4699,lampe,nf,feminine,"lamp, light",la scène est éclairée par une lampe à pétrole,the scene was lit by a kerosene lamp,lɑ͂p
4700,triple,nadj(f),masculine,triple,t’as vu mon triple saut? je peux le refaire,did you see my triple jump? I can do it again,tʀipl
4701,inchangé,adj,,unchanged,l’état de la route demeure inchangé,road conditions remain unchanged,ɛ͂ʃɑ͂ʒe
4702,supplier,v,,"to beg, implore","je t’en supplie, ne pars pas","I beg you, don’t leave",syplije
4703,multiplication,nf,feminine,multiplication,j’avais prédit une multiplication de travail pour l’automne,I predicted an increase in workload for the fall,myltiplikasjɔ͂
4704,camoufler,v,,"to cover up, conceal, camouflage",certaines araignées changent leurs couleurs pour se camoufler,some spiders change colours as camouflage,kamufle
4705,cliché,nm,masculine,cliché; negative,cette théorie est devenue un vieux cliché freudien,this theory has become an old Freudian cliché,kliʃe
4706,diamant,nm,masculine,diamond,c’est le plus beau diamant du monde,it’s the most beautiful diamond in the world,djamɑ͂
4707,guerrier,nadj,masculine,warrior; warlike,t’as une âme de guerrier,you have a warrior’s soul,"gɛʀje, -jɛʀ"
4708,figer,v,,"to clot, coagulate, congeal, set",le pauvre animal resta figé sur place,the poor animal remained frozen in its tracks,fiʒe
4709,comique,nadj(f),masculine,"comical; comic, comedian",le malentendu serait plutôt comique,the misunderstanding would be rather comical,kɔmik
4710,planification,nf,feminine,planning,ils doivent payer pour la mauvaise planification,they have to pay for bad planning,planifikasjɔ͂
4711,éloge,nm,masculine,praise,je ferai votre éloge,I will sing your praises,elɔʒ
4712,regroupement,nm,masculine,"regrouping, reassembly",ils inventent les regroupements de populations,they create population regroupings,ʀ(ə)gʀupmɑ͂
4713,odieux,adj(pl),,"hateful, odious",ces façons de parler sont odieuses,these are heinous manners of speaking,"ɔdjø, -jøz"
4714,désastreux,adj(pl),,disastrous,ce sera un mariage désastreux,that will be a disastrous marriage,"dezastʀø, -øz"
4715,nocturne,nadj(f),,"nocturnal, nocturne",ils ajustèrent leurs lunettes à vision nocturne,they adjusted their night vision goggles,nɔktyʀn
4716,configuration,nf,feminine,"configuration, layout",la configuration institutionnelle rendrait une partition très difficile,the institutional configuration would render a partition very difficult,kɔ͂figyʀasjɔ͂
4717,escompter,v,,to discount; to expect,cela n’a pas eu les résultats escomptés,that didn’t have the expected results,ɛskɔ͂te
4718,intensif,nadj,,intensive,une telle traduction représente un travail intensif,a translation like this involves intense work,ɛ͂tɑ͂sif
4719,scepticisme,nm,masculine,scepticism,je vous concède que le scepticisme n’est pas très sexy,I admit that scepticism isn’t very sexy,sɛptisism
4720,croisière,nf,feminine,cruise,on a décidé de faire cette croisière en Mer Rouge,we decided to take a Red Sea cruise,kʀwazjɛʀ
4721,plénier,adj,,"plenary, full",l’assemblée plénière est tombée d’accord,the plenary assembly came to agreement,"plenje, -jɛʀ"
4722,athlète,"nm,nf",masc / fem,athlete,les athlètes doivent être de bons leaders,athletes must be good leaders,atlɛt
4723,poil,nm,masculine,"hair, bristle",il est allergique au poil de chat,he’s allergic to cat hair,pwal
4724,épanouir,v,,"to bloom, blossom",elle est très vivante et s’épanouit de plus en plus,she’s very lively and is blossoming more and more,epanwiʀ
4725,minimiser,v,,"to minimize, play down",il tend donc à minimiser le problème,so he tends to minimize the problem,minimize
4726,inévitablement,adv,,inevitably,le chômage augmenterait inévitablement,unemployment would inevitably increase,inevitabləmɑ͂
4727,informé,nadj,,informed,la population doit être mieux informée au sujet,the population must be better informed on the subject,ɛ͂fɔʀme
4728,islam,nm,masculine,Islam,l’Islam est aujourd’hui la deuxième religion de France,Islam is the second largest religion in France today,islam
4729,échéant,adj,,if need be,c’est moi qui le cas échéant prendrai la décision,I’m the one who will make the decision if necessary,"eʃeɑ͂, ɑ͂t"
4730,murmurer,v,,to murmur,elle a murmuré dans mon oreille,she mumbled into my ear,myʀmyʀe
4731,implantation,nf,feminine,"implanting, setting up, establishment, implantation, installation",quelle est votre stratégie d’implantation?,what is your installation strategy?,ɛ͂plɑ͂tasjɔ͂
4732,décerner,v,,"to award, give, issue","en science, on ne décerne pas de distinction pour les redécouvertes",in science nobody receives a prize for rediscovering something,desɛʀne
4733,replacer,v,,"to replace, put back",il replaça le paquet dans sa poche,he returned the package to his pocket,ʀ(ə)plase
4734,vêtir,v,,"to clothe, dress, put on","c’était un vieil homme, vêtu bourgeoisement","he was an old man, dressed simply",vetiʀ
4735,trottoir,nm,masculine,pavement,"mets-moi sur le trottoir, je me débrouillerai","put me on the sidewalk, I’ll manage",tʀɔtwaʀ
4736,vieillard,nm,masculine,old man,le vieillard haussa les épaules,the old man shrugged his shoulders,vjɛjaʀ
4737,fillette,nf,feminine,"little girl, girl",certes la fillette semblait précoce,the little girl certainly seemed precocious,fijɛt
4738,enchanter,v,,"to delight, enchant, rejoice","mais il est enchanté de me voir, hein?","he’s sure delighted to see me, eh?",ɑ͂ʃɑ͂te
4739,singe,nm,masculine,monkey,ils imitent le cri des singes,they’re imitating the monkeys’ scream,sɛ͂ʒ
4740,superficiel,adj,,"superficial, shallow","t’es un mec superficiel, un vrai nul","you’re a shallow guy, a real nobody",sypɛʀfisjɛl
4741,rigide,adj(f),,"rigid, stiff",il y a de rigides paramètres en place,there are fixed parameters in place,ʀiʒid
4742,démographique,adj(f),,demographic,nous vivons en une époque d’évolution démographique,we live in an era of demographic evolution,demɔgʀafik
4743,fourniture,nf,feminine,"supply, provision",l’accord prévoit la fourniture de 3 millions de tonnes de pétrole,the agreement anticipates a supply of 3 million tonnes of oil,fuʀnityʀ
4744,taxer,v,,to tax,il est injuste de le taxer de caprice,it’s injust to tax indiscriminately,takse
4745,milice,nf,feminine,militia,les milices sont responsables de crimes contre l’humanité,the militias are responsible for crimes against humanity,milis
4746,foire,nf,feminine,fair,"hier, j’étais à la foire aux livres",yesterday I was at the book fair,fwaʀ
4747,élégant,adj,,"elegant, stylish",les pauvres sont désormais plus élégants que les riches,the poor are henceforth more elegant than the rich,"elegɑ͂, ɑ͂t"
4748,crème,"adji,nf",feminine,cream,son père lui appliqua une crème désinfec- tante et lui banda la main,his father applied some disinfectant cream and bandaged his hand,kʀɛm
4749,mentalité,nf,feminine,mentality,il faut instaurer une mentalité de gagnant et de bosseur,we need to establish a winning and hard-working mentality,mɑ͂talite
4750,charité,nf,feminine,charity,beaucoup de laïcs ont plus de charité qu’eux,many lay clergy have more charity than they do,ʃaʀite
4751,borne,nf,feminine,"milestone, boundary stone",je vous ai affirmé notre admiration sans bornes,I have asserted to you our unqualified admiration,bɔʀn
4752,organique,adj(f),,organic,une forme de vie organique vient à ma rescousse,an organic life form came to my rescue,ɔʀganik
4753,dévouer,v,,"to devote, sacrifice oneself",elle se dévoua à la gloire de son ami,she devoted herself to the glory of her friend,devwe
4754,hâter,v,,"to quicken, hasten",hâte-toi de revenir,hurry back,ˊɑte
4755,mobilité,nf,feminine,mobility,la mobilité de la population a changé,the mobility of the population has changed,mɔbilite
4756,exclu,"nm,adj",masculine,outcast,je ne me suis jamais senti exclu,I never felt excluded,ɛkskly
4757,boucher,"nm,v",masculine,"butcher; to fill in, get clogged up",il faudra sans doute boucher des trous,it will of course be necessary to plug the holes,buʃe
4758,bénéfique,adj(f),,beneficial,les faits prouvent que le mariage est bénéfique pour les enfants,the facts prove that marriage is beneficial for children,benefik
4759,commencement,nm,masculine,"beginning, start",ce n’est que le commencement et non la fin,it’s only the beginning and not the end,kɔmɑ͂smɑ͂
4760,licenciement,nm,masculine,"dismissal, sacking","on va vous notifier votre licenciement, par courrier",we will notify you of your dismissal by mail,lisɑ͂simɑ͂
4761,chancelier,nm,masculine,chancellor,le chancelier doit rencontrer le président du parlement,the chancellor must meet the speaker of the parliament,ʃɑ͂səlje
4762,retenue,nf,feminine,"deduction; restraint, self-control",je me suis racontée sans aucune retenue,I talked about myself without any restraint,"ʀ(ə)təny, ʀət(ə)ny"
4763,visée,nf,feminine,"aim, design, sighting",nous n’avons aucune visée sur l’Indochine,we have no designs for Indochina,vize
4764,dénonciation,nf,feminine,denunciation,la dénonciation ne doit pas être acide ou sarcastique,the denunciation need not be acerbic or sarcastic,denɔ͂sjasjɔ͂
4765,plaie,nf,feminine,wound,il lavera et séchera nos plaies,he will wash and dry our wounds,plɛ
4766,exiler,v,,to exile,il se lamentait d’être exilé,he rued at being exiled,ɛgzile
4767,rocher,nm,masculine,"rock, boulder",il a disparu derrière les rochers,he disappeared behind the rocks,ʀɔʃe
4768,mortalité,nf,feminine,"mortality, death rate",la mortalité par cancer continue à décroître aux Etats-Unis,cancer deaths continue to decrease in the U.S.,mɔʀtalite
4769,cruauté,nf,feminine,cruelty,c’est tout simplement un acte de cruauté,it’s simply an act of cruelty,kʀyote
4770,regrettable,adj(f),,"unfortunate, regrettable",la perte d’une vie est toujours regrettable,the loss of a life is always regrettable,ʀ(ə)gʀetabl
4771,droguer,v,,"to drug, take drugs",je me suis déjà drogué,I was already high on drugs,dʀɔge
4772,connecter,v,,"to connect, go on-line",tous les pays sont connectés à Internet,all countries are connected to the Internet,kɔnɛkte
4773,confort,nm,masculine,comfort,tout le monde vit dans le confort,everyone lives in comfort,kɔ͂fɔʀ
4774,compréhensible,adj(f),,"comprehensible, understandable",il est compréhensible que le public soit inquiet,it’s understandable that the public is disturbed,kɔ͂pʀeɑ͂sibl
4775,tube,nm,masculine,tube,deux fois déjà le tube a été retiré puis remis,"twice already the tube was pulled out, then reinserted",tyb
4776,coffre,nm,masculine,"trunk, boot, chest",les bagages sont dans le coffre,the suitcases are in the trunk,kɔfʀ
4777,intimider,v,,to intimidate,il essayait de m’intimider,he tried to intimidate me,ɛ͂timide
4778,huitième,"det,nm,nf",masc / fem,eighth,il a terminé la course huitième,he finished the race in eighth place,ˊɥitjɛm
4779,forger,v,,"to forge, contrive, make up",il nous faut forger des concepts inconcevables,we need to invent inconceivable concepts,fɔʀʒe
4780,périr,v,,to perish,je périrais sans toi,I would perish without you,peʀiʀ
4781,notoire,adj(f),,"notorious, well-known",nous détenons en ce moment un meurtrier notoire,at the moment we have a notorious murderer in custody,nɔtwaʀ
4782,graphique,nadj(f),masculine,"graph, graphic",j’aimerais avoir un graphique ici,I would like to have a graph here,gʀafik
4783,annulation,nf,feminine,"cancellation, annulment",l’annulation est due à la défection de certains partenaires,the annulment results from the defection of some partners,anylasjɔ͂
4784,acceptation,nf,feminine,acceptance,la foi suppose l’acceptation du mystère,faith requires acceptance of the mystery,aksɛptasjɔ͂
4785,textile,nadj(f),masculine,textile,"mère, enfants travaillent dans le textile",mother and children are working in the textile industry,tɛkstil
4786,hormis,prep,,"save, but","hormis vous, personne n’a vu ce gamin","except for you, nobody saw this kid",ˊɔʀmi
4787,chirurgien,nm,masculine,surgeon,les chirurgiens disent qu’il n’a pas souffert,the surgeons say he didn’t suffer,"ʃiʀyʀʒjɛ͂, jɛn"
4788,orage,nm,masculine,"storm, thunderstorm",au loin un orage grondait,in the distance a storm thundered,ɔʀaʒ
4789,boule,nf,feminine,ball,je lui ai offert une boule à neige,I offered her a snowball,bul
4790,médiation,nf,feminine,"mediation, arbitration",les tentatives américaines de médiation ont continué,American attempts at negotia- tion continued,medjasjɔ͂
4791,réprimer,v,,"to suppress, repress",vous réprimez ce que vous ressentez,you’re repressing what you feel,ʀepʀime
4792,hall,nm,masculine,"foyer, lobby",je l’ai rencontré dans le hall d’un immeuble,I met him in the foyer of the building,ˊol
4793,visuel,adj,masculine,visual,mais garde le contact visuel,but keep visual contact,vizɥɛl
4794,semblant,nm,masculine,"semblance, pretence",faites semblant d’être désespérée,pretend to be desperate,sɑ͂blɑ͂
4795,jadis,adv,,"formerly, long ago","jadis, nous étions des esclaves","long ago, we were slaves",ʒadis
4796,rémunérer,v,,"to remunerate, pay",il était rémunéré par une excellente nourriture,he was paid with excellent food,ʀemyneʀe
4797,fasciner,v,,to fascinate,c’est un sujet qui me fascine,it’s a subject that fascinates me,fasine
4798,dilemme,nm,masculine,dilemma,c’est l’éternel dilemme de la carotte et du bâton,it’s the eternal dilemma of the carrot and the stick,dilɛm
4799,progressiste,"nm,nf",masc / fem,progressive,on a un système scolaire progressiste,we have a progressive school system,pʀɔgʀesist
4800,ours,"adji,nm(pl)",masculine,bear,cet ours polaire doit aller dormir,this polar bear needs to go to sleep,uʀs
4801,décharger,v,,to unload,aidez Grégoire à décharger le van,help Grégoire unload the van,deʃaʀʒe
4802,excéder,v,,to exceed,le total ne peut excéder 55 000 francs,"the total cannot exceed 55,000 francs",ɛksede
4803,blâmer,v,,"to blame, reprimand",il cherche quelqu’un d’autre à blâmer,he’s looking for someone else to blame,blɑme
4804,duc,nm,masculine,duke,"un mari outragé, un duc, vient se plaindre","an outraged husband, a duke, comes to complain",dyk
4805,raciste,nadj(f),masc / fem,racist,je ne tolère aucun comportement raciste à bord,I don’t tolerate any racist behavior on board,ʀasist
4806,stress,nm(pl),masculine,stress,"le stress, ça rend un peu dingue",stress makes you a little bit crazy,stʀɛs
4807,inexistant,adj,,non-existent,la coopération entre pays voisins était quasiment inexistante,cooperation between neighboring countries was practically non-existent,"inɛgzistɑ͂, ɑ͂t"
4808,théoriquement,adv,,theoretically,l’accès en resterait théoriquement interdit aux femmes seules,access would theoretically remain forbidden to unaccompanied women,teɔʀikmɑ͂
4809,danois,nadj(pl),masculine,"Danish, Dane",le compromis danois aura un statut équivalent,the Danish compromise will have an equivalent status,danwa
4810,concéder,v,,"to grant, concede",le dollar a concédé une partie du terrain gagné,the dollar lost some of the ground it had gained,kɔ͂sede
4811,retrancher,v,,"to deduct, remove; to entrench",son air passif la retranchait du monde,his passive attitude removed him from the rest of the world,ʀ(ə)tʀɑ͂ʃe
4812,renfermer,v,,"to contain, shut, lock, enclose","c’est un homme renfermé et primitif, mais profondément loyal","he’s an uncommu- nicative, primitive man but deeply loyal",ʀɑ͂fɛʀme
4813,vieillesse,nf,feminine,old age,"ce que jeunesse désire, vieillesse l’a en abondance","what youth wants, old age has abundantly",vjɛjɛs
4814,navette,nf,feminine,shuttle,les navettes pour l’aéroport? elles sont là,the airport shuttles? they’re here,navɛt
4815,traditionnellement,adv,,traditionally,"traditionnellement, le cadre est un manager","traditionally, the executive is a manager",tʀadisjɔnɛlmɑ͂
4816,batterie,nf,feminine,battery; drum set,ces batteries devraient avoir une longue durée de vie,these batteries should have a long life,batʀi
4817,foie,nm,masculine,liver,souffrir de problèmes graves au foie,to suffer from serious liver problems,fwa
4818,gratuitement,adv,,"free, gratuitously",il nous a tout donné gratuitement,he gave us everything for free,gʀatɥitmɑ͂
4819,incompréhensible,adj(f),,incomprehensible,je trouve cela incompréhensible et ignoble,I find that unbelievable and disgraceful,ɛ͂kɔ͂pʀeɑ͂sibl
4820,détour,nm,masculine,"bend, curve, detour",j’ai fait un détour pour sortir sans passer devant lui,I went out of my way to avoid passing in front of him,detuʀ
4821,boulevard,nm,masculine,boulevard,nous nous promenions sur les boulevards,we were walking along the boulevards,bulvaʀ
4822,blague,nf,feminine,joke,je ne raconte plus de blagues,I don’t tell jokes any more,blag
4823,mécontentement,nm,masculine,"displeasure, dissatisfaction",les exemples de mécontentement sont nombreux et variés,examples of dissatisfaction were numerous and wide- ranging,mekɔ͂tɑ͂tmɑ͂
4824,inaugurer,v,,"to unveil, open",il inaugura les fêtes célébrant le centenaire de la Révolution,he opened the Revolution Centennial celebrations,"inogyʀe, inɔgyʀe"
4825,repli,nm,masculine,"bend, twist, wrinkle, fold, fallback",c’est plutôt la saison d’un repli frileux,it was instead the time for a chilly retreat,ʀəpli
4826,contrepartie,nf,feminine,"counterpart, opposite, alternative",la solitude n’est pas la seule contrepartie de l’amitié,loneliness isn’t the only alternative to friendship,kɔ͂tʀəpaʀti
4827,proportionnel,adj,,proportional,"dans le système proportionnel, chaque vote a la même valeur","in the proportional system, each vote has the same value",pʀɔpɔʀsjɔnɛl
4828,aboutissement,nm,masculine,"outcome, result",je suis l’aboutissement de tous ces instincts,I’m the outcome of all of these instincts,abutismɑ͂
4829,triomphe,nm,masculine,triumph,tout mariage marque le triomphe de l’espoir sur l’expérience,every marriage marks a triumph of hope over experience,tʀijɔ͂f
4830,libre-échange,nm,masculine,free trade,la concurrence et le libre-échange sont liés,competition and free trade are connected,libʀeʃɑ͂ʒ
4831,sincérité,nf,feminine,sincerity,je parle vraiment en toute sincérité,I’m really talking with complete sincerity,sɛ͂seʀite
4832,serre,nf,feminine,greenhouse,l’effet de serre est un phénomène naturel,the greenhouse effect is a natural phenome- non,sɛʀ
4833,doré,adj,,golden,la jeunesse étudiante est encore une jeunesse dorée,student youthfulness is still golden youthfulness,dɔʀe
4834,convoi,nm,masculine,"convoy, train",de quel hangar part le convoi?,the convoy is leaving from which hangar?,kɔ͂vwa
4835,terrien,nadj,masculine,"earthling; landowner, countryman",le Terrien est sur le point de vomir,the Earthling is about to vomit,"teʀjɛ͂, jɛn"
4836,psychologie,nf,feminine,psychology,il se spécialise en psychologie,he specialized in psychology,psikolɔʒi
4837,maltraiter,v,,"to manhandle, ill-treat, misuse, slight",vous me forcez vraiment à vous maltraiter,you’re really forcing me to mistreat you,maltʀete
4838,puits,nm(pl),masculine,"well, shaft, pit",je suis tombé dans un puits abandonné,I fell into an abandoned pit,pɥi
4839,intimité,nf,feminine,"privacy, intimacy",il est gêné par l’intimité masculine,he’s troubled by masculine intimacy,ɛ͂timite
4840,équation,nf,feminine,equation,cette quantité se précise dans une équation,this amount is figured out in an equation,ekwasjɔ͂
4841,humide,adj(f),,"moist, damp, humid, wet",il faisait froid et humide dans la cabine,it was cold and humid in the cabin,ymid
4842,bétail,nm,masculine,"livestock, cattle","vos chevaux sont là-bas, avec votre bétail","your horses are there, with your cattle",betaj
4843,prophète,nm,masculine,prophet,demandons aux prophètes comment on devrait appeler ça,let’s ask the prophets what we should call this,"pʀɔfɛt, pʀɔfetɛs"
4844,micro,nm,masculine,"mike, micro, microphone",venez donc parler dans le micro,come and speak into the mike,mikʀo
4845,gâteau,nadj,masculine,cake,qui mange du gâteau d’anniversaire?,who wants to eat some birthday cake?,gɑto
4846,continental,adj,,continental,nous avons besoin d’un réseau routier continental,we need a continental road network,"kɔ͂tinɑ͂tal, o"
4847,réitérer,v,,"to reiterate, repeat",il a réitéré sa demande aujourd’hui,he reiterated his request today,ʀeiteʀe
4848,énumérer,v,,to enumerate,il est bien inutile d’énumérer les obstacles,it’s totally useless to enumerate the obstacles,enymeʀe
4849,embauche,nf,feminine,"job vacancy, hiring",les embauches ont repris au troisième trimestre,hiring stepped up in the third quarter,ɑ͂boʃ
4850,verdict,nm,masculine,verdict,"les jurés, avez-vous rendu votre verdict?","members of the jury, have you arrived at a verdict?",vɛʀdikt
4851,dix-neuf,"det,nmi",,nineteen,je suis entré chez les Jésuites à dix-neuf ans,I became a Jesuit at the age of nineteen,diznœf
4852,guetter,v,,"to watch over, watch out for",tu vas guetter les flics,you’re going to be on the lookout for the cops,gete
4853,frustrer,v,,to frustrate,j’ai cependant été frustré par un nouvel échec,I was nonetheless frustrated by a new failure,fʀystʀe
4854,anglo-saxon,nadj,masculine,Anglo-Saxon,c’est un humour plus anglo-saxon que français,that humor is more Anglo-Saxon than French,"ɑ͂glosaksɔ͂, ɔn"
4855,détente,nf,feminine,"release, relaxation, détente, loosening",ce n’est pas un week-end de détente,it’s not a relaxing weekend,detɑ͂t
4856,questionner,v,,to question,elle me questionnait sans cesse,they questioned me continually,kɛstjɔne
4857,injecter,v,,to inject,nous avons injecté de l’argent dans le programme,we injected money into the program,ɛ͂ʒɛkte
4858,préjudice,nm,masculine,"loss, harm, damage",avez-vous déjà subi des préjudices?,have you already suffered any losses?,pʀeʒydis
4859,couramment,adv,,"fluently, commonly",elle parlait couramment deux autres langues aussi,she also spoke two other languages fluently,kuʀamɑ͂
4860,exploration,nf,feminine,"exploration, investigation, examination",rien ne vaut l’exploration du terrain,nothing is worth the exploration of the land,ɛksplɔʀasjɔ͂
4861,caresser,v,,"to fondle, caress","embrassez-moi et caressez-moi, mon cher époux","kiss me and hug me, my dear husband",kaʀese
4862,hymne,"nm,nf",masc / fem,"hymn, anthem",j’ai chanté l’hymne national,I sang the national anthem,imn
4863,sécuritaire,adj(f),,safe,le niveau de décontamination sera totalement sécuritaire,the contamination level will be perfectly safe,sekyʀitɛʀ
4864,famine,nf,feminine,famine,une grande famine venait de dévaster la Chine,a great famine devastated China,famin
4865,écrier,v,,"to exclaim, cry out","venez, venez tous, s’écria-t-elle","come here, everybody, she yelled",ekʀije
4866,précipitation,nf,feminine,"haste, precipitation",la précipitation est rarement une bonne conseillère,haste is rarely a wise counselor,pʀesipitasjɔ͂
4867,caution,nf,feminine,"deposit, guarantee, bail",le prévenu doit également régler une caution de 80.000 euros,"the accused must also post a bail of 80,000 euros",kosjɔ͂
4868,affectation,nf,feminine,"appointment, allocation; show, pretence",il bâilla avec affectation,he made a show of yawning,afɛktasjɔ͂
4869,salaud,nadj,masculine,bastard,les hommes sont des salauds,men are pigs,salo
4870,cave,"adj(f),nm,nf",feminine,"cellar, basement",il faut descendre dans la cave,we had to go down into the cellar,kav
4871,bond,nm,masculine,"leap, rebound",la richesse du pays a fait un bond,the wealth of the country rebounded,bɔ͂
4872,enclin,adj,,"enclined, prone",je suis enclin à les laisser pourrir,I’m inclined to let them rot,"ɑ͂klɛ͂, in"
4873,nettoyage,nm,masculine,"cleaning, cleansing",j’ai un job spécial de nettoyage : tout le local à bateaux,I have a special cleaning job: all of the boat docks,netwajaʒ
4874,foudre,nf,feminine,lightning,vous avez été frappé par la foudre,you were struck by lightning,fudʀ
4875,justesse,nf,feminine,"accuracy, precision",la question de la justesse se pose,the question of correctness is relevant here,ʒystɛs
4876,rente,nf,feminine,"annuity, pension",l’accumulation des rentes est funeste pour le monde occidental,the accumulation of income is deadly for the West,ʀɑ͂t
4877,hépatite,nf,feminine,hepatitis,l’hépatite C est très différente du VIH,hepatitis C is very different from HIV,epatit
4878,blindé,adj,masculine,armoured,la majorité de nos véhicules blindés sont des blindés légers,most of our armored vehicles are light tanks,blɛ͂de
4879,clan,nm,masculine,clan,j’ai besoin de savoir à quel clan la personne appartient,I need to know what clan the person belonged to,klɑ͂
4880,accélération,nf,feminine,acceleration,l’accélération de la mondialisation économique,the acceleration of economic globalization,akseleʀasjɔ͂
4881,garage,nm,masculine,garage,allez au garage chercher des voitures,go to the garage to get some cars,gaʀaʒ
4882,résolument,adv,,resolutely,il faut se tourner résolument vers l’avenir,you need to be forward-looking,ʀezɔlymɑ͂
4883,négociateur,nadj,masculine,negotiator,les négociateurs restent pratiquement muets,the negotiators are practically keeping mum,"negɔsjatœʀ, -tʀis"
4884,romantique,nadj(f),,romantic,"les romantiques, justement, désiraient toujours au-delà",exactly: romanticists always wanted more,ʀɔmɑ͂tik
4885,obscurité,nf,feminine,darkness,elle commença dans l’obscurité à monter l’escalier,she started to climb the stairs in the dark,ɔpskyʀite
4886,vulgaire,nadj(f),,"vulgar, common, popular",tu es vulgaire,you’re vulgar,vylgɛʀ
4887,soixante-dix,"det,nmi",,seventy,"quand tu auras soixante-dix ans, tu seras toujours toi","when you’re seventy years old, you’ll still be yourself",swasɑ͂tdis
4888,féroce,adj(f),,"ferocious, fierce",son regard était noir et féroce,his glare was dark and ferocious,feʀɔs
4889,perpétuel,adj,,"perpetual, everlasting, never-ending",elle est une tension perpétuelle,she is highly strung,pɛʀpetɥɛl
4890,militer,v,,to militate,nous avons toujours milité contre l’exploitation,we have always mobilized against exploitation,milite
4891,jungle,nf,feminine,jungle,les rebelles ont opéré depuis la jungle,the rebels were operating from the jungle,"ʒœ͂gl, ʒɔ͂gl"
4892,case,nf,feminine,"box, hut, field",je vous laisse choisir la case qui me convient le mieux,I’ll let you choose the box that will fit me the best,kɑz
4893,craquer,v,,"to creak, squeak, crackle, give in, strike",les livres neufs craquaient entre les doigts,the new books were crisp between his fingers,kʀake
4894,clarifier,v,,to clarify,il faut clarifier ces questions maintenant,these questions must be clarified now,klaʀifje
4895,crête,nf,feminine,"crest, top, ridge",un grand nuage noir emmitoufle la crête des montagnes,a large black cloud hugged the crest of the mountains,kʀɛt
4896,traite,nf,feminine,"trade, draft, stretch, milking",je l’ai lue d’une traite,I read it in one sitting,tʀɛt
4897,démarrage,nm,masculine,"start, moving off",généralement le démarrage d’un livre se passe très bien,"generally, starting a book goes very well",demaʀaʒ
4898,oubli,nm,masculine,"forgetting, leaving behind, missing",mais certaines choses méritent l’oubli,some things deserve to be forgotten,ubli
4899,procès-verbal,nm,masculine,"minutes, statement",cette intervention ne figure pas dans le procès-verbal,this speech isn’t included in the transcript,"pʀɔsɛvɛʀbal, o"
4900,formalité,nf,feminine,formality,"oubliez ces formalités, mon enfant","forget these formalities, my child",fɔʀmalite
4901,insensible,adj(f),,insensitive,vous êtes insensible à la raison,you’re unmoved by reason,ɛ͂sɑ͂sibl
4902,distant,adj,,"far-off, distant, faraway",il me fit un salut distant,he waved at me from afar,"distɑ͂, ɑ͂t"
4903,émetteur,nm,masculine,"transmitter, issuer",on va s’acheter un émetteur et on va se promener dans une van,we’re going to buy a transmitter and drive around in a van,emetœʀ
4904,montage,nm,masculine,"assembly, setting, pitching, putting, editing",tout le montage du film s’est fait en digital,all of the editing of the film was done digitally,mɔ͂taʒ
4905,énergique,adj(f),,energetic,je suis très énergique et passionnée,I’m very energetic and passionate,enɛʀʒik
4906,claquer,v,,"to flap, bang, slam, snap",j’avais envie de claquer violemment la porte derrière lui,I wanted to slam the door violently behind him,klake
4907,simplicité,nf,feminine,"simplicity, straightforwardness",la simplicité de ces adieux le toucha,the simplicity of this farewell touched him,sɛ͂plisite
4908,buter,v,,"to stumble, trip, run into, prop up, score",elle s’est butée à toutes sortes de délais,she stumbled into all kinds of delays,byte
4909,bulle,nf,feminine,bubble,ce gouvernement est dans une bulle qui lui cache la réalité,this government is in a bubble that hides it from reality,byl
4910,défavorable,adj(f),,unfavorable,le climat était trop défavorable,the climate was too unfavorable,defavɔʀabl
4911,promoteur,nm,masculine,"promoter, instigator, developer",les promoteurs croient que les salles seront remplies,the promoters think the shows will be sold out,"pʀɔmotœʀ, -tʀis"
4912,albanais,nadj(pl),masculine,Albanian,des snipers albanais avaient ouvert le feu,the Albanian snipers had opened fire,albanɛ
4913,obsession,nf,feminine,obsession,je suis devenue son obsession,I became his obsession,ɔpsesjɔ͂
4914,exciter,v,,"to arouse, waken, excite, turn on",je suis très excitée d’aller voter,I’m very excited to go and vote,ɛksite
4915,voisinage,nm,masculine,neighborhood,tout le voisinage en parle,the whole neighborhood is talking about it,vwazinaʒ
4916,savoir-faire,nmi,masculine,know-how,mon papa est le roi du savoir-faire!,my daddy knows how to do everything!,savwaʀfɛʀ
4917,sévèrement,adv,,"severely, harshly",mon père m’aurait sévèrement corrigé,my father would have severely disciplined me,sevɛʀmɑ͂
4918,écrasant,adj,,"crushing, overwhelming",ce sont des pertes écrasantes pour n’importe quel pays,those would be crushing losses for any country,"ekʀɑzɑ͂, ɑ͂t"
4919,vendu,nadj,masc / fem,"sold, bribed",122.000 billets ont été vendus,"122,000 tickets were sold",vɑ͂dy
4920,munition,nf,feminine,"ammunition, supplies",j’ai acheté toutes les munitions que je voulais,I bought all the ammunition that I wanted,muniˈtsioːn
4921,capturer,v,,"to capture, catch",il faut capturer ce type à tout prix,this guy must be caught at any price,kaptyʀe
4922,compliment,nm,masculine,compliment,merci pour le compliment,thanks for the compliment,kɔ͂plimɑ͂
4923,allouer,v,,to allocate,cinq minutes sont allouées pour deux questions,five minutes are allocated for two questions,alwe
4924,scandaliser,v,,"to shock, scandalize",chaque Américain devrait aussi être scandalisé,every American should also be scandalized,skɑ͂dalize
4925,cassette,nf,feminine,cassette,la cassette vidéo a été retrouvée,the video cassette was found,kasɛt
4926,résident,nm,masculine,"foreign national, foreign resident",j’ai rencontré presque tous les résidents,I met almost all the residents,"ʀezidɑ͂, ɑ͂t"
4927,empresser,v,,"to bustle about, hasten to do",ils se sont empressés d’obéir,they hastened to obey,ɑ͂pʀese
4928,inonder,v,,to flood,il faut inonder les jeunes de messages préventifs,youth must be flooded with preventive messages,inɔ͂de
4929,réglementer,v,,"to regulate, control",une drogue est plus ou moins réglementée,a drug is more or less controlled,ʀɛgləmɑ͂te
4930,sonder,v,,"to probe, poll, sound out","je viens sonder, pour une sondation","I’m here to take a poll, for a poll",sɔ͂de
4931,vigilant,adj,,"vigilant, watchful",nous devons rester vigilants et critiques,we must remain vigilant and critical,"viʒilɑ͂, ɑ͂t"
4932,rhétorique,nadj(f),feminine,"rhetorical, rhetoric",la rhétorique des moralistes latins refleuris- sait,the rhetoric of the Latin moralists blossomedanew,ʀetɔʀik
4933,cage,nf,feminine,cage,on devrait les mettre en cage et faire payer l’entrée,we should put them in a cage and make them pay the entrance fee,kaʒ
4934,réglé,adj,,"regular, steady, well-ordered, ruled","si tout est réglé, on peut y aller","if everything’s set up, we can go",ʀegle
4935,téléspectateur,nm,masculine,TV viewer,il y avait des millions de téléspectateurs,there were millions of TV viewers,"telespɛktatœʀ, -tʀis"
4936,golf,nm,masculine,"golf, golf course",ils jouent au golf ensemble,they play golf together,gɔlf
4937,forestier,nadj,,"forest, forester",l’industrie forestière est très importante,the forest industry is very important,"fɔʀɛstje, -jɛʀ"
4938,hum,intj,,"um, uh","hum, je suis nerveux, seulement","uh, I’m just nervous",ˊœm
4939,ravager,v,,"to ravage, devastate","la peste ravage Londres, mais Paris est épargnée","the plague ravages London, but Paris is spared",ʀavaʒe
4940,réveil,nm,masculine,"waking up, awakening, alarm clock","sur ma table de nuit, le réveil indiquait cinq heures","on my night table, the alarm clock indicated five o’clock",ʀevɛj
4941,racial,adj,,racial,la préférence raciale joue depuis longtemps dans le recrutement,racial preference has long figured in recruitment,"ʀasjal, jo"
4942,ensuivre,v,,"to follow, result, ensue",il dit qu’il va s’ensuivre une augmentation du tourisme,he says that an increase in tourism is going to follow,ɑ͂sɥivʀ
4943,relevé,nadj,masculine,"statement, list; relieved; put in relief; rolled up","navré, mais vous êtes relevé de vos fonctions","so sorry, but you’re relieved of your functions","ʀəl(ə)ve, ʀ(ə)ləve"
4944,ajourner,v,,"to adjourn, defer, postpone",je suis prête à ajourner le débat,I’m ready to adjourn the debate,aʒuʀne
4945,détérioration,nf,feminine,deterioration,la poste vous dédommagera de la détérioration des colis,the post office will reimburse you for damaged packages,deteʀjɔʀasjɔ͂
4946,viable,adj(f),,"viable, workable",la négociation est le seul moyen viable de résoudre le conflit,negotiation is the only viable means to resolve this conflict,vjabl
4947,cochon,nadj,masculine,pig,on mange comme des cochons,we’re eating like pigs,kɔʃɔ͂
4948,barbare,nadj(f),masc / fem,barbaric; barbarian,je viens de voir les barbares détruire un continent,I have just seen barbarians destroying a continent,baʀbaʀ
4949,atroce,adj(f),,atrocious,tu as couché avec cet atroce barbu?,you had sex with that atrocious bearded loser?,atʀɔs
4950,civique,adj(f),,civil; civics,les droits civiques sont accordés aux 336.000 Arabes israéliens,"civil rights are granted to the 336,000 Israeli Arabs",sivik
4951,ancrer,v,,to anchor,ces valeurs sont fermement ancrées dans notre héritage,these values are firmly anchored in our heritage,ɑ͂kʀe
4952,raccrocher,v,,to hang up,j’ai décidé de raccrocher ma toge,I decided to hang up my toga,ʀakʀɔʃe
4953,cirque,nm,masculine,circus; cirque,nous allâmes en excursion au cirque,we went on an outing to the circus,siʀk
4954,législature,nf,feminine,legislature,cette nouvelle législature a une occasion unique dans l’histoire,this new legislature has a unique occasion in history,leʒislatyʀ
4955,audiovisuel,nadj,masculine,audio-visual,"depuis cette date, le paysage audiovisuel français a changé","since that date, the French audiovisual landscape has changed",odjovisɥɛl
4956,confiner,v,,to confine,le plasma reste confiné à la surface du solide,the plasma remains confined to the surface of the solid,kɔ͂fine
4957,agrandir,v,,"to enlarge, extend",cliquez sur l’image pour agrandir la carte,click on the picture to enlarge the map,agʀɑ͂diʀ
4958,occasionner,v,,"to cause, give rise to",le conflit occasionne des pertes énormes,the conflict is causing enormous losses,ɔkazjɔne
4959,allégement,nm,masculine,"lightening, unweighting, reduction",il a effectué un allégement général des impôts,he implemented overall tax relief,alɛʒmɑ͂
4960,malin,nadj,,"smart, shrewd, cunning","enfin, il faut être malin, très malin","well, you have to be shrewd, very shrewd","malɛ͂, maliɲ"
4961,performant,adj,,"productive, efficient",je veux rester performant et ne pas avoir une fin de carrière,I want to stay productive and not have my career end,"pɛʀfɔʀmɑ͂, ɑ͂t"
4962,sérénité,nf,feminine,"serenity, peacefulness",le temps était d’une sérénité désespérante,time had a desperate clarity,seʀenite
4963,cuire,v,,"to cook, bake, roast",on dit que le spaghetti est cuit s’il reste collé,they say that spaghetti is cooked if it sticks together,kɥiʀ
4964,raser,v,,"to shave, raze",ils avaient tous le crâne rasé,they all had shaved heads,ʀɑze
4965,ha,intj,,oh,ha. ha. très drôle,ha. ha. very funny,ɛktaʀ
4966,revivre,v,,"to live again, come back life, revive",il lui faut un souvenir pour revivre l’événe- ment,he needs a souvenir to relive the event,ʀ(ə)vivʀ
4967,piano,"adv,nm",masculine,piano,elle retournait au piano et recommençait à jouer,she returned to the piano and resumed playing,pjano
4968,concertation,nf,feminine,"meeting, consultation","il faut travailler ensemble plus, en concertation","we must work together more, in consultation",kɔ͂sɛʀtasjɔ͂
4969,vaisseau,nm,masculine,"ship, vessel",faites un diagnostic complet du vaisseau,perform a complete check of the ship,vɛso
4970,interaction,nf,feminine,interaction,on est en interaction avec les membres de l’équipe des émissions,we’re interacting with the members of the broadcast team,ɛ͂tɛʀaksjɔ͂
4971,pessimiste,nadj(f),masc / fem,pessimistic; pessimist,je ne suis pas aussi pessimiste que lui,I’m not as pessimistic as he is,pesimist
4972,sillage,nm,masculine,"wake, slipstream",j’étais dans le sillage de Nicolas Sarkozy,I was in the wake of Nicolas Sarkozy,sijaʒ
4973,synonyme,nadj(f),masculine,synonymous; synonym,la Communauté européenne n’est plus synonyme de l’Europe,the European Union is no longer synonymous with Europe,sinɔnim
4974,hisser,v,,"to hoist, raise up",nous voulons maintenant hisser la barre encore plus haut,now we want to raise the bar even higher,ˊise
4975,agréer,v,,"to accept, approve of","veuillez agréer, monsieur, mes salutations distinguées",sincerely yours,agʀee
4976,comble,nadj(f),masculine,"despair; summit, overmeasure; roof","comble du malheur, COOL-FM a changé d’orientation",depths of unhappiness: COOL-FM has changed its orientation,kɔ͂bl
4977,bosniaque,nadj(f),masc / fem,Bosnian,le gouvernement bosniaque a accepté le plan de paix,the Bosnian government accepted the peace plan,bɔsnjak
4978,insignifiant,adj,,"insignificant, unimportant","nous parlions de choses insignifiantes, avec gaieté",we were merrily talking of insignificant things,"ɛ͂siɲifjɑ͂, jɑ͂t"
4979,décoller,v,,"to take off; to loosen, unstick","s’ils décollent, les otages sont morts","if they take off, the hostages are dead",dekɔle
4980,solidaire,adj(f),,"interdependent, jointly dependent",on cesse de se sentir responsable et solidaire d’autrui,we’re ceasing to feel responsible for others and interdependent with them,sɔlidɛʀ
4981,ferroviaire,adj(f),,"railway, rail",le trafic ferroviaire régional a été interrompu,regional railway traffic has been inter- rupted,fɛʀɔvjɛʀ
4982,dépouiller,v,,"to skin, strip away, deprive, analyze",il faut savoir se dépouiller de très belles choses,you have to know how to rid yourself of very pretty things,depuje
4983,céréale,nf,feminine,cereal,les céréales sont le premier solde excéden- taire de la France,cereals are the leading surplus commodity of France,seʀeal
4984,aménager,v,,"to develop, plan, fit, adjust",l’avion aménagé en hôpital volant était attendu mercredi,the airplane outfitted as a flying hospital was expected Wednesday,amenaʒe
4985,agitation,nf,feminine,"agitation, excitement",il semble indifférent à l’agitation dont il est cause,he seems unaffected by the agitation he has caused,aʒitasjɔ͂
4986,exode,nm,masculine,exodus,je contemple l’énorme exode des campag- nards,I’m pondering the enormous exodus of country-dwellers,ɛgzɔd
4987,aire,nf,feminine,"surface, area",les déchets de l’aire métropolitaine continueront de s’accumuler,the trash from the metropolitain area will continue to accumulate,ɛʀ
4988,orgueil,nm,masculine,pride,"ça flatte ton orgueil de mâle, ça, hein?","that strokes your male ego, eh?",ɔʀgœj
4989,socialisme,nm,masculine,socialism,c’est le grand défi du socialisme du XXIe siècle,it’s the grand challenge for socialism in the 21st century,sɔsjalism
4990,harmonisation,nf,feminine,harmonization,il y aura aussi un régime d’harmonisation des lois environnementales,there will also be a system for harmonizing environmental laws,aʀmɔnizasjɔ͂
4991,provisoirement,adv,,"temporarily, provisionally",je décidai provisoirement de m’en contenter,I decided to be happy with it for the time being,pʀɔvizwaʀmɑ͂
4992,cocktail,nm,masculine,"cocktail, cocktail party",tu es capable de faire des cocktails assez élaborés?,are you able to make fairly fancy cocktails?,kɔktɛl
4993,moyenne,nf,feminine,average,les chercheurs font en moyenne une carrière beaucoup plus courte,researchers on average have a much shorter career,mwajɛn
4994,rigoler,v,,"to laugh,",ça rigole pas au labo!,no laughing in the lab!,ʀigɔle
4995,compression,nf,feminine,"compression; cutback, reduction",toutes les compressions ont eu un prix très élevé,all of the cutbacks have exacted a very heavy price,kɔ͂pʀesjɔ͂
4996,réfléchi,adj,,"thoughtful, well thought out",nous devrions agir de façon réfléchie et responsable,we should act in a thoughtful and responsible manner,ʀefleʃi
4997,expérimenter,v,,to experiment,les skieurs peu expérimentés devraient renoncer aux courses,inexperienced skiers should forego racing,ɛkspeʀimɑ͂te
4998,détériorer,v,,to deteriorate,il a laissé nos routes se détériorer et se désintégrer,he has let our roads deterio- rate and disintegrate,deteʀjɔʀe
4999,exprès,"adj(pl),adv",,"deliberately, on purpose, intentionally",je ne le fais pas exprès ou plutôt ce n’est pas conscient,"I don’t do it on purpose, or rather it’s not conscious","ɛkspʀɛ, -ɛs"
5000,écrouler,v,,"to collapse, tumble","on le trouva mort, écroulé dans les W.C.","they found him dead, collapsed in the restroom",ekʀule
5001,travailler,v,,to work,,,
5002,légèrement,adv,,slightly,,,
5003,constamment,adv,,constantly,,,
5004,fureur,n,feminine,fury,,,
5005,pétrir,v,,to knead,,,
5006,renommée,n,feminine,"fame, reputation",,,
5007,particule,n,feminine,particle,,,
5008,souper,v/n,masculine,"to have supper, supper",,,
5009,calculateur,n,masculine,calculator,,,
5010,clavier,n,masculine,keyboard,,,
5011,stricte,adj,,strict,,,
5012,étincelle,n,feminine,spark,,,
5013,bureaucratie,n,feminine,bureaucracy,,,
5014,baron,n,masculine,baron,,,
5015,bouclier,n,masculine,shield,,,
5016,broyer,v,,to grind/crush,,,
5017,bureaucratique,adj,,bureaucratic,,,
5018,statique,adj,,static,,,
5019,étirer,v,,to stretch,,,
5020,stérilisations,n,feminine-plural,sterilizations,,,
5021,boulanger,n,masculine,baker,,,
5022,rivalité,n,feminine,rivalry,,,
5023,bonbon,n,masculine,candy,,,
5024,boussole,n,feminine,compass,,,
5025,gourmand,adj,masculine,"greedy, gourmet",,,
5026,bougie,n,feminine,candle,,,
5027,climatisation,n,feminine,air conditioning,,,
5028,vitalité,n,feminine,vitality,,,
5029,gouvernante,n,feminine,governess,,,
5030,boulangerie,n,feminine,bakery,,,
5031,coordonnée,n,feminine,coordinate,,,
5032,cliquetis,n,masculine,clicking/ticking sound,,,
5033,bouffée,n,feminine,puff/whiff,,,
5034,bouillir,v,,to boil,,,
5035,steward,n,masculine,steward/flight attendant,,,
5036,rivaliser,v,,to compete/rival,,,
5037,clochard,n,masculine,homeless person,,,
5038,boutonner,v,,to button up,,,
5039,stagiaire,n,masc / fem,intern,,,
5040,clic,n,masculine,click,,,
5041,clignotant,n/adj,masculine,"flashing, turn signal",,,
5042,clinicien,n,masculine,clinician,,,
5043,clins,n,masculine-plural,winks,,,
5044,cliver,v,,to cleave/split,,,
5045,clivage,n,masculine,cleavage/split,,,
5046,cloison,n,feminine,partition/wall,,,
5047,clonage,n,masculine,cloning,,,
5048,clone,n,masculine,clone,,,
5049,cloner,v,,to clone,,,
5050,clos,adj,,closed/shut,,,
5051,clôturer,v,,to close/fence in,,,
5052,clou,n,masculine,nail,,,
5053,coagulation,n,feminine,coagulation,,,
5054,cobaye,n,masculine,guinea pig,,,
5055,bocaux,n,masculine-plural,jars,,,
5056,codification,n,feminine,codification,,,
5057,codifier,v,,to codify,,,
5058,coefficient,n,masculine,coefficient,,,
5059,coéquipier,n,masculine,teammate,,,
5060,coercition,n,feminine,coercion,,,
5061,coexistence,n,feminine,coexistence,,,
5062,coexister,v,,to coexist,,,
5063,coffret,n,masculine,box/case,,,
5064,cognition,n,feminine,cognition,,,
5065,cognitif,adj,,cognitive,,,
5066,cohabitation,n,feminine,cohabitation,,,
5067,cohabiter,v,,to cohabit,,,
5068,cohorte,n,feminine,cohort,,,
5069,coiffe,n,feminine,headgear/cap,,,
5070,coiffer,v,,to style hair/to cap,,,
5071,coiffeur,n,masculine,hairdresser,,,
5072,coiffure,n,feminine,hairstyle,,,
5073,coincé,adj,,stuck,,,
5074,coincement,n,masculine,jamming/wedging,,,
5075,coléreux,adj,,irascible/quick-tempered,,,
5076,colibri,n,masculine,hummingbird,,,
5077,colis,n,masculine,parcel,,,
5078,collaboratrice,n,feminine,collaborator (f),,,
5079,collage,n,masculine,collage/pasting,,,
5080,collant,adj/n,masculine,sticky/tights,,,
5081,collation,n,feminine,snack,,,
5082,colle,n,feminine,glue,,,
5083,collecte,n,feminine,collection/drive,,,
5084,collecter,v,,to collect,,,
5085,collecteur,n,masculine,collector,,,
5086,collectionner,v,,to collect,,,
5087,collectionneur,n,masculine,collector,,,
5088,collectivement,adv,,collectively,,,
5089,collégial,adj,,collegial,,,
5090,collerette,n,feminine,ruff/collar,,,
5091,collet,n,masculine,collar,,,
5092,collier,n,masculine,necklace,,,
5093,collision,n,feminine,collision,,,
5094,colloque,n,masculine,symposium/colloquium,,,
5095,colombe,n,feminine,dove,,,
5096,colonialisme,n,masculine,colonialism,,,
5097,colonisation,n,feminine,colonization,,,
5098,coloniser,v,,to colonize,,,
5099,colonnade,n,feminine,colonnade,,,
5100,colorant,n,masculine,dye/coloring,,,
5101,coloration,n,feminine,coloring,,,
5102,colorer,v,,to color,,,
5103,coloriage,n,masculine,coloring (activity),,,
5104,colorier,v,,to color in,,,
5105,coloris,n,masculine,color/tint,,,
5106,colossal,adj,,colossal,,,
5107,colosse,n,masculine,colossus,,,
5108,combativité,n,feminine,combativeness,,,
5109,combiné,n,masculine,handset/combination,,,
5110,combustion,n,feminine,combustion,,,
5111,comestible,adj,,edible,,,
5112,comète,n,feminine,comet,,,
5113,commanditaire,n,masc / fem,sponsor/backer,,,
5114,commensurable,adj,,commensurable,,,
5115,commentateur,n,masculine,commentator,,,
5116,commercialisation,n,feminine,commercialization,,,
5117,commercialiser,v,,to commercialize,,,
5118,commère,n,feminine,gossip,,,
5119,commis,n,masculine,clerk,,,
5120,commisération,n,feminine,commiseration,,,
5121,commissionnaire,n,masc / fem,messenger/agent,,,
5122,commissionner,v,,to commission,,,
5123,commissure,n,feminine,commissure,,,
5124,commode,adj/n,feminine,convenient/chest of drawers,,,
5125,commodité,n,feminine,convenience,,,
5126,commotion,n,feminine,commotion/concussion,,,
5127,communal,adj,,communal/municipal,,,
5128,communément,adv,,commonly,,,
5129,communier,v,,to take communion,,,
5130,communion,n,feminine,communion,,,
5131,commutateur,n,masculine,switch,,,
5132,commuter,v,,to commute,,,
5133,compacité,n,feminine,compactness,,,
5134,comparatif,adj/n,masculine,comparative,,,
5135,comparativement,adv,,comparatively,,,
5136,compartiment,n,masculine,compartment,,,
5137,compartimenter,v,,to compartmentalize,,,
5138,compas,n,masculine,compass (drawing),,,
5139,compatible,adj,,compatible,,,
5140,compère,n,masculine,accomplice/crony,,,
5141,compilation,n,feminine,compilation,,,
5142,compiler,v,,to compile,,,
5143,complainte,n,feminine,lament,,,
5144,complaire,v,,to please,,,
5145,complaisance,n,feminine,complaisance/compliance,,,
5146,complaisant,adj,,complaisant/obliging,,,
5147,complimenter,v,,to compliment,,,
5148,complois,n,masculine-plural,(archaic) plot/agreement,,,
5149,comploter,v,,to plot/conspire,,,
5150,componction,n,feminine,compunction,,,
5151,composite,adj,,composite,,,
5152,compositeur,n,masculine,composer,,,
5153,compost,n,masculine,compost,,,
5154,composter,v,,to compost/validate ticket,,,
5155,compote,n,feminine,stewed fruit/compote,,,
5156,compresse,n,feminine,compress/bandage,,,
5157,compresser,v,,to compress,,,
5158,compresseur,n,masculine,compressor,,,
5159,comprimé,n/adj,masculine,tablet/compressed,,,
5160,comprimer,v,,to compress/suppress,,,
5161,comptage,n,masculine,counting,,,
5162,compte-gouttes,n,masculine,dropper,,,
5163,compte-rendu,n,masculine,report/minutes,,,
5164,compteur,n,masculine,counter/meter,,,
5165,compulser,v,,to consult/read through,,,
5166,compulsion,n,feminine,compulsion,,,
5167,compulsif,adj,,compulsive,,,
5168,computation,n,feminine,computation,,,
5169,computationnel,adj,,computational,,,
5170,comtesse,n,feminine,countess,,,
5171,concasser,v,,to crush/coarsely grind,,,
5172,concave,adj,,concave,,,
5173,concentré,adj/n,masculine,concentrated/concentrate,,,
5174,concepteur,n,masculine,designer,,,
5175,conceptuel,adj,,conceptual,,,
5176,concerto,n,masculine,concerto,,,
5177,concessionnaire,n,masc / fem,dealer/concessionaire,,,
5178,concevable,adj,,conceivable,,,
5179,conchoïdal,adj,,conchoidal,,,
5180,concierge,n,masc / fem,caretaker/janitor,,,
5181,conciergerie,n,feminine,caretaker's lodge,,,
5182,conciliant,adj,,conciliatory,,,
5183,conciliateur,n,masculine,conciliator,,,
5184,conciliation,n,feminine,conciliation,,,
5185,concis,adj,,concise,,,
5186,conclave,n,masculine,conclave,,,
5187,concomitant,adj,,concomitant,,,
5188,concordance,n,feminine,concordance/agreement,,,
5189,concordant,adj,,concordant,,,
5190,concorde,n,feminine,harmony/concord,,,
5191,concorder,v,,to agree/correspond,,,
5192,concordat,n,masculine,concordat,,,
5193,concourir,v,,to compete/concur,,,
5194,concrétisation,n,feminine,concretization,,,
5195,concrétion,n,feminine,concretion,,,
5196,concubinage,n,masculine,cohabitation,,,
5197,concupiscence,n,feminine,concupiscence,,,
5198,concussion,n,feminine,concussion/graft,,,
5199,condamnable,adj,,reprehensible,,,
5200,condensation,n,feminine,condensation,,,
5201,condenser,v,,to condense,,,
5202,condenseur,n,masculine,condenser,,,
5203,condescendance,n,feminine,condescension,,,
5204,condescendant,adj,,condescending,,,
5205,condescendre,v,,to condescend,,,
5206,condiment,n,masculine,condiment,,,
5207,conditionnement,n,masculine,conditioning/packaging,,,
5208,conditionner,v,,to condition/package,,,
5209,condoléances,n,feminine-plural,condolences,,,
5210,condor,n,masculine,condor,,,
5211,conductibilité,n,feminine,conductibility,,,
5212,conduction,n,feminine,conduction,,,
5213,conductivité,n,feminine,conductivity,,,
5214,cône,n,masculine,cone,,,
5215,confection,n,feminine,manufacture/ready-made clothes,,,
5216,confectionner,v,,to make/manufacture,,,
5217,confédéral,adj,,confederal,,,
5218,confédérer,v,,to confederate,,,
5219,conférencier,n,masculine,speaker/lecturer,,,
5220,confesser,v,,to confess,,,
5221,confessional,adj,masculine,confessional,,,
5222,confetti,n,masculine,confetti,,,
5223,confidence,n,feminine,secret/confidence,,,
5224,confident,n,masculine,confidant,,,
5225,confidentiellement,adv,,confidentially,,,
5226,configurer,v,,to configure,,,
5227,confinements,n,masculine-plural,lockdowns,,,
5228,confiler,v,,to (archaic) bind/connect,,,
5229,confinier,n,,(archaic) neighbor,,,
5230,confins,n,masculine-plural,confines/borders,,,
5231,confiscation,n,feminine,confiscation,,,
5232,confisquer,v,,to confiscate,,,
5233,confit,adj/n,masculine,preserved/confit,,,
5234,confiture,n,feminine,jam,,,
5235,confluent,n,masculine,confluence,,,
5236,confondu,adj,,confounded/mixed up,,,
5237,conformation,n,feminine,conformation,,,
5238,conformisme,n,masculine,conformism,,,
5239,confortablement,adv,,comfortably,,,
5240,conforter,v,,to strengthen/comfort,,,
5241,confrérie,n,feminine,brotherhood,,,
5242,congélateur,n,masculine,freezer,,,
5243,congélation,n,feminine,freezing,,,
5244,congeler,v,,to freeze,,,
5245,congénital,adj,,congenital,,,
5246,congestion,n,feminine,congestion,,,
5247,congestionner,v,,to congest,,,
5248,conglomérat,n,masculine,conglomerate,,,
5249,congratuler,v,,to congratulate,,,
5250,congressiste,n,masc / fem,congress member,,,
5251,congru,adj,,congruous,,,
5252,congruence,n,feminine,congruence,,,
5253,conifère,n,masculine,conifer,,,
5254,conique,adj,,conical,,,
5255,conjecture,n,feminine,conjecture,,,
5256,conjonctivite,n,feminine,conjunctivitis,,,
5257,conjonction,n,feminine,conjunction,,,
5258,conjugaison,n,feminine,conjugation,,,
5259,conjuguer,v,,to conjugate,,,
5260,conjuration,n,feminine,conspiracy/adjuration,,,
5261,conjuré,n,masculine,conspirator,,,
5262,conjurer,v,,to implore/avert,,,
5263,connaissances,n,feminine-plural,knowledge/acquaintances,,,
5264,connaisseur,n,masculine,connoisseur,,,
5265,connecteur,n,masculine,connector,,,
5266,connectique,n,feminine,connectivity/cables,,,
5267,connivence,n,feminine,connivance,,,
5268,connotation,n,feminine,connotation,,,
5269,connoter,v,,to connote,,,
5270,connu,adj,,known,,,
5271,conard,n,masculine,(slang) jerk,,,
5272,conquérant,n,masculine,conqueror,,,
5273,consanguin,adj,,consanguineous,,,
5274,consanguinité,n,feminine,consanguinity,,,
5275,consciencieux,adj,,conscientious,,,
5276,conscription,n,feminine,conscription,,,
5277,consécrateur,n,masculine,consecrator,,,
5278,consécration,n,feminine,consecration,,,
5279,consécutivement,adv,,consecutively,,,
5280,conseillère,n,feminine,advisor (f),,,
5281,conservatisme,n,masculine,conservatism,,,
5282,conservatoire,n,masculine,conservatory,,,
5283,conserve,n,feminine,canned food,,,
5284,consigner,v,,to record/detain,,,
5285,consistance,n,feminine,consistency,,,
5286,consistant,adj,,consistent/solid,,,
5287,consoeur,n,feminine,female colleague,,,
5288,consolation,n,feminine,consolation,,,
5289,consoler,v,,to console,,,
5290,consolidation,n,feminine,consolidation,,,
5291,consommable,adj,masculine,consumable,,,
5292,consommatrice,n,feminine,consumer (f),,,
5293,consommé,n,masculine,clear soup,,,
5294,consomption,n,feminine,consumption (wasting away),,,
5295,consonance,n,feminine,consonance,,,
5296,consonne,n,feminine,consonant,,,
5297,consortium,n,masculine,consortium,,,
5298,conspirateur,n,masculine,conspirator,,,
5299,conspiration,n,feminine,conspiracy,,,
5300,conspirer,v,,to conspire,,,
5301,constable,n,masculine,constable,,,
5302,constance,n,feminine,constancy,,,
5303,constatations,n,feminine-plural,findings/observations,,,
5304,constellation,n,feminine,constellation,,,
5305,consternation,n,feminine,consternation,,,
5306,consterner,v,,to dismay,,,
5307,constipation,n,feminine,constipation,,,
5308,constipé,adj,,constipated,,,
5309,constituant,n/adj,masculine,constituent,,,
5310,constitutif,adj,,constitutive,,,
5311,constitutionnalité,n,feminine,constitutionality,,,
5312,consul,n,masculine,consul,,,
5313,consulaire,adj,,consular,,,
5314,consulat,n,masculine,consulate,,,
5315,consultant,n,masculine,consultant,,,
5316,consumérisme,n,masculine,consumerism,,,
5317,consumer,v,,to consume/burn up,,,
5318,contage,n,masculine,contagion,,,
5319,contagieux,adj,,contagious,,,
5320,contagion,n,feminine,contagion,,,
5321,contamination,n,feminine,contamination,,,
5322,con conte,n,masculine,(typo in source) tale,,,
5323,contemplation,n,feminine,contemplation,,,
5324,contempler,v,,to contemplate,,,
5325,contenance,n,feminine,capacity/bearing,,,
5326,contenant,n,masculine,container,,,
5327,contentement,n,masculine,contentment,,,
5328,contentieux,n/adj,masculine,dispute/contentious,,,
5329,conter,v,,to tell (a story),,,
5330,contextuel,adj,,contextual,,,
5331,contexter,v,,to put into context,,,
5332,contigu,adj,,contiguous,,,
5333,contiguïté,n,feminine,contiguity,,,
5334,continence,n,feminine,continence,,,
5335,contingence,n,feminine,contingency,,,
5336,continuel,adj,,continual,,,
5337,continuum,n,masculine,continuum,,,
5338,contonder,v,,to bruise (medical),,,
5339,contondant,adj,,blunt (object),,,
5340,contour,n,masculine,outline,,,
5341,contractant,n,masculine,contracting party,,,
5342,contraction,n,feminine,contraction,,,
5343,contractuel,adj,masculine,contractual,,,
5344,contralto,n,masc / fem,contralto,,,
5345,contrariété,n,feminine,annoyance/setback,,,
5346,contraste,n,masculine,contrast,,,
5347,contraster,v,,to contrast,,,
5348,contrat-cadre,n,masculine,framework agreement,,,
5349,contravention,n,feminine,fine/violation,,,
5350,contre-attaques,n,feminine-plural,counter-attacks,,,
5351,contre-attaquer,v,,to counter-attack,,,
5352,contrebalancer,v,,to counterbalance,,,
5353,contrebande,n,feminine,smuggling,,,
5354,contrebandier,n,masculine,smuggler,,,
5355,contrecarrer,v,,to thwart,,,
5356,contrecœur,adv,masculine,reluctantly (à contre-cœur),,,
5357,contrecoup,n,masculine,repercussion,,,
5358,contredits,n,masculine-plural,contradictions,,,
5359,contrée,n,feminine,region/land,,,
5360,contre-expertise,n,feminine,second opinion/expert review,,,
5361,contrefaçon,n,feminine,counterfeit,,,
5362,contrefaire,v,,to counterfeit/mimic,,,
5363,contrefort,n,masculine,buttress/foothill,,,
5364,contre-indiquer,v,,to contraindicate,,,
5365,contre-indication,n,feminine,contraindication,,,
5366,contre-maître,n,masc / fem,foreman,,,
5367,contremaître,n,masc / fem,foreman,,,
5368,contre-mesure,n,feminine,countermeasure,,,
5369,contre-pied,n,masculine,wrong foot (taking someone by),,,
5370,contre-pouvoir,n,masculine,counterpower,,,
5371,contresens,n,masculine,mistranslation/wrong way,,,
5372,contresignations,n,feminine-plural,countersignatures,,,
5373,contresigner,v,,to countersign,,,
5374,contretemps,n,masculine,setback/delay,,,
5375,contrevenir,v,,to contravene/violate,,,
5376,contre-vérité,n,feminine,falsehood,,,
5377,contrition,n,feminine,contrition,,,
5378,contrôlable,adj,,controllable,,,
5379,controuver,v,,to fabricate/invent,,,
5380,controverses,n,feminine-plural,controversies,,,
5381,controverser,v,,to contest/dispute,,,
5382,contuse,adj,,bruised,,,
5383,contusion,n,feminine,bruise/contusion,,,
5384,convalescence,n,feminine,convalescence,,,
5385,convalescent,n,masculine,convalescent,,,
5386,convenablement,adv,,suitably,,,
5387,convenance,n,feminine,propriety/convenience,,,
5388,conventionnellement,adv,,conventionally,,,
5389,convergence,n,feminine,convergence,,,
5390,convergent,adj,,convergent,,,
5391,converger,v,,to converge,,,
5392,converser,v,,to converse,,,
5393,converti,n/adj,masculine,convert,,,
5394,convertisseur,n,masculine,converter,,,
5395,convexe,adj,,convex,,,
5396,convexité,n,feminine,convexity,,,
5397,convive,n,masc / fem,guest (at a meal),,,
5398,convocation,n,feminine,summons/meeting notice,,,
5399,convoitise,n,feminine,greed/covetousness,,,
5400,convoiter,v,,to covet,,,
5401,convoyer,v,,to escort/convey,,,
5402,convoyeur,n,masculine,escort/transporter,,,
5403,convulsion,n,feminine,convulsion,,,
5404,convulsif,adj,,convulsive,,,
5405,coopérative,n,feminine,cooperative,,,
5406,coopérateur,n,masculine,cooperator,,,
5407,coordonnateur,n,masculine,coordinator,,,
5408,copieur,n,masculine,copycat/photocopier,,,
5409,copieusement,adv,,copiously,,,
5410,copieux,adj,,copious/hearty,,,
5411,copropriété,n,feminine,joint ownership/condo,,,
5412,copropriétaire,n,masc / fem,co-owner,,,
5413,copule,n,feminine,copula,,,
5414,coq,n,masculine,rooster,,,
5415,coquelicot,n,masculine,poppy,,,
5416,coquet,adj,,trim/pretty/coquettish,,,
5417,coquetterie,n,feminine,coquetry/prettiness,,,
5418,cor,n,masculine,horn/callus,,,
5419,corail,n,masculine,coral,,,
5420,coran,n,masculine,Quran,,,
5421,coranique,adj,,Quranic,,,
5422,corbeau,n,masculine,raven,,,
5423,corbeille,n,feminine,basket,,,
5424,cordage,n,masculine,rope/rigging,,,
5425,cordial,adj,,cordial/hearty,,,
5426,cordialité,n,feminine,cordiality,,,
5427,cordonnier,n,masculine,shoemaker,,,
5428,coriace,adj,,tough/leathery,,,
5429,corne,n,feminine,horn,,,
5430,cornée,n,feminine,cornea,,,
5431,corneille,n,feminine,crow,,,
5432,cornemuse,n,feminine,bagpipes,,,
5433,corner,v,,to sound a horn/dog-ear,,,
5434,cornet,n,masculine,cornet/cone,,,
5435,corniche,n,feminine,cornice/ledge,,,
5436,cornichon,n,masculine,pickle,,,
5437,corolle,n,feminine,corolla,,,
5438,corporatif,adj,,corporative,,,
5439,corporatisme,n,masculine,corporatism,,,
5440,corporation,n,feminine,corporation/guild,,,
5441,corporel,adj,,bodily/physical,,,
5442,corpulence,n,feminine,corpulence,,,
5443,corpulent,adj,,corpulent/stout,,,
5444,corpus,n,masculine,corpus,,,
5445,correcteur,n,masculine,corrector/proofreader,,,
5446,correctif,adj/n,masculine,corrective,,,
5447,correctionnel,adj,,correctional (legal),,,
5448,corrélatif,adj,,correlative,,,
5449,corrélation,n,feminine,correlation,,,
5450,corréler,v,,to correlate,,,
5451,corridor,n,masculine,corridor/hallway,,,
5452,corroboration,n,feminine,corroboration,,,
5453,corroborer,v,,to corroborate,,,
5454,corroder,v,,to corrode,,,
5455,corrosif,adj,,corrosive,,,
5456,corrosion,n,feminine,corrosion,,,
5457,corrompu,adj,,corrupt,,,
5458,corrupteur,n,masculine,corruptor,,,
5459,corsage,n,masculine,bodice/blouse,,,
5460,corse,adj/n,masc / fem,Corsican,,,
5461,corser,v,,to spice up/strengthen,,,
5462,corset,n,masculine,corset,,,
5463,cortège,n,masculine,procession,,,
5464,cortex,n,masculine,cortex,,,
5465,corvée,n,feminine,drudgery/chore,,,
5466,cosmétique,adj/n,masculine,cosmetic,,,
5467,cosmique,adj,,cosmic,,,
5468,cosmonaute,n,masc / fem,cosmonaut,,,
5469,cosmos,n,masculine,cosmos,,,
5470,cosse,n,feminine,pod/hull,,,
5471,costaud,adj,,strong/sturdy,,,
5472,costumer,v,,to costume/dress up,,,
5473,cotant,adj,,quoting,,,
5474,cotation,n,feminine,quotation/rating,,,
5475,coteau,n,masculine,hillside,,,
5476,côtelette,n,feminine,cutlet/chop,,,
5477,coterie,n,feminine,clique,,,
5478,côtier,adj,,coastal,,,
5479,cotiser,v,,to contribute (dues),,,
5480,cotonnade,n,feminine,cotton fabric,,,
5481,côtoyer,v,,to rub shoulders with,,,
5482,cottage,n,masculine,cottage,,,
5483,couard,adj,masculine,cowardly,,,
5484,couardise,n,feminine,cowardice,,,
5485,couchage,n,masculine,sleeping/bedding,,,
5486,couchant,n,masculine,sunset/west,,,
5487,couchette,n,feminine,bunk/sleeping berth,,,
5488,coucou,n,masculine,cuckoo/hello (informal),,,
5489,couder,v,,to bend,,,
5490,coudoyer,v,,to elbow/rub shoulders,,,
5491,coudre,v,,to sew,,,
5492,coudrier,n,masculine,hazel tree,,,
5493,couenne,n,feminine,rind/pork skin,,,
5494,couleuvre,n,feminine,grass snake,,,
5495,coulis,n,masculine,coulis/sauce,,,
5496,coulisser,v,,to slide,,,
5497,coupé,n,masculine,coupe (car),,,
5498,couperet,n,masculine,cleaver/chopper,,,
5499,coupler,v,,to couple/pair,,,
5500,couplet,n,masculine,verse/stanza,,,
5501,coupon,n,masculine,coupon,,,
5502,crapaud,n,masculine,toad,,,
5503,crapule,n,feminine,scoundrel,,,
5504,craquement,n,masculine,cracking/creaking,,,
5505,crasse,n,feminine,filth/grime,,,
5506,crasseux,adj,,filthy/grimy,,,
5507,cratère,n,masculine,crater,,,
5508,cravate,n,feminine,tie,,,
5509,crayon,n,masculine,pencil,,,
5510,crayonner,v,,to sketch/draw,,,
5511,créance,n,feminine,claim/debt owed,,,
5512,créancier,n,masculine,creditor,,,
5513,créatice,adj/n,feminine,creative (fem),,,
5514,créativité,n,feminine,creativity,,,
5515,crèche,n,,nursery/daycare,,,
5516,crédence,n,feminine,sideboard/credenza,,,
5517,créditer,v,,to credit,,,
5518,crémation,n,feminine,cremation,,,
5519,crémerie,n,feminine,dairy shop,,,
5520,créneau,n,masculine,niche/time slot/parking space,,,
5521,crêpe,n,masc / fem,pancake/crêpe,,,
5522,crépi,n,masculine,plaster/roughcast,,,
5523,crépir,v,,to plaster/roughcast,,,
5524,crépitement,n,masculine,crackling,,,
5525,crépiter,v,,to crackle,,,
5526,crépuscule,n,masculine,twilight,,,
5527,cresson,n,masculine,watercress,,,
5528,creuset,n,masculine,crucible,,,
5529,crevasse,n,feminine,crevice/crack,,,
5530,crevasser,v,,to crack/split,,,
5531,crevette,n,feminine,shrimp,,,
5532,criard,adj,,shrill/garish,,,
5533,crible,n,masculine,sieve/screen,,,
5534,cribler,v,,to riddle/sieve,,,
5535,cric,n,masculine,jack (for car),,,
5536,criée,n,feminine,auction (fish market),,,
5537,crin,n,masculine,horsehair,,,
5538,crinière,n,feminine,mane,,,
5539,crique,n,feminine,creek/cove,,,
5540,crispation,n,feminine,twitching/tension,,,
5541,crisper,v,,to tense/tighten,,,
5542,cristal,n,masculine,crystal,,,
5543,cristallin,adj/n,,crystalline/lens of eye,,,
5544,cristallisation,n,feminine,crystallization,,,
5545,cristalliser,v,,to crystallize,,,
5546,critiquable,adj,,criticizable,,,
5547,croassement,n,masculine,croaking (crow),,,
5548,croasser,v,,to croak (crow),,,
5549,croc,n,masculine,fang/hook,,,
5550,croisade,n,,crusade,,,
5551,croisement,n,masculine,crossing/intersection,,,
5552,croquant,adj/n,,crunchy/crisp,,,
5553,croque-monsieur,n,masculine,toasted ham/cheese sandwich,,,
5554,croquer,v,,to crunch/bite,,,
5555,croquis,n,masculine,sketch,,,
5556,crossement,n,masculine,(archaic) sound of a cross,,,
5557,crosse,n,feminine,hockey stick/bishop's staff,,,
5558,crotte,n,feminine,droppings/dirt,,,
5559,crotter,v,,to muddy,,,
5560,crouler,v,,to collapse/tumble,,,
5561,croupe,n,feminine,croup (of a horse)/ridge,,,
5562,croupion,n,masculine,rump/pope's nose,,,
5563,croupir,v,,to stagnate,,,
5564,croustille,n,feminine,crisp/chip,,,
5565,croustiller,v,,to crunch/be crispy,,,
5566,croûte,n,feminine,crust,,,
5567,croûton,n,masculine,crouton/crust piece,,,
5568,cru,n,masculine,vintage/growth,,,
5569,cruche,n,feminine,pitcher/jug,,,
5570,crucifix,n,masculine,crucifix,,,
5571,crucifier,v,,to crucify,,,
5572,cruellement,adv,,cruelly,,,
5573,crûment,adv,,crudely/bluntly,,,
5574,crypte,n,feminine,crypt,,,
5575,daim,n,masculine,deer/suede,,,
5576,dalle,n,feminine,flagstone/slab,,,
5577,daltonisme,n,masculine,color blindness,,,
5578,damer,v,,to ram/tamp down,,,
5579,damnation,n,feminine,damnation,,,
5580,damner,v,,to damn,,,
5581,dangereusement,adv,,dangerously,,,
5582,dard,n,masculine,sting/dart,,,
5583,darder,v,,to dart/shoot,,,
5584,datif,n,masculine,dative (grammar),,,
5585,datte,n,feminine,date (fruit),,,
5586,daube,n,feminine,stew (meat),,,
5587,dauphin,n,masculine,dolphin/heir,,,
5588,dé,n,masculine,die (game)/thimble,,,
5589,déballage,n,masculine,unpacking/display,,,
5590,déballer,v,,to unpack,,,
5591,débandade,n,feminine,stampede/rout,,,
5592,débarbouiller,v,,to wash one's face,,,
5593,débarcadère,n,masculine,landing stage,,,
5594,débarquement,n,masculine,landing/disembarkation,,,
5595,débarras,n,masculine,litter/clearance,,,
5596,débauche,n,feminine,debauchery/excess,,,
5597,débaucher,v,,to corrupt/lay off (employee),,,
5598,débile,adj,masc / fem,feeble/idiotic,,,
5599,débiter,v,,to cut up/retail/recite,,,
5600,débiteur,n,masculine,debtor,,,
5601,déboires,n,masculine-plural,setbacks/troubles,,,
5602,déboîter,v,,to disjoint/dislocate,,,
5603,débonnaire,adj,,good-natured,,,
5604,débordement,n,masculine,overflow/outburst,,,
5605,déboucler,v,,to unbuckle,,,
5606,débourser,v,,to disburse/spend,,,
5607,débris,n,masculine,debris/wreckage,,,
5608,débrouillard,adj,,resourceful,,,
5609,débusquer,v,,to flush out,,,
5610,débutant,n,masculine,beginner,,,
5611,deçà,adv,,on this side (en deçà),,,
5612,décacheter,v,,to unseal/open,,,
5613,décade,n,feminine,decade (ten days),,,
5614,décadence,n,feminine,decadence/decline,,,
5615,décaisser,v,,to pay out/un-crate,,,
5616,décalage,n,masculine,gap/time difference,,,
5617,décaler,v,,to shift/delay,,,
5618,décaper,v,,to strip/scour,,,
5619,décemment,adv,,decently,,,
5620,décence,n,feminine,decency,,,
5621,décennal,adj,,decennial (ten years),,,
5622,décentralisation,n,feminine,decentralization,,,
5623,décentraliser,v,,to decentralize,,,
5624,déchaîner,v,,to unleash/unchain,,,
5625,décharge,n,,dump/discharge,,,
5626,déchiffrer,v,,to decipher,,,
5627,déchiqueter,v,,to shred,,,
5628,déchirant,adj,,heart-rending,,,
5629,déchirement,n,masculine,tearing/heartache,,,
5630,déchoir,v,,to decline/fall,,,
5631,déchu,adj,,fallen/forfeited,,,
5632,décidé,adj,,decided/determined,,,
5633,décidément,adv,,decidedly,,,
5634,déclamation,n,feminine,declamation/rant,,,
5635,déclamer,v,,to declaim,,,
5636,déclaratif,adj,,declarative,,,
5637,déclins,n,masculine-plural,declines,,,
5638,déclive,adj,,sloping,,,
5639,déclic,n,masculine,trigger/click,,,
5640,décloisons,n,feminine-plural,removing partitions,,,
5641,décocher,v,,to let fly/shoot,,,
5642,décoiffer,v,,to dishevel,,,
5643,décollement,n,masculine,detachment,,,
5644,décolleté,n,masculine,low neckline,,,
5645,décolonisation,n,feminine,decolonization,,,
5646,décolorer,v,,to discolor/bleach,,,
5647,décombrer,v,,to clear away rubble,,,
5648,décombres,n,masculine-plural,rubble,,,
5649,décommander,v,,to cancel (appointment),,,
5650,décomposer,v,,to decompose,,,
5651,décomposition,n,feminine,decomposition,,,
5652,décompresseur,n,masculine,decompressor,,,
5653,décompression,n,feminine,decompression,,,
5654,décompte,n,masculine,breakdown/deduction,,,
5655,décompter,v,,to count down/deduct,,,
5656,déconcerter,v,,to disconcert,,,
5657,déconnecter,v,,to disconnect,,,
5658,déconner,v,,to mess around (slang),,,
5659,déconsidérer,v,,to discredit,,,
5660,déconstruire,v,,to deconstruct,,,
5661,décontamination,n,feminine,decontamination,,,
5662,décorateur,n,masculine,decorator,,,
5663,décoration,n,feminine,decoration,,,
5664,décorer,v,,to decorate,,,
5665,décortiquer,v,,to shell/analyze,,,
5666,décote,n,feminine,discount/devaluation,,,
5667,découpage,n,masculine,cutting/layout,,,
5668,découpe,n,feminine,cutting,,,
5669,découragement,n,masculine,discouragement,,,
5670,découvert,adj/n,masculine,overdrawn/uncovered,,,
5671,décrasser,v,,to scrub/clean,,,
5672,décrédibiliser,v,,to undermine credibility,,,
5673,décrier,v,,to decry/criticize,,,
5674,décrochage,n,masculine,unhooking/detachment,,,
5675,décroissance,n,feminine,degrowth/decrease,,,
5676,décroître,v,,to decrease,,,
5677,décrotter,v,,to remove mud,,,
5678,décrypter,v,,to decrypt,,,
5679,déçu,adj,,disappointed,,,
5680,décupler,v,,to increase tenfold,,,
5681,dédaigner,v,,to disdain,,,
5682,dédaigneux,adj,,disdainful,,,
5683,dédain,n,masculine,disdain,,,
5684,dédale,n,masculine,maze,,,
5685,dédicace,n,feminine,dedication,,,
5686,dédicacer,v,,to dedicate,,,
5687,dédire,v,,to retract (se dédire),,,
5688,dédommagement,n,masculine,compensation,,,
5689,dédommager,v,,to compensate,,,
5690,dédoublement,n,masculine,doubling,,,
5691,dédoubler,v,,to double/split,,,
5692,dédouanement,n,masculine,customs clearance,,,
5693,dédouaner,v,,to clear through customs,,,
5694,déduction,n,feminine,deduction,,,
5695,défaillant,adj,,failing/weak,,,
5696,défaillir,v,,to faint/fail,,,
5697,défalcations,n,feminine-plural,deductions,,,
5698,défalquer,v,,to deduct,,,
5699,défaveur,n,feminine,disfavor,,,
5700,défavorablement,adv,,unfavorably,,,
5701,défendable,adj,,defensible,,,
5702,défendeur,n,masculine,defendant (law),,,
5703,défendus,adj,masculine-plural,forbidden/defended,,,
5704,défensif,adj,,defensive,,,
5705,déférence,n,feminine,deference,,,
5706,déférent,adj,,deferential,,,
5707,déférer,v,,to defer/submit,,,
5708,déferlement,n,masculine,surging/unfurling,,,
5709,déferler,v,,to surge/unfurl,,,
5710,défiance,n,feminine,mistrust,,,
5711,défiancier,n,,(archaic) challenger,,,
5712,defigurer,v,,to disfigure,,,
5713,défigurer,v,,to disfigure,,,
5714,défilé,n,masculine,parade/gorge,,,
5715,définissable,adj,,definable,,,
5716,définiteurial,adj,,definitorial,,,
5717,définif,adj,,(typo in source - likely définitif) definitive,,,
5718,déflation,n,feminine,deflation,,,
5719,défléchir,v,,to deflect,,,
5720,déflecteur,n,masculine,deflector,,,
5721,défleurir,v,,to lose flowers,,,
5722,déflexion,n,feminine,deflection,,,
5723,défloration,n,feminine,defloration,,,
5724,déflorer,v,,to deflower,,,
5725,défoliations,n,feminine-plural,defoliations,,,
5726,défolier,v,,to defoliate,,,
5727,défonçage,n,masculine,digging up/breaking in,,,
5728,défonce,n,feminine,drug high (slang),,,
5729,défoncer,v,,to break in/smash,,,
5730,déformabilité,n,feminine,deformability,,,
5731,déformable,adj,,deformable,,,
5732,déformant,adj,,deforming,,,
5733,déformation,n,feminine,deformation,,,
5734,défoulement,n,masculine,venting/letting off steam,,,
5735,défouler,v,,to vent/let off steam,,,
5736,défourner,v,,to take out of the oven,,,
5737,défrichement,n,masculine,clearing (land),,,
5738,défricher,v,,to clear (land),,,
5739,défriser,v,,to straighten hair,,,
5740,défroncer,v,,to unknit (brows),,,
5741,défroquer,v,,to leave the priesthood,,,
5742,défroque,n,feminine,cast-off clothes/belongings,,,
5743,défrayer,v,,to pay expenses for,,,
5744,défunt,adj/n,masculine,deceased,,,
5745,dégagé,adj,,free/unblocked,,,
5746,dégagement,n,masculine,clearance/exit,,,
5747,dégaine,n,feminine,appearance/gait (often clumsy),,,
5748,dégainer,v,,to draw (a weapon),,,
5749,déganter,v,,to remove gloves,,,
5750,dégarnir,v,,to strip/empty,,,
5751,dégauchir,v,,to plane/straighten,,,
5752,dégauchissage,n,masculine,planing,,,
5753,dégazage,n,masculine,degassing,,,
5754,dégazer,v,,to degas,,,
5755,dégazolinage,n,masculine,degasolining,,,
5756,dégel,n,masculine,thaw,,,
5757,dégeler,v,,to thaw,,,
5758,dégénératif,adj,,degenerative,,,
5759,dégénération,n,feminine,degeneration,,,
5760,dégénérer,v,,to degenerate,,,
5761,dégénérescence,n,feminine,degeneration,,,
5762,dégorger,v,,to unclog/purge,,,
5763,dégourdi,adj,,sharp/bright,,,
5764,dégourdir,v,,to restore circulation,,,
5765,dégoût,n,masculine,disgust,,,
5766,dégoûtant,adj,,disgusting,,,
5767,dégoûter,v,,to disgust,,,
5768,dégouttement,n,masculine,dripping,,,
5769,dégoutter,v,,to drip,,,
5770,dégouliner,v,,to trickle/drip,,,
5771,dégraissage,n,masculine,degreasing,,,
5772,dégraisser,v,,to degrease,,,
5773,dégraisseur,n,masculine,degreaser,,,
5774,dégravoyer,v,,to clear away gravel,,,
5775,dégrever,v,,to reduce taxes/relieve,,,
5776,dégrèvement,n,masculine,tax reduction,,,
5777,dégringolade,n,feminine,tumble/fall,,,
5778,dégringoler,v,,to tumble down,,,
5779,dégriser,v,,to sober up,,,
5780,dégrossir,v,,to rough-hew/educate,,,
5781,dégrossissage,n,masculine,rough-hewing,,,
5782,déguenillé,adj,,ragged,,,
5783,déguerpir,v,,to clear off (slang),,,
5784,déguisement,n,masculine,disguise/costume,,,
5785,dégustateur,n,masculine,taster,,,
5786,dégustation,n,feminine,tasting,,,
5787,déguster,v,,to taste,,,
5788,déhaler,v,,to haul/move a boat,,,
5789,déhancher,v,,to sway hips,,,
5790,déhiscence,n,feminine,dehiscence (botany),,,
5791,déhiscents,adj,masculine-plural,dehiscent,,,
5792,déhonté,adj,,shameless,,,
5793,déicide,n,masculine,deicide,,,
5794,déification,n,feminine,deification,,,
5795,déifier,v,,to deify,,,
5796,déisme,n,masculine,deism,,,
5797,déiste,n,masc / fem,deist,,,
5798,déité,n,feminine,deity,,,
5799,déjection,n,feminine,dejection/excrement,,,
5800,déjeter,v,,to warp (timber),,,
5801,déjoindre,v,,to disjoint,,,
5802,déjouer,v,,to thwart,,,
5803,déjucher,v,,to unroost,,,
5804,délabrement,n,masculine,dilapidation,,,
5805,délabrer,v,,to dilapidate,,,
5806,délacer,v,,to unlace,,,
5807,délaisser,v,,to abandon/neglect,,,
5808,délavage,n,masculine,washing out,,,
5809,délaved,adj,,washed out,,,
5810,délavé,adj,,washed out,,,
5811,délaver,v,,to wash out,,,
5812,délaxation,n,feminine,relaxing,,,
5813,délectable,adj,,delectable,,,
5814,délectation,n,feminine,delectation,,,
5815,délecter,v,,to delight,,,
5816,délestage,n,masculine,offloading/load shedding,,,
5817,délester,v,,to offload/lighten,,,
5818,délétère,adj,,deleterious,,,
5819,délibératif,adj,,deliberative,,,
5820,délibéré,adj,masculine,deliberate,,,
5821,délicatement,adv,,delicately,,,
5822,délicatesse,n,feminine,delicacy,,,
5823,délice,n,masculine,delight,,,
5824,délicieux,adj,,delicious,,,
5825,délictueux,adj,,criminal/illegal,,,
5826,délié,adj,,slender/fine,,,
5827,déliement,n,masculine,untying,,,
5828,délimitation,n,feminine,delimitation,,,
5829,délimiter,v,,to delimit,,,
5830,délinquance,n,feminine,delinquency,,,
5831,déliquescence,n,feminine,deliquescence,,,
5832,déliquescent,adj,,deliquescent,,,
5833,délirer,v,,to be delirious/rave,,,
5834,délire,n,masculine,delirium,,,
5835,délirant,adj,,delirious,,,
5836,délisser,v,,to card wool,,,
5837,délivrance,n,feminine,delivery/liberation,,,
5838,déloger,v,,to dislodge,,,
5839,déloyal,adj,,disloyal,,,
5840,déloyauté,n,feminine,disloyalty,,,
5841,delphes,n,,Delphi,,,
5842,delta,n,masculine,delta,,,
5843,deltoïde,adj/n,masculine,deltoid,,,
5844,déluge,n,masculine,deluge/flood,,,
5845,délustrer,v,,to remove gloss,,,
5846,démagnétisation,n,feminine,demagnetization,,,
5847,démagnétiser,v,,to demagnetize,,,
5848,démagogie,n,feminine,demagoguery,,,
5849,démagogique,adj,,demagogic,,,
5850,démagogue,n,masc / fem,demagogue,,,
5851,démangeaison,n,feminine,itch,,,
5852,démanger,v,,to itch,,,
5853,démantèlement,n,masculine,dismantling,,,
5854,démanteler,v,,to dismantle,,,
5855,démarcation,n,,demarcation,,,
5856,démarreur,n,masculine,starter (motor),,,
5857,démasquer,v,,to unmask,,,
5858,démâtage,n,masculine,unmasting,,,
5859,démâter,v,,to unmast,,,
5860,démêlage,n,masculine,untangling,,,
5861,démêlé,n,masculine,dispute,,,
5862,démêler,v,,to untangle,,,
5863,déménagement,n,masculine,moving (house),,,
5864,déménageur,n,masculine,mover,,,
5865,démence,n,feminine,dementia,,,
5866,dément,adj,masculine,insane,,,
5867,démenti,n,masculine,denial,,,
5868,démerder,v,,to cope (vulgar),,,
5869,demesuré,adj,,excessive,,,
5870,démesuré,adj,,excessive,,,
5871,démesurément,adv,,excessively,,,
5872,démette,v,,(form of démettre),,,
5873,démettre,v,,to dismiss/dislocate,,,
5874,demeurante,adj,,living (at),,,
5875,demi-droite,n,feminine,ray (geometry),,,
5876,demi-journée,n,feminine,half-day,,,
5877,demi-pension,n,feminine,half-board,,,
5878,demi-tour,n,masculine,U-turn,,,
5879,démissionnaire,adj,masc / fem,resigned,,,
5880,démobilisation,n,feminine,demobilization,,,
5881,démobiliser,v,,to demobilize,,,
5882,démocratiquement,adv,,democratically,,,
5883,démocratisation,n,feminine,democratization,,,
5884,démocratiser,v,,to democratize,,,
5885,démographe,n,masc / fem,demographer,,,
5886,démographie,n,feminine,demography,,,
5887,demoiselle,n,feminine,young lady,,,
5888,démolir,v,,to demolish,,,
5889,démolisseur,n,masculine,demolition worker,,,
5890,démolition,n,feminine,demolition,,,
5891,démoniaque,adj,,demoniacal,,,
5892,démonstrateur,n,masculine,demonstrator,,,
5893,démonstratif,adj,,demonstrative,,,
5894,démonter,v,,to dismantle,,,
5895,démontrable,adj,,demonstrable,,,
5896,démoralisation,n,feminine,demoralization,,,
5897,démoraliser,v,,to demoralize,,,
5898,démordre,v,,to give up (ne pas en démordre),,,
5899,démotic,adj,,demotic,,,
5900,démotique,adj,,demotic,,,
5901,démunir,v,,to leave without,,,
5902,démuni,adj,masculine,destitute,,,
5903,démural,adj,,demural,,,
5904,démurer,v,,to unwall,,,
5905,dénatalité,n,feminine,low birth rate,,,
5906,dénationalisation,n,feminine,denationalization,,,
5907,dénationaliser,v,,to denationalize,,,
5908,dénatter,v,,to unbraid,,,
5909,dénaturalisation,n,feminine,denaturalization,,,
5910,dénaturaliser,v,,to denaturalize,,,
5911,dénaturer,v,,to denature/distort,,,
5912,dénégation,n,feminine,denial,,,
5913,déni,n,masculine,denial,,,
5914,déniaiser,v,,to sharpen/educate,,,
5915,dénicher,v,,to find/flush out,,,
5916,dénicheur,n,masculine,finder,,,
5917,dénigrement,n,masculine,denigration,,,
5918,dénigrer,v,,to denigrate,,,
5919,dénombrement,n,masculine,count/census,,,
5920,dénombrer,v,,to count,,,
5921,dénominateur,n,masculine,denominator,,,
5922,dénomination,n,feminine,denomination,,,
5923,dénommer,v,,to name,,,
5924,dénonciateur,n,masculine,denouncer,,,
5925,dénotations,n,feminine-plural,denotations,,,
5926,dénoter,v,,to denote,,,
5927,dénouement,n,masculine,outcome/resolution,,,
5928,dénouer,v,,to untie/resolve,,,
5929,dénoyauter,v,,to pit (fruit),,,
5930,denrée,n,feminine,commodity/foodstuff,,,
5931,dense,adj,,dense,,,
5932,densité,n,feminine,density,,,
5933,dentaire,adj,,dental,,,
5934,dentelle,n,,lace,,,
5935,dentier,n,,dentures,,,
5936,dentifrice,n,masculine,toothpaste,,,
5937,dentiste,n,masc / fem,dentist,,,
5938,dentition,n,feminine,dentition,,,
5939,denture,n,feminine,dentition/teeth,,,
5940,dénuement,n,masculine,destitution,,,
5941,dénuder,v,,to strip bare,,,
5942,déodorant,n,masculine,deodorant,,,
5943,dépannage,n,masculine,repair/breakdown service,,,
5944,dépanner,v,,to repair,,,
5945,dépanneur,n,masculine,repairman,,,
5946,dépaqueter,v,,to unpack,,,
5947,dépareillé,adj,,mismatched,,,
5948,départemental,adj,,departmental,,,
5949,départager,v,,to settle (a tie),,,
5950,départir,v,,to bestow/part from,,,
5951,dépassement,n,masculine,exceeding/passing,,,
5952,dépavage,n,masculine,unpaving,,,
5953,dépaver,v,,to unpave,,,
5954,dépaysement,n,masculine,change of scenery,,,
5955,dépayser,v,,to disorient/change scenery,,,
5956,dépeigner,v,,to dishevel,,,
5957,dépeindre,v,,to depict,,,
5958,dépenaillé,adj,,shabby,,,
5959,dépensier,adj,,spendthrift,,,
5960,déperdition,n,feminine,loss,,,
5961,dépérir,v,,to wither/waste away,,,
5962,dépérissement,n,masculine,withering,,,
5963,dépersonnalisation,n,feminine,depersonalization,,,
5964,dépersonnaliser,v,,to depersonalize,,,
5965,dépêche,n,feminine,dispatch/telegram,,,
5966,dépeçage,n,masculine,butchering,,,
5967,dépecer,v,,to butcher/dismember,,,
5968,dépêtrer,v,,to extricate,,,
5969,dépeupler,v,,to depopulate,,,
5970,déphasage,n,masculine,phase shift,,,
5971,déphaser,v,,to phase shift,,,
5972,dépister,v,,to track down/detect,,,
5973,dépistage,n,masculine,screening/detection,,,
5974,dépiter,v,,to spite/vex,,,
5975,déplaîre,v,,to displease,,,
5976,déplaisant,adj,,unpleasant,,,
5977,déplaisir,n,masculine,displeasure,,,
5978,déplanchers,n,masculine-plural,removing floorboards,,,
5979,déplantation,n,feminine,deplantation,,,
5980,déplanter,v,,to uproot,,,
5981,déplâtrer,v,,to remove plaster,,,
5982,dépliage,n,masculine,unfolding,,,
5983,dépliant,n,masculine,leaflet/brochure,,,
5984,déplier,v,,to unfold,,,
5985,déplissage,n,masculine,uncreasing,,,
5986,déplisser,v,,to uncrease,,,
5987,déplorable,adj,,deplorable,,,
5988,déplorablement,adv,,deplorably,,,
5989,déplumer,v,,to pluck (feathers),,,
5990,dépollution,n,feminine,depollution,,,
5991,dépolluer,v,,to depollute,,,
5992,dépouille,n,feminine,remains/skin/spoil,,,
5993,dépouillement,n,masculine,stripping/analysis,,,
5994,dépourvu,adj,,lacking/destitute,,,
5995,dépourvoir,v,,to deprive,,,
5996,dépraver,v,,to deprave,,,
5997,dépréciation,n,feminine,depreciation,,,
5998,déprécier,v,,to depreciate,,,
5999,déprédateur,n,masculine,predator,,,
6000,déprédation,n,feminine,depredation,,,
6001,dépressif,adj,,depressive,,,
6002,déprimé,adj,masculine,depressed,,,
6003,dépriser,v,,to undervalue,,,
6004,dépuceler,v,,to deflower,,,
6005,déprendre,v,,to detach (se déprendre),,,
6006,dépressurisation,n,feminine,depressurization,,,
6007,dépressuriser,v,,to depressurize,,,
6008,dépucelage,n,masculine,deflowering,,,
6009,députation,n,feminine,deputation,,,
6010,déracinement,n,masculine,uprooting,,,
6011,déraciner,v,,to uproot,,,
6012,dérader,v,,to leave a roadstead (nautical),,,
6013,déraison,n,feminine,irrationality,,,
6014,déraisonnable,adj,,unreasonable,,,
6015,déraisonnablement,adv,,unreasonably,,,
6016,déraisonner,v,,to talk nonsense,,,
6017,dérangement,n,masculine,disturbance,,,
6018,déraper,v,,to skid,,,
6019,dérapage,n,masculine,skid,,,
6020,dérater,v,,to remove the spleen,,,
6021,dératisation,n,feminine,rat extermination,,,
6022,dératiser,v,,to exterminate rats,,,
6023,dérayer,v,,to un-spoke (wheel),,,
6024,dérechef,adv,,again/anew,,,
6025,dérèglement,n,masculine,disorder/dysfunction,,,
6026,dérégler,v,,to deregulate/upset,,,
6027,déréglementation,n,feminine,deregulation,,,
6028,déréglementer,v,,to deregulate,,,
6029,dérégulation,n,feminine,deregulation,,,
6030,déréguler,v,,to deregulate,,,
6031,dérider,v,,to cheer up/smooth out,,,
6032,dérision,n,feminine,derision,,,
6033,dérisoire,adj,,derisory/paltry,,,
6034,dérisoirement,adv,,derisorily,,,
6035,dérivable,adj,,derivable,,,
6036,dérivation,n,feminine,derivation/diversion,,,
6037,dérivé,n,masculine,derivative,,,
6038,dernièrement,adv,,lately,,,
6039,dérogation,n,feminine,derogation/exception,,,
6040,dérogatoire,adj,,derogatory/exceptional,,,
6041,déroger,v,,to derogate/waive,,,
6042,dérouter,v,,to confuse/divert,,,
6043,déroutant,adj,,confusing/baffling,,,
6044,des,art,,some/of the,,,
6045,désabuser,v,,to undeceive,,,
6046,désaccorder,v,,to mistune/discord,,,
6047,désaccoupler,v,,to uncouple,,,
6048,désaccoutumer,v,,to wean from,,,
6049,désachalander,v,,to drive away customers,,,
6050,désaérer,v,,to seal/de-aerate,,,
6051,désaffection,n,feminine,disaffection,,,
6052,désaffecter,v,,to decommission/de-affect,,,
6053,désaffectionner,v,,to lose interest in,,,
6054,désaffleurer,v,,to make flush,,,
6055,désaffilier,v,,to disaffiliate,,,
6056,désaffranchir,v,,to strip of freedom,,,
6057,désagencer,v,,to disarrange,,,
6058,désagréable,adj,,unpleasant,,,
6059,désagréablement,adv,,unpleasantly,,,
6060,désagréer,v,,to displease,,,
6061,désagrégation,n,feminine,disintegration,,,
6062,désagréger,v,,to disintegrate,,,
6063,désagrément,n,masculine,inconvenience,,,
6064,désaimanter,v,,to demagnetize,,,
6065,désajuster,v,,to misalign,,,
6066,désaligner,v,,to misalign,,,
6067,désallier,v,,to un-ally,,,
6068,désaltérer,v,,to quench thirst,,,
6069,désamarrer,v,,to unmoor,,,
6070,désambiguïser,v,,to disambiguate,,,
6071,désambiguïsation,n,feminine,disambiguation,,,
6072,désâmer,v,,to deprive of soul,,,
6073,désamorcer,v,,to defuse,,,
6074,désamour,n,masculine,loss of love,,,
6075,désaméricaniser,v,,to de-Americanize,,,
6076,désanimer,v,,to de-animate,,,
6077,désannexer,v,,to de-annex,,,
6078,désannoncer,v,,to retract announcement,,,
6079,désappointer,v,,to disappoint,,,
6080,désapprendre,v,,to unlearn,,,
6081,désapprobateur,adj,,disapproving,,,
6082,désapprobation,n,feminine,disapproval,,,
6083,désapprouver,v,,to disapprove,,,
6084,désapprovisionner,v,,to stop supplying,,,
6085,désargenter,v,,to strip of silver,,,
6086,désarmer,v,,to disarm,,,
6087,désarrimer,v,,to unsecure (cargo),,,
6088,désarticuler,v,,to disjoint,,,
6089,désassembler,v,,to disassemble,,,
6090,désassocier,v,,to dissociate,,,
6091,désassortir,v,,to unmatch,,,
6092,désassoupir,v,,to wake up,,,
6093,désassujettir,v,,to liberate,,,
6094,désavantage,n,masculine,disadvantage,,,
6095,désavantager,v,,to disadvantage,,,
6096,désavantageux,adj,,disadvantageous,,,
6097,désavouer,v,,to disavow,,,
6098,désaveu,n,masculine,disavowal,,,
6099,descendance,n,feminine,offspring/descendants,,,
6100,descriptif,adj,masculine,descriptive,,,
6101,descripteur,n,masculine,descriptor,,,
6102,désemballer,v,,to unpack,,,
6103,désembarquer,v,,to disembark,,,
6104,désembourber,v,,to pull out of mud,,,
6105,désembrayer,v,,to disengage (clutch),,,
6106,désembouteiller,v,,to clear a jam,,,
6107,désemparé,adj,,helpless/distraught,,,
6108,désemparer,v,,to leave helpless,,,
6109,désemplir,v,,to empty,,,
6110,désemprisonner,v,,to release from prison,,,
6111,désenchaîner,v,,to unchain,,,
6112,désenchanter,v,,to disenchant,,,
6113,désenchantement,n,masculine,disenchantment,,,
6114,désenclaver,v,,to open up (a region),,,
6115,désenclavement,n,masculine,opening up,,,
6116,désencombrer,v,,to declutter,,,
6117,désencrasser,v,,to clean/degrease,,,
6118,désenfiler,v,,to unthread,,,
6119,désenflammer,v,,to reduce inflammation,,,
6120,désenfler,v,,to deflate/reduce swelling,,,
6121,désenfourner,v,,to remove from oven,,,
6122,désengager,v,,to disengage,,,
6123,désengagement,n,masculine,disengagement,,,
6124,désengorger,v,,to unclog,,,
6125,désengourdir,v,,to revive (from numbness),,,
6126,désenivrer,v,,to sober up,,,
6127,désenliser,v,,to pull out of mire,,,
6128,désennuyer,v,,to amuse,,,
6129,désenrayer,v,,to unjam,,,
6130,désenrhumer,v,,to cure a cold,,,
6131,désenrouler,v,,to unroll,,,
6132,désensabler,v,,to un-sand,,,
6133,désensanglanter,v,,to clean of blood,,,
6134,désenseigner,v,,to un-teach,,,
6135,désensibiliser,v,,to desensitize,,,
6136,désensibilisation,n,feminine,desensitization,,,
6137,désentasser,v,,to unpack/separate,,,
6138,désenterrer,v,,to unearth,,,
6139,désentêter,v,,to talk out of (stubbornness),,,
6140,désentortiller,v,,to untwist,,,
6141,désentraver,v,,to unfetter,,,
6142,désenvelopper,v,,to unwrap,,,
6143,désenvenimer,v,,to neutralize venom,,,
6144,désenverguer,v,,to unbend (sails),,,
6145,désenvisager,v,,to reconsider/abandon plan,,,
6146,désertain,adj,,(archaic) uncertain,,,
6147,déserter,v,,to desert,,,
6148,déserteur,n,masculine,deserter,,,
6149,désertification,n,feminine,desertification,,,
6150,désertifier,v,,to desertify,,,
6151,désespérance,n,feminine,hopelessness,,,
6152,désespérant,adj,,hopeless,,,
6153,désespérément,adv,,hopelessly,,,
6154,déshabillage,n,masculine,undressing,,,
6155,déshabiller,v,,to undress,,,
6156,déshabillé,n,masculine,negligee,,,
6157,déshabituer,v,,to break a habit,,,
6158,déshérence,n,,escheat/abandonment,,,
6159,déshériter,v,,to disinherit,,,
6160,déheurer,v,,to put out of schedule,,,
6161,déshonorant,adj,,dishonorable,,,
6162,déshonorer,v,,to dishonor,,,
6163,déshonneur,n,masculine,dishonor,,,
6164,déshuilage,n,masculine,de-oiling,,,
6165,déshuiler,v,,to de-oil,,,
6166,déshumanisation,n,feminine,dehumanization,,,
6167,déshumaniser,v,,to dehumanize,,,
6168,déshumidificateur,n,masculine,dehumidifier,,,
6169,déshumidification,n,feminine,dehumidification,,,
6170,déshumidifier,v,,to dehumidify,,,
6171,déshydratation,n,feminine,dehydration,,,
6172,déshydrater,v,,to dehydrate,,,
6173,déshydrogénation,n,feminine,dehydrogenation,,,
6174,déshydrogéner,v,,to dehydrogenate,,,
6175,désidérata,n,masculine-plural,wish list/requirements,,,
6176,désidérabilité,n,feminine,desirability,,,
6177,désirable,adj,,desirable,,,
6178,désignatif,adj,,designative,,,
6179,désillusion,n,feminine,disillusion,,,
6180,désillusionner,v,,to disillusion,,,
6181,désincorporation,n,feminine,de-incorporation,,,
6182,désincorporer,v,,to de-incorporate,,,
6183,désincrustation,n,feminine,descaling/scrubbing,,,
6184,désincruster,v,,to descale/clean,,,
6185,désinculper,v,,to exonerate,,,
6186,désindexation,n,feminine,de-indexing,,,
6187,désindexer,v,,to de-index,,,
6188,désindustrialisation,n,feminine,deindustrialization,,,
6189,désindustrialiser,v,,to deindustrialize,,,
6190,désinfatuer,v,,to cure of conceit,,,
6191,désinfection,n,feminine,disinfection,,,
6192,désinfectant,n/adj,masculine,disinfectant,,,
6193,désinfecter,v,,to disinfect,,,
6194,désinféoder,v,,to release from vassalage,,,
6195,désinflation,n,feminine,disinflation,,,
6196,désinflationniste,adj,,disinflationary,,,
6197,désinformer,v,,to misinform,,,
6198,désinformatiser,v,,to de-computerize,,,
6199,désingurgiter,v,,to regurgitate (humorous),,,
6200,désinhiber,v,,to disinhibit,,,
6201,désinhibition,n,feminine,disinhibition,,,
6202,désinitialiser,v,,to de-initialize,,,
6203,désinscription,n,feminine,unsubscription,,,
6204,désinscrire,v,,to unsubscribe,,,
6205,désinsectisation,n,feminine,extermination of insects,,,
6206,désinsectiser,v,,to exterminate insects,,,
6207,désinsérer,v,,to remove/take out,,,
6208,désinsertion,n,feminine,exclusion/social isolation,,,
6209,désintégration,n,feminine,disintegration,,,
6210,désintégrer,v,,to disintegrate,,,
6211,désintéressement,n,masculine,disinterestedness/selflessness,,,
6212,désintéressé,adj,,disinterested/selfless,,,
6213,désintéresser,v,,to lose interest,,,
6214,désinvestir,v,,to divest,,,
6215,désinvestissement,n,masculine,divestment,,,
6216,désinviter,v,,to uninvite,,,
6217,désinvolture,n,feminine,flippancy/ease,,,
6218,désinvolte,adj,,flippant/casual,,,
6219,désistement,n,masculine,withdrawal,,,
6220,désister,v,,to withdraw (se désister),,,
6221,désobéir,v,,to disobey,,,
6222,désobéissance,n,feminine,disobedience,,,
6223,désobéissant,adj,,disobedient,,,
6224,désobligeant,adj,,unkind/disobliging,,,
6225,désobliger,v,,to disoblige,,,
6226,désobstruction,n,feminine,clearing/unblocking,,,
6227,désobstruer,v,,to clear/unblock,,,
6228,désoccupation,n,feminine,vacating,,,
6229,désoccupé,adj,,unoccupied/vacant,,,
6230,désœuvré,adj,masculine,idle,,,
6231,désœuvrement,n,masculine,idleness,,,
6232,désolant,adj,,distressing/dismal,,,
6233,désolation,n,feminine,desolation,,,
6234,désolé,adj,,sorry/desolate,,,
6235,désolidarisation,n,feminine,distancing oneself,,,
6236,désolidariser,v,,to distance oneself,,,
6237,désopilant,adj,,hilarious,,,
6238,désordonner,v,,to disorder,,,
6239,désordonné,adj,,disordered/untidy,,,
6240,désorganisateur,n,,disorganizer,,,
6241,désorganisation,n,feminine,disorganization,,,
6242,désorganiser,v,,to disorganize,,,
6243,désorienter,v,,to disorient,,,
6244,désorientation,n,feminine,disorientation,,,
6245,désosser,v,,to debone,,,
6246,désossage,n,masculine,deboning,,,
6247,désourdir,v,,to unravel/unfold (plot),,,
6248,despotique,adj,,despotic,,,
6249,despotisme,n,masculine,despotism,,,
6250,despote,n,masculine,despot,,,
6251,dessalage,n,masculine,desalting,,,
6252,dessalement,n,masculine,desalination,,,
6253,dessaler,v,,to desalt,,,
6254,dessangler,v,,to ungirth,,,
6255,dessécher,v,,to dry up,,,
6256,dessèchement,n,masculine,drying up,,,
6257,dessein,n,masculine,design/intention,,,
6258,desseller,v,,to unsaddle,,,
6259,desserrer,v,,to loosen,,,
6260,dessert,n,masculine,dessert,,,
6261,desservant,adj/n,masculine,officiating/serving,,,
6262,dessiccation,n,feminine,desiccation (drying),,,
6263,dessiller,v,,to open eyes (figurative),,,
6264,dessinateur,n,masculine,draftsman/artist,,,
6265,dessoucher,v,,to grub up/remove stump,,,
6266,dessouder,v,,to unsolder,,,
6267,dessouler,v,,to sober up,,,
6268,dessuinter,v,,to degrease (wool),,,
6269,destinataire,n,masc / fem,recipient,,,
6270,destituer,v,,to dismiss (from office),,,
6271,destitution,n,feminine,dismissal,,,
6272,destructeur,n/adj,masculine,destroyer/destructive,,,
6273,destructif,adj,,destructive,,,
6274,désuétude,n,feminine,obsolescence/disuse,,,
6275,désuet,adj,,obsolete/outdated,,,
6276,désulfuration,n,feminine,desulfurization,,,
6277,désulfurer,v,,to desulfurize,,,
6278,désunir,v,,to disunite,,,
6279,désunion,n,feminine,disunion,,,
6280,détachable,adj,,detachable,,,
6281,détaillant,n/adj,masculine,retailer/detailed,,,
6282,détaler,v,,to scamper off,,,
6283,détaxation,n,feminine,tax relief,,,
6284,détaxer,v,,to exempt from tax,,,
6285,déteindre,v,,to fade/bleed (color),,,
6286,dételer,v,,to unhitch,,,
6287,détendeur,n,masculine,pressure regulator,,,
6288,détendu,adj,,relaxed,,,
6289,détergent,n/adj,masculine,detergent,,,
6290,déterger,v,,to cleanse (wound),,,
6291,déterminable,adj,,determinable,,,
6292,déterminisme,n,masculine,determinism,,,
6293,déterrement,n,masculine,exhumation,,,
6294,déterrer,v,,to dig up/exhume,,,
6295,détestable,adj,,detestable,,,
6296,détestablement,adv,,detestably,,,
6297,détirer,v,,to stretch out,,,
6298,détonation,n,feminine,detonation,,,
6299,détoner,v,,to detonate,,,
6300,détonner,v,,to be out of tune,,,
6301,détordre,v,,to untwist,,,
6302,détorquer,v,,to distort (meaning),,,
6303,détournement,n,masculine,misappropriation/hijacking,,,
6304,détracteur,n,masculine,detractor,,,
6305,détraction,n,feminine,detraction/slander,,,
6306,détraquer,v,,to put out of order,,,
6307,détrempe,n,feminine,distemper (paint),,,
6308,détremper,v,,to soften (in water),,,
6309,détresser,v,,to unbraid,,,
6310,détritus,n,masculine,detritus/waste,,,
6311,détroit,n,masculine,strait/narrows,,,
6312,détrôner,v,,to dethrone,,,
6313,détrousser,v,,to rob/hold up,,,
6314,détrousseur,n,masculine,robber,,,
6315,deutérium,n,masculine,deuterium,,,
6316,dévaler,v,,to rush down,,,
6317,dévalisation,n,feminine,robbery,,,
6318,dévaliser,v,,to rob,,,
6319,dévalorisation,n,feminine,devaluation,,,
6320,dévaloriser,v,,to devalue,,,
6321,dévaluation,n,feminine,devaluation,,,
6322,dévaluer,v,,to devalue,,,
6323,devancer,v,,to outrun/precede,,,
6324,devancier,n,masculine,predecessor,,,
6325,dévastateur,n/adj,,devastator/devastating,,,
6326,dévastation,n,feminine,devastation,,,
6327,dévaster,v,,to devastate,,,
6328,déventer,v,,to becalm (nautical),,,
6329,dévergonder,v,,to corrupt/lead astray,,,
6330,dévergondage,n,masculine,debauchery,,,
6331,déverrouillage,n,masculine,unlocking,,,
6332,déverrouiller,v,,to unlock,,,
6333,dévers,n,masculine,slope/camber,,,
6334,déversement,n,masculine,spillage/discharge,,,
6335,déverser,v,,to spill/discharge,,,
6336,dévêtir,v,,to undress,,,
6337,déviation,n,feminine,deviation,,,
6338,dévider,v,,to unwind,,,
6339,dévidoir,n,masculine,reel,,,
6340,dévier,v,,to deviate,,,
6341,devineresse,n,feminine,fortune teller (fem),,,
6342,devinette,n,feminine,riddle,,,
6343,devin,n,masculine,soothsayer,,,
6344,devis,n,masculine,estimate/quote,,,
6345,deviser,v,,to chat,,,
6346,dévisager,v,,to stare at,,,
6347,dévisser,v,,to unscrew,,,
6348,dévoilement,n,masculine,unveiling,,,
6349,dévolu,n/adj,,devolved/assigned,,,
6350,dévolution,n,feminine,devolution/transfer,,,
6351,dévorer,v,,to devour,,,
6352,dévot,n/adj,masculine,devout,,,
6353,dévotion,n,feminine,devotion,,,
6354,dévouement,n,masculine,devotion/dedication,,,
6355,dévoyé,adj,masculine,misguided/perverted,,,
6356,débrayer,v,,to declutch/disengage,,,
6357,débrayage,n,masculine,declutching/strike,,,
6358,dextérité,n,feminine,dexterity,,,
6359,diabète,n,masculine,diabetes,,,
6360,diabétique,adj/n,masc / fem,diabetic,,,
6361,diabolique,adj,,diabolical,,,
6362,diabolo,n,masculine,diabolo (toy),,,
6363,diachronique,adj,,diachronic,,,
6364,diachronie,n,feminine,diachrony,,,
6365,diaconat,n,masculine,diaconate,,,
6366,diacre,n,masculine,deacon,,,
6367,diadème,n,masculine,diadem,,,
6368,diagnostique,n,,diagnosis,,,
6369,diagnostiquer,v,,to diagnose,,,
6370,diagonal,adj,,diagonal,,,
6371,diagonale,n,feminine,diagonal,,,
6372,diagramme,n,masculine,diagram,,,
6373,dialectal,adj,,dialectal,,,
6374,dialecte,n,masculine,dialect,,,
6375,dialectique,n/adj,feminine,dialectic,,,
6376,dialoguer,v,,to dialogue,,,
6377,dialyse,n,feminine,dialysis,,,
6378,dialyser,v,,to dialyze,,,
6379,diamantaire,n,masc / fem,diamond cutter,,,
6380,diamétral,adj,,diametrical,,,
6381,diamétralement,adv,,diametrically,,,
6382,diamètre,n,masculine,diameter,,,
6383,diapason,n,masculine,tuning fork/range,,,
6384,diaphanes,adj,masculine-plural,diaphanous,,,
6385,diaphane,adj,,diaphanous,,,
6386,diaphragme,n,masculine,diaphragm,,,
6387,diapositive,n,feminine,slide (photo),,,
6388,diaporama,n,masculine,slideshow,,,
6389,diaprure,n,feminine,variegation,,,
6390,diaprer,v,,to variegate,,,
6391,diarrhée,n,feminine,diarrhea,,,
6392,diase,n,,diase (enzyme),,,
6393,diastase,n,feminine,diastase,,,
6394,diastole,n,feminine,diastole,,,
6395,diastolique,adj,,diastolic,,,
6396,diatonique,adj,,diatonic,,,
6397,diatribe,n,feminine,diatribe,,,
6398,dictatorial,adj,,dictatorial,,,
6399,dicte,n,,(form of dicter - rarely used as noun),,,
6400,dictée,n,feminine,dictation,,,
6401,diction,n,feminine,diction,,,
6402,dicton,n,masculine,saying,,,
6403,didactique,adj/n,feminine,didactic,,,
6404,didacticiel,n,masculine,educational software,,,
6405,dièse,n,masculine,sharp (music),,,
6406,diéser,v,,to sharpen (music),,,
6407,diète,n,feminine,diet,,,
6408,diététique,adj/n,feminine,dietetic,,,
6409,diététicien,n,masculine,dietitian,,,
6410,diffamateur,n,masculine,defamer,,,
6411,diffamation,n,feminine,defamation,,,
6412,diffamatoire,adj,,defamatory,,,
6413,diffamer,v,,to defame,,,
6414,différenciation,n,feminine,differentiation,,,
6415,différentiel,adj/n,masculine,differential,,,
6416,difforme,adj,,deformed,,,
6417,difformité,n,feminine,deformity,,,
6418,diffraction,n,feminine,diffraction,,,
6419,diffracter,v,,to diffract,,,
6420,diffus,adj,,diffuse,,,
6421,diffusant,adj,,diffusing,,,
6422,diffuseur,n,masculine,broadcaster/diffuser,,,
6423,diffusivité,n,feminine,diffusivity,,,
6424,digeste,adj,,digest,,,
6425,digestibilité,n,feminine,digestibility,,,
6426,digestible,adj,,digestible,,,
6427,digesteur,n,masculine,digester,,,
6428,digestif,adj/n,masculine,digestive,,,
6429,digestion,n,feminine,digestion,,,
6430,digital,adj,,digital,,,
6431,digitale,n,feminine,foxglove,,,
6432,digitalisation,n,feminine,digitalization,,,
6433,digitaliser,v,,to digitalize,,,
6434,dignement,adv,,dignifiedly,,,
6435,dignitaire,n,masc / fem,dignitary,,,
6436,digression,n,feminine,digression,,,
6437,digue,n,feminine,dam/dike,,,
6438,diguer,v,,to dike,,,
6439,dilacération,n,feminine,laceration/tearing,,,
6440,dilacérer,v,,to lacerate,,,
6441,dilapidateur,n,,waster (of money),,,
6442,dilapidation,n,feminine,squandering,,,
6443,dilapider,v,,to squander,,,
6444,dilatabilité,n,feminine,dilatability,,,
6445,dilatable,adj,,dilatable,,,
6446,dilatant,adj,,dilating,,,
6447,dilatation,n,feminine,dilation,,,
6448,dilater,v,,to dilate,,,
6449,dilatoire,adj,,dilatory,,,
6450,dilettante,n,masc / fem,dilettante,,,
6451,dilettantisme,n,masculine,dilettantism,,,
6452,diluants,n,masculine-plural,thinners,,,
6453,diluant,n,masculine,thinner,,,
6454,dilué,adj,,diluted,,,
6455,diluer,v,,to dilute,,,
6456,dilution,n,feminine,dilution,,,
6457,diluvial,adj,,diluvial,,,
6458,diluvien,adj,,diluvian,,,
6459,dimensionnel,adj,,dimensional,,,
6460,dimensionnement,n,masculine,sizing,,,
6461,dimensionner,v,,to size,,,
6462,diminutif,n/adj,masculine,diminutive,,,
6463,dinette,n,feminine,tea set (toy),,,
6464,dinosaure,n,masculine,dinosaur,,,
6465,diocésain,adj,,diocesan,,,
6466,diocèse,n,masculine,diocese,,,
6467,dionysien,adj,,Dionysian,,,
6468,dionysiaque,adj,,Dionysian,,,
6469,dioptre,n,masculine,diopter,,,
6470,dioptrie,n,feminine,diopter,,,
6471,dioptrique,adj/n,feminine,dioptric,,,
6472,dioxine,n,feminine,dioxin,,,
6473,dioxyde,n,masculine,dioxide,,,
6474,diphasé,adj,,two-phase,,,
6475,diphtongue,n,feminine,diphthong,,,
6476,diplômé,n/adj,masculine,graduate,,,
6477,diplômer,v,,to graduate/award degree,,,
6478,diplomatiquement,adv,,diplomatically,,,
6479,dipôle,n,masculine,dipole,,,
6480,diptyque,n,masculine,diptych,,,
6481,directrice,n,feminine,director (fem),,,
6482,directionnel,adj,,directional,,,
6483,directoire,n,masculine,directory,,,
6484,dirigisme,n,masculine,dirigisme (state control),,,
6485,dirigiste,adj,,interventionist,,,
6486,discernable,adj,,discernible,,,
6487,discernement,n,masculine,discernment,,,
6488,discerner,v,,to discern,,,
6489,disciple,n,masc / fem,disciple,,,
6490,disciplinaire,adj,,disciplinary,,,
6491,discipliner,v,,to discipline,,,
6492,discontinuité,n,feminine,discontinuity,,,
6493,discontinu,adj,,discontinuous,,,
6494,discontinuer,v,,to discontinue,,,
6495,disconvenance,n,feminine,unsuitability,,,
6496,disconvenir,v,,to deny/disagree,,,
6497,discordance,n,feminine,discordance,,,
6498,discordant,adj,,discordant,,,
6499,discorde,n,,discord,,,
6500,discorder,v,,to disagree,,,
6501,discourir,v,,to speak/discourse,,,
6502,discourtois,adj,,impolite,,,
6503,discourtoisie,n,feminine,impoliteness,,,
6504,discrédit,n,masculine,discredit,,,
6505,discréditer,v,,to discredit,,,
6506,discrètement,adv,,discreetly,,,
6507,discrétionnaire,adj,,discretionary,,,
6508,discriminations,n,feminine-plural,discriminations,,,
6509,discriminant,adj,masculine,discriminating,,,
6510,discriminer,v,,to discriminate,,,
6511,discriminatoire,adj,,discriminatory,,,
6512,disculper,v,,to exonerate,,,
6513,discursif,adj,,discursive,,,
6514,discursion,n,feminine,digression/reasoning,,,
6515,discutable,adj,,debatable,,,
6516,disert,adj,,eloquent,,,
6517,disette,n,feminine,scarcity/famine,,,
6518,disgrâce,n,feminine,disgrace,,,
6519,disgracier,v,,to disgrace,,,
6520,disgracieux,adj,,ungraceful,,,
6521,disjoncteur,n,masculine,circuit breaker,,,
6522,disjonction,n,feminine,disjunction,,,
6523,disjoindre,v,,to disjoint,,,
6524,dislocation,n,feminine,dislocation,,,
6525,disloquer,v,,to dislocate,,,
6526,disparate,adj,,disparate,,,
6527,disparité,n,feminine,disparity,,,
6528,dispendieux,adj,,expensive,,,
6529,dispensaire,n,masculine,dispensary/clinic,,,
6530,dispensation,n,feminine,dispensation,,,
6531,dispense,n,feminine,exemption,,,
6532,dispersion,n,feminine,dispersion,,,
6533,dispos,adj,,fit/ready,,,
6534,disposé,adj,,disposed/ready,,,
6535,disproportion,n,feminine,disproportion,,,
6536,disproportionné,adj,,disproportionate,,,
6537,disputable,adj,,disputable,,,
6538,dispute,n,feminine,argument/quarrel,,,
6539,disqualification,n,feminine,disqualification,,,
6540,disqualifier,v,,to disqualify,,,
6541,disquette,n,feminine,floppy disk,,,
6542,disculpations,n,feminine-plural,exonerations,,,
6543,dissecteur,n,masculine,dissector,,,
6544,dissection,n,feminine,dissection,,,
6545,dissemblable,adj,,dissimilar,,,
6546,dissemblance,n,feminine,dissimilarity,,,
6547,disséminer,v,,to disseminate,,,
6548,dissémination,n,feminine,dissemination,,,
6549,dissension,n,feminine,dissension,,,
6550,dissentiment,n,masculine,dissent,,,
6551,disséquer,v,,to dissect,,,
6552,dissertation,n,feminine,essay,,,
6553,disserter,v,,to write/speak at length,,,
6554,dissidence,n,feminine,dissidence,,,
6555,dissident,n/adj,masculine,dissident,,,
6556,dissimulateur,n,,dissembler,,,
6557,dissimulation,n,feminine,dissimulation,,,
6558,dissipateur,n,,waster/dissipator,,,
6559,dissipation,n,feminine,dissipation,,,
6560,dissociation,n,feminine,dissociation,,,
6561,dissocier,v,,to dissociate,,,
6562,dissolu,adj,,dissolute,,,
6563,dissoluble,adj,,dissoluble,,,
6564,dissolution,n,feminine,dissolution,,,
6565,dissolvant,n/adj,masculine,solvent,,,
6566,dissonance,n,feminine,dissonance,,,
6567,dissonant,adj,,dissonant,,,
6568,dissonner,v,,to be dissonant,,,
6569,dissuader,v,,to dissuade,,,
6570,dissuasion,n,feminine,dissuasion/deterrence,,,
6571,dissuasif,adj,,deterrent,,,
6572,dissymétrie,n,feminine,asymmetry,,,
6573,dissymétrique,adj,,asymmetric,,,
6574,distal,adj,,distal,,,
6575,distancer,v,,to distance/outpace,,,
6576,distanciation,n,feminine,distancing,,,
6577,distancier,v,,to distance,,,
6578,distendre,v,,to distend,,,
6579,distension,n,feminine,distension,,,
6580,distillateur,n,masculine,distiller,,,
6581,distillation,n,feminine,distillation,,,
6582,distiller,v,,to distill,,,
6583,distillerie,n,feminine,distillery,,,
6584,distinctement,adv,,distinctly,,,
6585,distinctif,adj,,distinctive,,,
6586,distique,n,masculine,distich (couplet),,,
6587,distorsion,n,,distortion,,,
6588,distraction,n,feminine,distraction,,,
6589,distraire,v,,to distract,,,
6590,distrait,adj,,distracted,,,
6591,distrayant,adj,,entertaining,,,
6592,distributif,adj,,distributive,,,
6593,district,n,,district,,,
6594,dito,adv,,ditto,,,
6595,diurne,adj,,diurnal,,,
6596,diva,n,feminine,diva,,,
6597,divagations,n,feminine-plural,ramblings,,,
6598,divaguer,v,,to ramble/wander,,,
6599,divan,n,masculine,divan,,,
6600,divergent,adj,,divergent,,,
6601,diverger,v,,to diverge,,,
6602,diversement,adv,,diversely,,,
6603,diversification,n,feminine,diversification,,,
6604,divertissant,adj,,amusing,,,
6605,divertissement,n,masculine,amusement/entertainment,,,
6606,divertir,v,,to amuse,,,
6607,dividende,n,,dividend,,,
6608,divination,n,feminine,divination,,,
6609,divinité,n,feminine,divinity,,,
6610,divisibilité,n,feminine,divisibility,,,
6611,divisible,adj,,divisible,,,
6612,divisionnaire,adj,,divisional,,,
6613,divorcé,n/adj,masculine,divorced,,,
6614,divorcer,v,,to divorce,,,
6615,divulgation,n,feminine,divulgation,,,
6616,divulguer,v,,to divulge,,,
6617,dixièmement,adv,,tenthly,,,
6618,docile,adj,,docile,,,
6619,docilité,n,feminine,docility,,,
6620,docte,adj,,learned,,,
6621,doctorat,n,,doctorate,,,
6622,doctoral,adj,,doctoral,,,
6623,doctorant,n,masculine,doctoral student,,,
6624,doctrinal,adj,,doctrinal,,,
6625,documentaire,n/adj,masculine,documentary,,,
6626,documenter,v,,to document,,,
6627,dodo,n,masculine,sleep/bye-bye,,,
6628,dodu,adj,,plump,,,
6629,doge,n,masculine,doge,,,
6630,dogme,n,masculine,dogma,,,
6631,dogmatique,adj,,dogmatic,,,
6632,dogmatisme,n,masculine,dogmatism,,,
6633,doigté,n,masculine,fingering/tact,,,
6634,dois,v,,(form of devoir) must,,,
6635,doit,v,,(form of devoir) must,,,
6636,doléance,n,feminine,complaint/grievance,,,
6637,dolman,n,masculine,dolman (jacket),,,
6638,dolomitique,adj,,dolomitic,,,
6639,dolomite,n,feminine,dolomite,,,
6640,dolorisme,n,masculine,cult of suffering,,,
6641,dolosif,adj,,deceitful,,,
6642,dom,n,masculine,title (Don),,,
6643,domanial,adj,,relating to the state domain,,,
6644,dôme,n,masculine,dome,,,
6645,domesticité,n,feminine,domestic service,,,
6646,domestication,n,feminine,domestication,,,
6647,domestiquer,v,,to domesticate,,,
6648,domiciliaire,adj,,domiciliary,,,
6649,domiciliation,n,feminine,domiciliation,,,
6650,domicilier,v,,to domicile,,,
6651,dominance,n,feminine,dominance,,,
6652,dominateur,adj,,dominating,,,
6653,dominicain,adj/n,masculine,Dominican,,,
6654,dominical,adj,,relating to Sunday,,,
6655,domino,n,masculine,domino,,,
6656,dommageable,adj,,harmful,,,
6657,domptage,n,masculine,taming,,,
6658,dompter,v,,to tame,,,
6659,dompteur,n,masculine,tamer,,,
6660,donateur,n,masculine,donor,,,
6661,donation,n,,donation,,,
6662,donjon,n,masculine,keep/dungeon,,,
6663,donne,n,feminine,deal (cards),,,
6664,donneur,n,masculine,giver,,,
6665,dopage,n,masculine,doping,,,
6666,doper,v,,to dope,,,
6667,dopant,n/adj,masculine,doping agent,,,
6668,doping,n,masculine,doping,,,
6669,dorade,n,feminine,sea bream,,,
6670,dorage,n,masculine,gilding,,,
6671,dorer,v,,to gild/brown,,,
6672,dorloter,v,,to pamper,,,
6673,dormant,adj,,sleeping/dormant,,,
6674,dormeur,n,masculine,sleeper,,,
6675,dormitif,adj,,sleep-inducing,,,
6676,dorsal,adj,,dorsal,,,
6677,dorsale,n,feminine,ridge/back,,,
6678,dortoir,n,masculine,dormitory,,,
6679,dosage,n,masculine,dosage,,,
6680,doser,v,,to dose,,,
6681,dosette,n,feminine,pod/sachet,,,
6682,dot,n,feminine,dowry,,,
6683,dotation,n,feminine,endowment,,,
6684,doublement,adv,masculine,doubly,,,
6685,doublure,n,feminine,lining/understudy,,,
6686,douce,adj,,sweet/soft,,,
6687,douche,n,feminine,shower,,,
6688,doucher,v,,to shower,,,
6689,douer,v,,to endow,,,
6690,douteux,adj,,doubtful,,,
6691,douve,n,feminine,moat/fluke (parasite),,,
6692,douzième,adj,masc / fem,twelfth,,,
6693,doyen,n,masculine,dean/eldest member,,,
6694,drachme,n,feminine,drachma,,,
6695,draconien,adj,,draconian,,,
6696,drageon,n,masculine,sucker (botany),,,
6697,drageonner,v,,to put out suckers,,,
6698,dragon,n,masculine,dragon,,,
6699,drague,n,feminine,dredger/flirting,,,
6700,draguer,v,,to dredge/flirt,,,
6701,dragueur,n,masculine,dredger/flirt,,,
6702,drain,n,masculine,drain,,,
6703,drainage,n,masculine,drainage,,,
6704,drainer,v,,to drain,,,
6705,dramatiquement,adv,,dramatically,,,
6706,dramatiser,v,,to dramatize,,,
6707,dramatisation,n,feminine,dramatization,,,
6708,dramaturge,n,masc / fem,dramatist,,,
6709,dramaturgie,n,feminine,dramaturgy,,,
6710,drap,n,masculine,sheet,,,
6711,drapé,n/adj,masculine,drapery/draped,,,
6712,draper,v,,to drape,,,
6713,draperie,n,feminine,drapery,,,
6714,drastique,adj,,drastic,,,
6715,drayer,v,,to scrape (skin),,,
6716,drêche,n,feminine,spent grain,,,
6717,dressage,n,masculine,training,,,
6718,dresse,n,,(form of dresser),,,
6719,dressoir,n,masculine,sideboard,,,
6720,dribbler,v,,to dribble,,,
6721,drille,n,feminine,drill/companion,,,
6722,drisse,n,feminine,halyard,,,
6723,droguerie,n,feminine,drugstore/hardwares,,,
6724,droguiste,n,masc / fem,druggist/chandler,,,
6725,droitier,adj,masculine,right-handed,,,
6726,droiture,n,feminine,uprightness,,,
6727,drôlement,adv,,strangely/very,,,
6728,drôlerie,n,feminine,drollery,,,
6729,dromadaire,n,masculine,dromedary,,,
6730,drone,n,masculine,drone,,,
6731,drosophile,n,feminine,fruit fly,,,
6732,dru,adj,,thick/dense,,,
6733,druide,n,masculine,druid,,,
6734,dry,adj,,dry (martini),,,
6735,du,art,,of the,,,
6736,dû,n/adj,masculine,due,,,
6737,dubitatif,adj,,dubitative/doubtful,,,
6738,ducal,adj,,ducal,,,
6739,duché,n,masculine,duchy,,,
6740,duchesse,n,feminine,duchess,,,
6741,due,adj,,due (fem),,,
6742,duel,n,masculine,duel,,,
6743,duper,v,,to dupe,,,
6744,duperie,n,feminine,trickery,,,
6745,dupe,n,masc / fem,dupe,,,
6746,duplex,n,masculine,duplex,,,
6747,duplicata,n,masculine,duplicate,,,
6748,duplication,n,feminine,duplication,,,
6749,dupliquer,v,,to duplicate,,,
6750,duplicité,n,feminine,duplicity,,,
6751,duquel,pro,,of which,,,
6752,durablement,adv,,durably,,,
6753,durabilité,n,feminine,durability,,,
6754,durcir,v,,to harden,,,
6755,durcissement,n,masculine,hardening,,,
6756,durcisseur,n,masculine,hardener,,,
6757,dureté,n,feminine,hardness,,,
6758,durite,n,feminine,hose,,,
6759,duvet,n,masculine,down/fuzz,,,
6760,duveteux,adj,,downy,,,
6761,dynamiquement,adv,,dynamically,,,
6762,dynamisants,n,masculine-plural,stimulants,,,
6763,dynamiser,v,,to energize,,,
6764,dynamite,n,feminine,dynamite,,,
6765,dynamiter,v,,to dynamite,,,
6766,dynamiteur,n,masculine,dynamiter,,,
6767,dynamomètre,n,masculine,dynamometer,,,
6768,dynaste,n,masculine,dynast,,,
6769,dynastie,n,feminine,dynasty,,,
6770,dynastique,adj,,dynastic,,,
6771,dyne,n,feminine,dyne,,,
6772,dysenterie,n,feminine,dysentery,,,
6773,dysfonctionnement,n,masculine,dysfunction,,,
6774,dysfonctionnel,adj,,dysfunctional,,,
6775,dyslexie,n,feminine,dyslexia,,,
6776,dyslexique,adj/n,masc / fem,dyslexic,,,
6777,dyspepsie,n,feminine,dyspepsia,,,
6778,dyspnée,n,feminine,dyspnea,,,
6779,dysprosium,n,masculine,dysprosium,,,
6780,dysurie,n,feminine,dysuria,,,
6781,eau-de-vie,n,feminine,brandy,,,
6782,eau-forte,n,feminine,etching,,,
6783,ébahir,v,,to astonish,,,
6784,ébahissement,n,masculine,astonishment,,,
6785,ébarbage,n,masculine,deburring,,,
6786,ébarber,v,,to deburr,,,
6787,ébat,n,masculine,frolic,,,
6788,ébattre,v,,to frolic,,,
6789,ébaubi,adj,,dumbfounded,,,
6790,ébauche,n,feminine,sketch/outline,,,
6791,ébaucher,v,,to sketch/outline,,,
6792,ébène,n,feminine,ebony,,,
6793,ébéniste,n,masc / fem,cabinetmaker,,,
6794,ébénisterie,n,feminine,cabinetry,,,
6795,éberlué,adj,,dumbfounded,,,
6796,éblouir,v,,to dazzle,,,
6797,éblouissant,adj,,dazzling,,,
6798,éblouissement,n,masculine,dazzlement,,,
6799,ébonite,n,feminine,ebonite,,,
6800,éborgner,v,,to blind in one eye,,,
6801,éboueur,n,masculine,garbage collector,,,
6802,ébouillanter,v,,to scald,,,
6803,éboulement,n,masculine,landslide,,,
6804,ébouler,v,,to collapse,,,
6805,éboulis,n,masculine,scree/rubble,,,
6806,ébourgeonnement,n,masculine,disbudding,,,
6807,ébourgeonner,v,,to disbud,,,
6808,ébouriffer,v,,to dishevel,,,
6809,ébraisements,n,masculine-plural,splayings,,,
6810,ébranchage,n,masculine,trimming (branches),,,
6811,ébrancher,v,,to trim (branches),,,
6812,ébranlement,n,masculine,shaking,,,
6813,ébrasement,n,masculine,splaying,,,
6814,ébraser,v,,to splay,,,
6815,ébrécher,v,,to chip,,,
6816,ébriété,n,feminine,drunkenness,,,
6817,ébrouement,n,masculine,snorting,,,
6818,ébrouer,v,,to snort/shake off,,,
6819,ébruitement,n,masculine,leaking (news),,,
6820,ébruiter,v,,to leak/spread (news),,,
6821,ébullition,n,feminine,boiling,,,
6822,écaillage,n,masculine,scaling,,,
6823,écaille,n,feminine,scale (fish)/shell,,,
6824,écailler,v,,to scale/shell,,,
6825,écailleur,n,masculine,scaler,,,
6826,écailleux,adj,,scaly,,,
6827,écale,n,feminine,hull,,,
6828,écaler,v,,to hull,,,
6829,écarquillement,n,masculine,widening (eyes),,,
6830,écarquiller,v,,to widen (eyes),,,
6831,écartement,n,masculine,spacing,,,
6832,écarteler,v,,to quarter/tear apart,,,
6833,écartèlement,n,masculine,quartering,,,
6834,écarteur,n,masculine,spreader/retractor,,,
6835,ecchymose,n,feminine,bruise/ecchymosis,,,
6836,ecclésiastique,adj/n,masculine,ecclesiastical,,,
6837,écervelé,adj,,scatterbrained,,,
6838,échafaud,n,masculine,scaffold,,,
6839,échafaudage,n,masculine,scaffolding,,,
6840,échafauder,v,,to scaffold/build up,,,
6841,échalas,n,masculine,stake (plant),,,
6842,échalote,n,feminine,shallot,,,
6843,échancrure,n,feminine,indentation/notch,,,
6844,échancrer,v,,to indent/notch,,,
6845,échangeable,adj,,exchangeable,,,
6846,échangeur,n,masculine,interchange (road),,,
6847,échantillonnage,n,masculine,sampling,,,
6848,échantillonner,v,,to sample,,,
6849,échappade,n,feminine,escapade/excursion,,,
6850,échappement,n,masculine,exhaust/escape,,,
6851,échappée,n,feminine,escape/breakaway,,,
6852,échappatoire,n,feminine,loophole,,,
6853,écharpe,n,,scarf/sling,,,
6854,écharper,v,,to shred/lacerate,,,
6855,échasse,n,feminine,stilt,,,
6856,échassier,n,masculine,wader (bird),,,
6857,échaudage,n,masculine,scald (process),,,
6858,échauder,v,,to scald,,,
6859,échauffement,n,masculine,heating,,,
6860,échauffer,v,,to heat up,,,
6861,échauffourée,n,feminine,skirmish,,,
6862,échelonnage,n,masculine,staggering,,,
6863,échelonnement,n,masculine,staggering,,,
6864,échelonner,v,,to stagger/space out,,,
6865,échevelé,adj,,disheveled,,,
6866,échevin,n,masculine,alderman,,,
6867,échine,n,feminine,spine,,,
6868,échiner,v,,to break one's back,,,
6869,échiquier,n,masculine,chessboard,,,
6870,échoir,v,,to fall due/happen,,,
6871,échoppage,n,masculine,engraving,,,
6872,échoppe,n,feminine,stall/engraving tool,,,
6873,échopper,v,,to engrave,,,
6874,échouage,n,masculine,beaching,,,
6875,échouement,n,masculine,grounding/failure,,,
6876,échu,adj,,due/fallen,,,
6877,éclabousser,v,,to splash,,,
6878,éclaboussure,n,feminine,splash,,,
6879,éclair,n,masculine,lightning/flash,,,
6880,éclairage,n,masculine,lighting,,,
6881,éclairagiste,n,masc / fem,lighting technician,,,
6882,éclaircie,n,feminine,clear spell/brightening,,,
6883,éclaircissement,n,masculine,clarification/thinning,,,
6884,éclairement,n,masculine,illumination,,,
6885,éclaireur,n,masculine,scout,,,
6886,éclanche,n,feminine,leg (of lamb),,,
6887,éclatant,adj,,brilliant/shattering,,,
6888,éclatement,n,masculine,bursting,,,
6889,éclectique,adj,,eclectic,,,
6890,éclectisme,n,masculine,eclecticism,,,
6891,éclipse,n,feminine,eclipse,,,
6892,éclipser,v,,to eclipse,,,
6893,écliptique,n/adj,feminine,ecliptic,,,
6894,éclisse,n,feminine,splint/rib (violin),,,
6895,éclisser,v,,to splint,,,
6896,éclore,v,,to hatch/bloom,,,
6897,éclosion,n,feminine,hatching/blossoming,,,
6898,écluse,n,feminine,lock (canal),,,
6899,éclusage,n,masculine,locking (boats),,,
6900,éclusier,n,masculine,lock keeper,,,
6901,éco-organismes,n,masculine-plural,eco-organizations,,,
6902,éco-taxe,n,feminine,eco-tax,,,
6903,écocide,n,masculine,ecocide,,,
6904,écoeurant,adj,,nauseating,,,
6905,écoeurement,n,masculine,disgust,,,
6906,écoeurer,v,,to disgust,,,
6907,écolier,n,masculine,schoolboy,,,
6908,écologie,n,feminine,ecology,,,
6909,écologiquement,adv,,ecologically,,,
6910,écologiste,n/adj,masc / fem,environmentalist,,,
6911,économe,adj,,thrifty,,,
6912,économiseur,n,masculine,economizer,,,
6913,écorce,n,feminine,bark/rind,,,
6914,écorcement,n,masculine,barking (removing),,,
6915,écorcer,v,,to bark (remove),,,
6916,écorchement,n,masculine,skinning,,,
6917,écorcher,v,,to skin/graze,,,
6918,écorchure,n,feminine,graze/scrape,,,
6919,écorner,v,,to dehorn/dog-ear,,,
6920,écornifler,v,,to sponge (off others),,,
6921,écornifleur,n,masculine,sponger,,,
6922,écossais,adj/n,masculine,Scottish,,,
6923,écosser,v,,to shell (peas),,,
6924,écosystème,n,masculine,ecosystem,,,
6925,écot,n,masculine,share of the bill,,,
6926,écoulement,n,masculine,flow/discharge,,,
6927,écourtement,n,masculine,shortening,,,
6928,écourter,v,,to shorten,,,
6929,écouteur,n,masculine,earpiece/headphone,,,
6930,écoutille,n,feminine,hatch (ship),,,
6931,écouvillon,n,masculine,swab/cleaning brush,,,
6932,écouvillonner,v,,to swab,,,
6933,écrabouiller,v,,to crush (informal),,,
6934,écrasement,n,masculine,crushing,,,
6935,écrémer,v,,to skim (milk)/cream off,,,
6936,écrémage,n,masculine,skimming,,,
6937,écrémeuse,n,feminine,cream separator,,,
6938,écrevisse,n,feminine,crayfish,,,
6939,écrin,n,masculine,jewel case,,,
6940,écriteau,n,masculine,sign/notice,,,
6941,écrou,n,masculine,nut (hardware),,,
6942,écroulement,n,masculine,collapse,,,
6943,écroûter,v,,to remove crust,,,
6944,écroûtage,n,masculine,crust removal,,,
6945,écru,adj,,unbleached/raw,,,
6946,ectoplasme,n,masculine,ectoplasm,,,
6947,écubier,n,masculine,hawsehole (ship),,,
6948,écueil,n,masculine,reef/danger,,,
6949,écuelle,n,feminine,bowl,,,
6950,éculer,v,,to run down (heel of shoe),,,
6951,écume,n,feminine,foam/scum,,,
6952,écumer,v,,to foam/skim,,,
6953,écumeur,n,masculine,skimmer,,,
6954,écumoire,n,feminine,skimmer (spoon),,,
6955,écurer,v,,to scour/clean,,,
6956,écurage,n,masculine,scouring,,,
6957,écurie,n,feminine,stable,,,
6958,écusson,n,masculine,shield/patch,,,
6959,écuyer,n,masculine,squire/riding master,,,
6960,eczéma,n,masculine,eczema,,,
6961,éden,n,masculine,Eden,,,
6962,édenté,adj,,toothless,,,
6963,édictage,n,masculine,enactment,,,
6964,édicter,v,,to enact/issue,,,
6965,édification,n,feminine,building/edification,,,
6966,édifier,v,,to build/edify,,,
6967,édifiant,adj,,edifying,,,
6968,édile,n,masculine,alderman/official,,,
6969,éditer,v,,to publish/edit,,,
6970,éditorialiste,n,masc / fem,editorialist,,,
6971,édredon,n,masculine,eiderdown/quilt,,,
6972,éduquer,v,,to educate,,,
6973,éducateur,n,masculine,educator,,,
6974,éducatif,adj,,educational,,,
6975,éducational,adj,,educational,,,
6976,effaçable,adj,,erasable,,,
6977,effacement,n,masculine,erasure/self-effacement,,,
6978,effaceur,n,masculine,eraser,,,
6979,effaner,v,,to remove foliage,,,
6980,effarement,n,masculine,bewilderment,,,
6981,effarer,v,,to bewilder,,,
6982,effaroucher,v,,to scare off,,,
6983,effaroucheur,n,masculine,scarer,,,
6984,efféminé,adj,,effeminate,,,
6985,effervescence,n,feminine,effervescence,,,
6986,effervescent,adj,,effervescent,,,
6987,effeuillage,n,masculine,stripping leaves,,,
6988,effeuiller,v,,to strip leaves,,,
6989,efficient,adj,,efficient,,,
6990,efficience,n,feminine,efficiency,,,
6991,effigie,n,feminine,effigy,,,
6992,effilochage,n,masculine,unraveling,,,
6993,effilocher,v,,to unravel,,,
6994,effiloquer,v,,to fray,,,
6995,efflanqué,adj,,gaunt,,,
6996,effleurement,n,masculine,light touch,,,
6997,effleurer,v,,to touch lightly,,,
6998,effleurage,n,masculine,light massage,,,
6999,efflorescence,n,feminine,efflorescence,,,
7000,effluent,n,masculine,effluent,,,
7001,effluve,n,masculine,effluvium/scent,,,
7002,effraction,n,feminine,breaking and entering,,,
7003,effrayant,adj,,frightening,,,
7004,effréné,adj,,unbridled/unchecked,,,
7005,effritement,n,masculine,crumbling,,,
7006,effriter,v,,to crumble,,,
7007,effroi,n,masculine,terror/dread,,,
7008,effronté,adj,,shameless/impudent,,,
7009,effronterie,n,feminine,impudence,,,
7010,effusion,n,feminine,outpouring/effusion,,,
7011,égaler,v,,to equal,,,
7012,égalisation,n,feminine,equalization/equalizer,,,
7013,égaliser,v,,to equalize,,,
7014,égalisateur,n,,equalizer,,,
7015,égalitaire,adj,,egalitarian,,,
7016,égalitarisme,n,masculine,egalitarianism,,,
7017,égarement,n,masculine,bewilderment/straying,,,
7018,égayer,v,,to cheer up,,,
7019,égide,n,feminine,aegis/protection,,,
7020,églantier,n,masculine,wild rose bush,,,
7021,églantine,n,feminine,wild rose,,,
7022,églogue,n,feminine,eclogue,,,
7023,égorgeur,n,masculine,slaughterer,,,
7024,égosiller,v,,to scream (se époumoner),,,
7025,égout,n,masculine,sewer/drain,,,
7026,égouttage,n,masculine,draining,,,
7027,égouttement,n,masculine,dripping,,,
7028,égoutter,v,,to drain/drip,,,
7029,égouttoir,n,masculine,drainer (rack),,,
7030,égocentrique,adj,,egocentric,,,
7031,égocentrisme,n,masculine,egocentrism,,,
7032,égoïsme,n,masculine,egoism/selfishness,,,
7033,égoïste,adj/n,,egoist/selfish,,,
7034,égoïstement,adv,,selfishly,,,
7035,égrainer,v,,to shell/seed,,,
7036,égrainage,n,masculine,shelling/seeding,,,
7037,égratigner,v,,to scratch,,,
7038,égratignure,n,feminine,scratch,,,
7039,égrener,v,,to shell/drop one by one,,,
7040,égrenage,n,masculine,shelling,,,
7041,égrillard,adj,,racy/lewd,,,
7042,égriser,v,,to grind (diamond),,,
7043,égruger,v,,to crush/grind,,,
7044,égueuler,v,,to shout/break neck of (bottle),,,
7045,égyptologue,n,masc / fem,Egyptologist,,,
7046,égyptologie,n,feminine,Egyptology,,,
7047,éhonté,adj,,shameless,,,
7048,éjaculateur,n,,ejector/ejaculator,,,
7049,éjaculation,n,feminine,ejaculation,,,
7050,éjaculer,v,,to ejaculate,,,
7051,éjection,n,feminine,ejection,,,
7052,éjecter,v,,to eject,,,
7053,éjecteur,n,masculine,ejector,,,
7054,élagage,n,masculine,pruning,,,
7055,élaguer,v,,to prune,,,
7056,élagueur,n,masculine,pruner,,,
7057,élancer,v,,to dash/dart,,,
7058,élancé,adj,,slender/dashing,,,
7059,élasticité,n,feminine,elasticity,,,
7060,élastique,adj/n,masculine,elastic,,,
7061,élastomère,n,masculine,elastomer,,,
7062,élis,n,,Elis (region),,,
7063,élise,n,,(form of élire - verb),,,
7064,électorat,n,masculine,electorate,,,
7065,électoralisme,n,masculine,electoralism,,,
7066,électricien,n,masculine,electrician,,,
7067,électrification,n,feminine,electrification,,,
7068,électrifier,v,,to electrify,,,
7069,électro-aimant,n,masculine,electromagnet,,,
7070,électrocardiogramme,n,masculine,electrocardiogram,,,
7071,électrochoc,n,masculine,electroshock,,,
7072,électrocuter,v,,to electrocute,,,
7073,électrocution,n,feminine,electrocution,,,
7074,électrode,n,feminine,electrode,,,
7075,électrodynamique,adj/n,feminine,electrodynamic,,,
7076,électrolyse,n,feminine,electrolysis,,,
7077,électrolyte,n,masculine,electrolyte,,,
7078,électromagnétique,adj,,electromagnetic,,,
7079,électromécanique,adj/n,feminine,electromechanical,,,
7080,électron,n,masculine,electron,,,
7081,électrotechnique,adj/n,feminine,electrotechnical,,,
7082,électrostatique,adj/n,feminine,electrostatic,,,
7083,élégiaque,adj,,elegiac,,,
7084,élégie,n,feminine,elegy,,,
7085,éléphant,n,masculine,elephant,,,
7086,éléphantesque,adj,,elephantine,,,
7087,élevage,n,masculine,breeding/farming,,,
7088,éleveur,n,masculine,breeder/farmer,,,
7089,élévation,n,feminine,elevation,,,
7090,élévateur,n,masculine,elevator/lift,,,
7091,élitiste,adj/n,,elitist,,,
7092,élitisme,n,masculine,elitism,,,
7093,élixir,n,masculine,elixir,,,
7094,ellébore,n,masculine,hellebore,,,
7095,ellipse,n,feminine,ellipse/ellipsis,,,
7096,elliptique,adj,,elliptical,,,
7097,élogieux,adj,,laudatory,,,
7098,éloignement,n,masculine,distance/removal,,,
7099,éloigné,adj,,distant,,,
7100,élucider,v,,to elucidate,,,
7101,élucidation,n,feminine,elucidation,,,
7102,élucubration,n,feminine,lucubration/rant,,,
7103,éluder,v,,to elude,,,
7104,éluant,n,masculine,eluent,,,
7105,élution,n,feminine,elution,,,
7106,éluvial,adj,,eluvial,,,
7107,éluvion,n,feminine,eluvium,,,
7108,élysée,n,masculine,Elysium/Elysée Palace,,,
7109,élyséen,adj,,Elysian,,,
7110,émail,n,masculine,enamel,,,
7111,émaillage,n,masculine,enameling,,,
7112,émailler,v,,to enamel,,,
7113,émailleur,n,masculine,enameler,,,
7114,émanation,n,feminine,emanation,,,
7115,émancipation,n,feminine,emancipation,,,
7116,émanciper,v,,to emancipate,,,
7117,émarger,v,,to sign in/note in margin,,,
7118,émargement,n,masculine,signing/margin note,,,
7119,émasculation,n,feminine,emasculation,,,
7120,émasculer,v,,to emasculate,,,
7121,emballage,n,,packaging,,,
7122,emballer,v,,to pack/thrill,,,
7123,emballeur,n,masculine,packer,,,
7124,embarcadère,n,masculine,pier/landing,,,
7125,embarcation,n,feminine,boat/small vessel,,,
7126,embarras,n,masculine,embarrassment/hindrance,,,
7127,embarrasser,v,,to embarrass,,,
7128,embarrassant,adj,,embarrassing,,,
7129,embarder,v,,to swerve,,,
7130,embardée,n,feminine,swerve,,,
7131,embarillage,n,masculine,coopering/barreling,,,
7132,embariller,v,,to barrel,,,
7133,embaucheur,n,masculine,recruiter,,,
7134,embauchoir,n,masculine,shoe tree,,,
7135,embaumer,v,,to embalm/scent,,,
7136,embaumeur,n,masculine,embalmer,,,
7137,embellir,v,,to beautify,,,
7138,embellissement,n,masculine,beautification,,,
7139,embêter,v,,to annoy,,,
7140,embêtement,n,masculine,annoyance,,,
7141,emblavage,n,masculine,sowing,,,
7142,emblaver,v,,to sow,,,
7143,emblavure,n,feminine,sowing,,,
7144,emblème,n,masculine,emblem,,,
7145,emblématique,adj,,emblematic,,,
7146,embobinage,n,masculine,winding/deceit,,,
7147,embobiner,v,,to wind/trick,,,
7148,emboîtage,n,masculine,boxing,,,
7149,emboîtement,n,masculine,fitting together,,,
7150,emboîter,v,,to fit/box,,,
7151,emboîture,n,,joint/socket,,,
7152,embolie,n,,embolism,,,
7153,embolisation,n,feminine,embolization,,,
7154,emboliser,v,,to embolize,,,
7155,embonpoint,n,masculine,plumpness,,,
7156,embossage,n,masculine,embossing,,,
7157,embosser,v,,to emboss,,,
7158,embouteillage,n,masculine,traffic jam/bottling,,,
7159,embouteiller,v,,to bottle/cause jam,,,
7160,embouteilleuse,n,feminine,bottler,,,
7161,emboutissage,n,masculine,stamping/forming,,,
7162,emboutir,v,,to stamp/form,,,
7163,emboutisseur,n,masculine,stamper,,,
7164,embranchement,n,masculine,junction/branch,,,
7165,embrancher,v,,to join/branch,,,
7166,embrasement,n,masculine,blaze/conflagration,,,
7167,embraser,v,,to set on fire,,,
7168,embrassade,n,feminine,embrace,,,
7169,embrassement,n,masculine,embrace,,,
7170,embrasure,n,feminine,embrasure (window),,,
7171,embrayage,n,masculine,clutch,,,
7172,embrayer,v,,to engage (clutch),,,
7173,embrayeur,n,masculine,clutch mechanism,,,
7174,embrigadement,n,masculine,enlistment,,,
7175,embrigader,v,,to enlist,,,
7176,embringuer,v,,to drag into (slang),,,
7177,embrochage,n,masculine,spitting (roasting),,,
7178,embrocher,v,,to spit,,,
7179,embrouillage,n,masculine,muddle,,,
7180,embrouillement,n,masculine,muddle,,,
7181,embrouiller,v,,to muddle,,,
7182,embrouille,n,feminine,muddle/mess,,,
7183,embroussailler,v,,to clutter with brush,,,
7184,embrun,n,masculine,spray (sea),,,
7185,embrunir,v,,to tan/brown,,,
7186,embrunissement,n,masculine,tanning,,,
7187,embryologie,n,feminine,embryology,,,
7188,embryologiste,n,masc / fem,embryologist,,,
7189,embryon,n,masculine,embryo,,,
7190,embryonnaire,adj,,embryonic,,,
7191,embûche,n,feminine,trap/ambush,,,
7192,embuer,v,,to mist up,,,
7193,embuscade,n,,ambush,,,
7194,embusquer,v,,to ambush,,,
7195,embusqué,n,masculine,ambusher,,,
7196,émendation,n,feminine,emendation,,,
7197,émender,v,,to emend,,,
7198,émeraude,n,feminine,emerald,,,
7199,émeri,n,masculine,emery,,,
7200,émerillon,n,masculine,swivel,,,
7201,émerillonner,v,,to swivel,,,
7202,émergence,n,feminine,emergence,,,
7203,émergent,adj,,emergent,,,
7204,émerveillement,n,masculine,wonder,,,
7205,émerveiller,v,,to amaze,,,
7206,émétique,adj/n,masculine,emetic,,,
7207,émeutier,n,masculine,rioter,,,
7208,émier,v,,to crumble,,,
7209,émiettement,n,masculine,crumbling,,,
7210,émietter,v,,to crumble,,,
7211,émigrant,n/adj,masculine,emigrant,,,
7212,émigration,n,feminine,emigration,,,
7213,émigré,n,masculine,emigrant,,,
7214,émigrer,v,,to emigrate,,,
7215,éminence,n,feminine,eminence,,,
7216,éminemment,adv,,eminently,,,
7217,émincer,v,,to slice thinly,,,
7218,émir,n,masculine,emir,,,
7219,émirat,n,masculine,emirate,,,
7220,emmagasinage,n,,storage,,,
7221,emmagasiner,v,,to store,,,
7222,emmaillotement,n,masculine,swaddling,,,
7223,emmailloter,v,,to swaddle,,,
7224,emmanchement,n,masculine,fitting/handling,,,
7225,emmancher,v,,to fit (handle)/begin,,,
7226,emménagement,n,masculine,moving in,,,
7227,emménager,v,,to move in,,,
7228,emmerdeur,n,masculine,annoying person (vulgar),,,
7229,emmétropie,n,feminine,emmetropia (vision),,,
7230,emmitoufler,v,,to wrap up warm,,,
7231,emmurer,v,,to wall in,,,
7232,émoi,n,masculine,commotion/emotion,,,
7233,émollient,adj/n,masculine,emollient,,,
7234,émolument,n,masculine,emolument/fee,,,
7235,émonctoire,n,masculine,emunctory,,,
7236,émondage,n,masculine,pruning,,,
7237,émonder,v,,to prune,,,
7238,émondeur,n,masculine,pruner,,,
7239,émotif,adj,,emotional,,,
7240,émotionnel,adj,,emotional,,,
7241,émotivité,n,feminine,emotionality,,,
7242,émoucher,v,,to shoo flies,,,
7243,émouchoir,n,masculine,fly swatter,,,
7244,émoudre,v,,to sharpen (grind),,,
7245,émoulu,adj,,sharpened,,,
7246,émousser,v,,to blunt/dull,,,
7247,émoustiller,v,,to titillate/stimulate,,,
7248,émouvant,adj,,moving/touching,,,
7249,empaillage,n,masculine,stuffing/upholstery,,,
7250,empailler,v,,to stuff (taxidermy),,,
7251,empailleur,n,masculine,stuffer,,,
7252,empalement,n,masculine,impaling,,,
7253,empaler,v,,to impale,,,
7254,empan,n,masculine,span (measurement),,,
7255,empanaché,adj,,plumed,,,
7256,empans,n,masculine-plural,spans,,,
7257,empaquetage,n,masculine,wrapping,,,
7258,empaqueter,v,,to wrap,,,
7259,empart,n,masculine,(form of emparer),,,
7260,empasme,n,masculine,perfumed powder,,,
7261,empasteler,v,,to paint in pastel,,,
7262,empâtement,n,masculine,clogging/pasty state,,,
7263,empâter,v,,to clog/make pasty,,,
7264,empathie,n,feminine,empathy,,,
7265,empathique,adj,,empathic,,,
7266,empattement,n,masculine,base (building),,,
7267,empatter,v,,to splay (foundation),,,
7268,empaumer,v,,to grasp/win over,,,
7269,empêchement,n,masculine,hindrance,,,
7270,empeigne,n,feminine,upper (shoe),,,
7271,empennage,n,masculine,tail unit (plane),,,
7272,empenner,v,,to fletch (arrow),,,
7273,empesage,n,masculine,starching,,,
7274,empeser,v,,to starch,,,
7275,empester,v,,to stink/infect,,,
7276,empêtrer,v,,to entangle,,,
7277,emphase,n,feminine,emphasis/bombast,,,
7278,emphatique,adj,,emphatic/bombastic,,,
7279,emphatiquement,adv,,emphatically,,,
7280,emphytéose,n,feminine,long-term lease,,,
7281,emphytéotique,adj,,long-term (lease),,,
7282,empiècement,n,masculine,yoke (garment),,,
7283,empiécer,v,,to patch/yoke,,,
7284,empiétement,n,masculine,encroachment,,,
7285,empiéter,v,,to encroach,,,
7286,empiffrer,v,,to stuff (food),,,
7287,empilement,n,masculine,stacking,,,
7288,empiler,v,,to stack,,,
7289,empileur,n,masculine,stacker,,,
7290,empirisme,n,masculine,empiricism,,,
7291,empirique,adj,,empirical,,,
7292,empiriquement,adv,,empirically,,,
7293,emplafonner,v,,to smash into (slang),,,
7294,emplâtre,n,masculine,plaster (medical),,,
7295,emplette,n,feminine,purchase,,,
7296,emplir,v,,to fill,,,
7297,employable,adj,,employable,,,
7298,emplumage,n,masculine,feathering,,,
7299,emplumer,v,,to feather,,,
7300,empoisonnant,adj,,poisonous/annoying,,,
7301,empoisonnement,n,masculine,poisoning,,,
7302,empoisonner,v,,to poison,,,
7303,empoisonneur,n,masculine,poisoner,,,
7304,empoissage,n,masculine,pitching (barrel),,,
7305,empoisser,v,,to coat with pitch,,,
7306,empoissonnement,n,masculine,stocking (fish),,,
7307,empoissonner,v,,to stock (fish),,,
7308,emportement,n,masculine,outburst/temper,,,
7309,emporté,adj,,fiery/hot-tempered,,,
7310,empoter,v,,to pot (plants),,,
7311,empotage,n,masculine,potting,,,
7312,empouille,n,feminine,stubble (fields),,,
7313,empourpré,adj,,purpled,,,
7314,empourprer,v,,to color purple,,,
7315,empreindre,v,,to imprint,,,
7316,empressement,n,masculine,eagerness,,,
7317,empressé,adj,,eager/zealous,,,
7318,emprisonnement,n,masculine,imprisonment,,,
7319,emprunteur,n,masculine,borrower,,,
7320,empuantir,v,,to stink/infect,,,
7321,empuantissement,n,masculine,stink,,,
7322,empyème,n,masculine,empyema (pus),,,
7323,empyrée,n,masculine,empyrean,,,
7324,ému,adj,,moved/touched,,,
7325,émulateur,n,masculine,emulator,,,
7326,émulation,n,feminine,emulation,,,
7327,émule,n,masc / fem,rival/emulator,,,
7328,émulsif,adj,masculine,emulsifying,,,
7329,émulsification,n,feminine,emulsification,,,
7330,émulsifier,v,,to emulsify,,,
7331,émulsion,n,feminine,emulsion,,,
7332,émulsionner,v,,to emulsify,,,
7333,encadrage,n,masculine,framing,,,
7334,encadreur,n,masculine,framer,,,
7335,encaissage,n,masculine,boxing/crating,,,
7336,encaissement,n,masculine,collection (payment),,,
7337,encaisseur,n,masculine,collector,,,
7338,encans,n,masculine-plural,auctions,,,
7339,encan,n,masculine,auction,,,
7340,encanailler,v,,to lower oneself (socially),,,
7341,encapuchonner,v,,to hood,,,
7342,encaquage,n,masculine,packing (in barrels),,,
7343,encaquer,v,,to pack (in barrels),,,
7344,encart,n,masculine,insert (newspaper),,,
7345,encartage,n,masculine,inserting,,,
7346,encarter,v,,to insert,,,
7347,encartonneuse,n,feminine,cartoning machine,,,
7348,encastrage,n,masculine,recessing,,,
7349,encastrement,n,masculine,recessing,,,
7350,encastrer,v,,to recess/fit in,,,
7351,encaustique,n,feminine,wax polish,,,
7352,encaustiquer,v,,to wax,,,
7353,encavage,n,masculine,storing in cellar,,,
7354,encaver,v,,to store in cellar,,,
7355,encaveur,n,masculine,wine merchant,,,
7356,encensement,n,masculine,incensing,,,
7357,encenser,v,,to incense/praise,,,
7358,encenseur,n,masculine,flatterer,,,
7359,encensoir,n,masculine,censer,,,
7360,encéphale,n,masculine,brain,,,
7361,encéphalique,adj,,encephalic,,,
7362,encéphalite,n,feminine,encephalitis,,,
7363,encéphalogramme,n,masculine,encephalogram,,,
7364,enchaînement,n,masculine,chaining/sequence,,,
7365,enchantement,n,masculine,enchantment,,,
7366,enchanteur,n/adj,,enchanter,,,
7367,enchâsser,v,,to set (stone)/mount,,,
7368,enchâssure,n,feminine,setting/mount,,,
7369,enchère,n,feminine,auction bid,,,
7370,enchérir,v,,to bid higher,,,
7371,enchérissement,n,masculine,price increase,,,
7372,enchérisseur,n,masculine,bidder,,,
7373,enchevêtrement,n,masculine,tangle,,,
7374,enchevêtrer,v,,to tangle,,,
7375,encirer,v,,to wax,,,
7376,enclave,n,,enclave,,,
7377,enclavement,n,masculine,isolation (of land),,,
7378,enclaver,v,,to enclose,,,
7379,enclore,v,,to enclose,,,
7380,enclos,n,masculine,enclosure,,,
7381,enclôture,n,feminine,enclosure,,,
7382,enclume,n,feminine,anvil,,,
7383,encochage,n,masculine,notching,,,
7384,encoche,n,feminine,notch,,,
7385,encocher,v,,to notch,,,
7386,encodage,n,masculine,encoding,,,
7387,encoder,v,,to encode,,,
7388,encodeur,n,masculine,encoder,,,
7389,encoffrer,v,,to lock up,,,
7390,encognure,n,feminine,corner/nook,,,
7391,encollage,n,masculine,sizing (paper),,,
7392,encoller,v,,to size,,,
7393,encolure,n,feminine,neckline/neck,,,
7394,encombrant,adj,,cumbersome,,,
7395,encombrement,n,masculine,clutter/congestion,,,
7396,encombrer,v,,to clutter/block,,,
7397,encorbellement,n,masculine,corbel/overhang,,,
7398,encorbellemental,adj,,corbelled,,,
7399,encorder,v,,to tie up/cord,,,
7400,encorné,adj,,horned,,,
7401,encourir,v,,to incur,,,
7402,encrage,n,masculine,inking,,,
7403,encrasser,v,,to clog/dirty,,,
7404,encrassement,n,masculine,clogging,,,
7405,encre,n,feminine,ink,,,
7406,encrer,v,,to ink,,,
7407,encrier,n,masculine,inkwell,,,
7408,encroûtement,n,masculine,crusting,,,
7409,encroûter,v,,to crust,,,
7410,encryptage,n,masculine,encryption,,,
7411,crypteur,n,masculine,encryptor,,,
7412,encrypter,v,,to encrypt,,,
7413,encryption,n,feminine,encryption,,,
7414,encuver,v,,to put in a vat,,,
7415,encuvage,n,masculine,putting in vat,,,
7416,encyclique,n,feminine,encyclical,,,
7417,encyclopédie,n,feminine,encyclopedia,,,
7418,encyclopédique,adj,,encyclopedic,,,
7419,encyclopédiste,n,masc / fem,encyclopedist,,,
7420,endaubage,n,masculine,stewing,,,
7421,endauber,v,,to stew,,,
7422,endémic,adj,,(typo in source) endemic,,,
7423,endémie,n,feminine,endemic disease,,,
7424,endémique,adj,,endemic,,,
7425,endément,n,,(archaic) madness,,,
7426,endetter,v,,to indebt,,,
7427,endettement,n,masculine,indebtedness,,,
7428,endêver,v,,to enrage,,,
7429,endiablé,adj,,devilish/furious,,,
7430,endiguement,n,masculine,diking,,,
7431,endiguer,v,,to dike/contain,,,
7432,endimancher,v,,to dress up (Sunday best),,,
7433,endive,n,feminine,endive,,,
7434,endoctrinement,n,masculine,indoctrination,,,
7435,endoctriner,v,,to indoctrinate,,,
7436,endogamie,n,feminine,endogamy,,,
7437,endogamique,adj,,endogamous,,,
7438,endogène,adj,,endogenous,,,
7439,endolorir,v,,to make painful,,,
7440,endométriose,n,feminine,endometriosis,,,
7441,endomorphisme,n,masculine,endomorphism,,,
7442,endormant,adj,,sleep-inducing,,,
7443,endormi,adj,masculine,asleep,,,
7444,endormissement,n,masculine,falling asleep,,,
7445,endosser,v,,to endorse/put on (coat),,,
7446,endossement,n,masculine,endorsement,,,
7447,endosseur,n,masculine,endorser,,,
7448,endoscope,n,masculine,endoscope,,,
7449,endoscopie,n,feminine,endoscopy,,,
7450,endothermique,adj,,endothermic,,,
7451,endoxan,n,masculine,Endoxan (drug),,,
7452,enduire,v,,to coat,,,
7453,enduit,n,masculine,coating/plaster,,,
7454,endurancier,adj,masculine,endurance-related,,,
7455,endurance,n,feminine,endurance,,,
7456,endurant,adj,,enduring,,,
7457,endurcir,v,,to harden,,,
7458,endurcissement,n,masculine,hardening,,,
7459,endurer,v,,to endure,,,
7460,énergétiquement,adv,,energetically,,,
7461,énergies,n,feminine-plural,energies,,,
7462,énergiquement,adv,,energetically,,,
7463,énergumène,n,masc / fem,fanatic/madman,,,
7464,énervant,adj,,irritating,,,
7465,énervement,n,masculine,irritation,,,
7466,énerver,v,,to irritate,,,
7467,énucléer,v,,to enucleate/remove,,,
7468,énumératif,adj,,enumerative,,,
7469,énumération,n,feminine,enumeration,,,
7470,énucléations,n,feminine-plural,enucleations,,,
7471,énoncé,n,masculine,statement,,,
7472,énonciation,n,feminine,enunciation,,,
7473,enorgueillir,v,,to make proud,,,
7474,énormité,n,feminine,enormity,,,
7475,enquiquiner,v,,to annoy (informal),,,
7476,enquiquineur,n,masculine,annoying person,,,
7477,enquérir,v,,to inquire,,,
7478,enracinement,n,masculine,rooting,,,
7479,enraciner,v,,to root,,,
7480,enrager,v,,to enrage,,,
7481,enrayer,v,,to stop/jam,,,
7482,enrayage,n,masculine,jamming/stopping,,,
7483,enregistreur,n,masculine,recorder,,,
7484,enregistreuse,n,feminine,recorder,,,
7485,enrichissement,n,masculine,enrichment,,,
7486,enrôlement,n,masculine,enlistment,,,
7487,enrôler,v,,to enlist,,,
7488,enrouement,n,masculine,hoarseness,,,
7489,enrouer,v,,to make hoarse,,,
7490,enroulage,n,masculine,winding,,,
7491,enroulement,n,masculine,winding/coil,,,
7492,enrouler,v,,to wind/roll,,,
7493,enrouleur,n,masculine,winder/reel,,,
7494,ensablement,n,masculine,sanding up,,,
7495,ensabler,v,,to cover with sand,,,
7496,ensachage,n,masculine,bagging,,,
7497,ensacher,v,,to bag,,,
7498,ensanglanter,v,,to stain with blood,,,
7499,enseigne,n,feminine,sign/standard,,,
7500,ensemencement,n,masculine,seeding,,,
7501,ensemencer,v,,to seed,,,
7502,enserrer,v,,to enclose,,,
7503,ensevelir,v,,to bury,,,
7504,ensevelissement,n,masculine,burial,,,
7505,ensilage,n,masculine,silage,,,
7506,ensiler,v,,to ensile,,,
7507,ensoleillé,adj,,sunny,,,
7508,ensoleillement,n,masculine,sunshine,,,
7509,ensommeillé,adj,,sleepy,,,
7510,ensorceler,v,,to bewitch,,,
7511,ensorcellement,n,masculine,bewitchment,,,
7512,ensorceleur,n,,enchanter,,,
7513,ensuivant,adj,,following,,,
7514,entame,n,feminine,first cut/beginning,,,
7515,entartrer,v,,to descale,,,
7516,entassement,n,masculine,piling up,,,
7517,entasser,v,,to pile up,,,
7518,entendement,n,masculine,understanding,,,
7519,entendu,adj,,agreed/understood,,,
7520,enterrement,n,masculine,burial/funeral,,,
7521,en-tête,n,masculine,header,,,
7522,enthousiasmer,v,,to thrill,,,
7523,entoilage,n,masculine,interlining,,,
7524,entoiler,v,,to interline/canvas,,,
7525,entonnage,n,masculine,barreling,,,
7526,entonner,v,,to barrel/begin singing,,,
7527,entonnoir,n,masculine,funnel,,,
7528,entorse,n,feminine,sprain,,,
7529,entortillement,n,masculine,twisting,,,
7530,entortiller,v,,to twist,,,
7531,entourage,n,,surroundings/staff,,,
7532,entournure,n,feminine,armhole,,,
7533,entrailles,n,feminine-plural,entrails/bowels,,,
7534,entrain,n,masculine,enthusiasm/spirit,,,
7535,entrant,adj,masculine,entering,,,
7536,entrave,n,feminine,shackle/hindrance,,,
7537,entre-tuer,v,,to kill each other,,,
7538,entre-deux,n,masculine,interval,,,
7539,entrechoquer,v,,to knock together,,,
7540,entrecôte,n,feminine,rib steak,,,
7541,entrecouper,v,,to interrupt,,,
7542,entrecroiser,v,,to crisscross,,,
7543,entre-deux-guerres,n,masculine-singular,interwar period,,,
7544,entredire,v,,to say to each other,,,
7545,entre-filet,n,masculine,sirloin,,,
7546,entre-haïr,v,,to hate each other,,,
7547,entrelacement,n,masculine,interlacing,,,
7548,entrelacer,v,,to interlace,,,
7549,entremêler,v,,to intermingle,,,
7550,entremets,n,masculine,dessert/side dish,,,
7551,entremise,n,feminine,mediation,,,
7552,entreposeur,n,masculine,warehouseman,,,
7553,entreposer,v,,to store,,,
7554,entreposage,n,masculine,storage,,,
7555,entrepôt,n,masculine,warehouse,,,
7556,entresole,n,masculine,mezzanine,,,
7557,entretien,n,,maintenance/interview,,,
7558,entropie,n,feminine,entropy,,,
7559,entropique,adj,,entropic,,,
7560,entrouvrir,v,,to half-open,,,
7561,entuber,v,,to pipe/trick (slang),,,
7562,envahissant,adj,,invasive,,,
7563,envahisseur,n,masculine,invader,,,
7564,enveloppe,n,,envelope,,,
7565,enveloppement,n,masculine,wrapping,,,
7566,envenimement,n,masculine,poisoning/worsening,,,
7567,envenimer,v,,to poison/worsen,,,
7568,enviable,adj,,enviable,,,
7569,envier,v,,to envy,,,
7570,envieux,adj,,envious,,,
7571,environner,v,,to surround,,,
7572,environs,n,masculine-plural,surroundings,,,
7573,envisageable,adj,,conceivable,,,
7574,envoûtement,n,masculine,spell/enchantment,,,
7575,envoûter,v,,to bewitch,,,
7576,envoûteur,n,masculine,enchanter,,,
7577,envoyé,n,masculine,envoy,,,
7578,enzymatique,adj,,enzymatic,,,
7579,enzyme,n,feminine,enzyme,,,
7580,éocène,n,masculine,Eocene,,,
7581,éolien,adj,,wind (energy),,,
7582,éolienne,n,,wind turbine,,,
7583,éosine,n,feminine,eosin,,,
7584,épaissir,v,,to thicken,,,
7585,épaississant,n,masculine,thickener,,,
7586,épaisseur,n,feminine,thickness,,,
7587,épancher,v,,to pour out,,,
7588,épanchement,n,masculine,pouring out/effusion,,,
7589,épandre,v,,to spread,,,
7590,épandage,n,masculine,spreading,,,
7591,épanouissement,n,masculine,blossoming/flowering,,,
7592,éparpiller,v,,to scatter,,,
7593,éparpillement,n,masculine,scattering,,,
7594,épars,adj,,scattered,,,
7595,épate,n,feminine,amazement (slang),,,
7596,épater,v,,to amaze (slang),,,
7597,épatant,adj,,amazing (slang),,,
7598,épauler,v,,to support/shoulder,,,
7599,épaulette,n,feminine,epaulet,,,
7600,épave,n,feminine,wreck/derelict,,,
7601,épée,n,feminine,sword,,,
7602,épeler,v,,to spell,,,
7603,épellation,n,feminine,spelling,,,
7604,éperon,n,masculine,spur,,,
7605,éperonner,v,,to spur,,,
7606,éperdu,adj,,distraught/beside oneself,,,
7607,éperdumment,adv,,frantically,,,
7608,éperlan,n,masculine,smelt (fish),,,
7609,épervier,n,masculine,hawk,,,
7610,éphémère,adj,,ephemeral,,,
7611,éphémérides,n,feminine-plural,ephemerides,,,
7612,éphéméride,n,feminine,calendar/almanac,,,
7613,épi,n,masculine,ear of corn/spike,,,
7614,épice,n,feminine,spice,,,
7615,épicer,v,,to spice,,,
7616,épicerie,n,feminine,grocery store,,,
7617,épicier,n,masculine,grocer,,,
7618,épicentre,n,masculine,epicenter,,,
7619,épicurien,adj/n,masculine,epicurean,,,
7620,épicurisme,n,masculine,epicureanism,,,
7621,épidémiologie,n,feminine,epidemiology,,,
7622,épidémiologique,adj,,epidemiological,,,
7623,épidémique,adj,,epidemic,,,
7624,épiderme,n,masculine,epidermis,,,
7625,épidermique,adj,,epidermal,,,
7626,épiement,n,masculine,spying,,,
7627,épier,v,,to spy,,,
7628,épigone,n,masculine,epigone/follower,,,
7629,épigraphe,n,feminine,epigraph,,,
7630,épigraphie,n,feminine,epigraphy,,,
7631,épilation,n,feminine,hair removal,,,
7632,épiler,v,,to remove hair,,,
7633,épilateur,n,masculine,epilator,,,
7634,épilepsie,n,feminine,epilepsy,,,
7635,épileptique,adj/n,masc / fem,epileptic,,,
7636,épilogue,n,masculine,epilogue,,,
7637,épiloguer,v,,to comment needlessly,,,
7638,épinard,n,masculine,spinach,,,
7639,épine,n,feminine,thorn/spine,,,
7640,épineux,adj,,thorny,,,
7641,épinette,n,,spinet (harpsichord),,,
7642,épingle,n,,pin,,,
7643,épingler,v,,to pin,,,
7644,épinglette,n,feminine,small pin,,,
7645,épiphanie,n,feminine,Epiphany,,,
7646,épique,adj,,epic,,,
7647,épiscopal,adj,,episcopal,,,
7648,épiscopat,n,masculine,episcopacy,,,
7649,épisodique,adj,,episodic,,,
7650,épisodiquement,adv,,episodically,,,
7651,épistémologie,n,feminine,epistemology,,,
7652,épistémologique,adj,,epistemological,,,
7653,épistolaire,adj,,epistolary,,,
7654,épitaphe,n,,epitaph,,,
7655,épitète,n,,epithet,,,
7656,épithète,n,feminine,epithet,,,
7657,épitomé,n,masculine,epitome,,,
7658,épître,n,feminine,epistle,,,
7659,épizootie,n,feminine,epizootic (epidemic in animals),,,
7660,épluchage,n,masculine,peeling,,,
7661,éplucher,v,,to peel,,,
7662,épluchure,n,feminine,peeling,,,
7663,éponge,n,feminine,sponge,,,
7664,éponger,v,,to sponge,,,
7665,épopée,n,feminine,epic (poem),,,
7666,épouillage,n,masculine,delousing,,,
7667,épouiller,v,,to delouse,,,
7668,épouse,n,feminine,wife,,,
7669,époussetage,n,masculine,dusting,,,
7670,épousseter,v,,to dust,,,
7671,époussette,n,feminine,duster,,,
7672,épouvantablement,adv,,frightfully,,,
7673,épouvantail,n,masculine,scarecrow,,,
7674,épouvante,n,feminine,terror,,,
7675,épouvanter,v,,to terrify,,,
7676,éprendre,v,,to fall in love (se éprendre),,,
7677,épris,adj,,in love,,,
7678,éprouvant,adj,,trying/exhausting,,,
7679,éprouvette,n,feminine,test tube,,,
7680,épuisant,adj,,exhausting,,,
7681,épuisement,n,masculine,exhaustion,,,
7682,épuisette,n,feminine,landing net,,,
7683,épulpeur,n,masculine,pulper,,,
7684,épuration,n,feminine,purification,,,
7685,épurer,v,,to purify,,,
7686,équarrissage,n,masculine,squaring (wood),,,
7687,équarrir,v,,to square (wood),,,
7688,équateur,n,masculine,equator,,,
7689,équerre,n,feminine,square (tool),,,
7690,équerrer,v,,to square (tool),,,
7691,équidé,n,masculine,equine,,,
7692,équilibrage,n,masculine,balancing,,,
7693,équilibriste,n,masc / fem,tightrope walker,,,
7694,équin,adj,,equine,,,
7695,équinoxe,n,masculine,equinox,,,
7696,équinoxial,adj,,equinoctial,,,
7697,équipage,n,,crew/carriage,,,
7698,équipier,n,masculine,teammate/crew member,,,
7699,équiprobabilité,n,feminine,equiprobability,,,
7700,équiprobalité,n,,equiprobability,,,
7701,équitablement,adv,,fairly,,,
7702,équitation,n,feminine,horse riding,,,
7703,équivalence,n,feminine,equivalence,,,
7704,équivoque,adj/n,feminine,equivocal,,,
7705,érable,n,masculine,maple,,,
7706,éradications,n,feminine-plural,eradications,,,
7707,éradication,n,feminine,eradication,,,
7708,éradiquer,v,,to eradicate,,,
7709,éraflure,n,feminine,scratch,,,
7710,érafler,v,,to scratch,,,
7711,éraflures,n,feminine-plural,scratches,,,
7712,éreintant,adj,,exhausting,,,
7713,éreintement,n,masculine,exhaustion,,,
7714,éreinter,v,,to exhaust,,,
7715,érigé,adj,,erected,,,
7716,érection,n,feminine,erection,,,
7717,ermite,n,masculine,hermit,,,
7718,ermitage,n,,hermitage,,,
7719,érodabilité,n,feminine,erodability,,,
7720,érodable,adj,,erodable,,,
7721,éroder,v,,to erode,,,
7722,érosion,n,feminine,erosion,,,
7723,érotique,adj,,erotic,,,
7724,érotisme,n,masculine,eroticism,,,
7725,errance,n,feminine,wandering,,,
7726,errant,adj,,wandering,,,
7727,erratique,adj,,erratic,,,
7728,erratum,n,masculine,erratum,,,
7729,errements,n,masculine-plural,wandering/ways,,,
7730,errer,v,,to wander,,,
7731,éructation,n,feminine,eructation/burp,,,
7732,éructer,v,,to eruct/burp,,,
7733,érudit,n/adj,masculine,erudite/scholar,,,
7734,érudition,n,feminine,erudition,,,
7735,éruptif,adj,,eruptive,,,
7736,éruption,n,feminine,eruption,,,
7737,érythème,n,masculine,erythema,,,
7738,érythrocyte,n,masculine,erythrocyte,,,
7739,ès,prep,,in (titles),,,
7740,escabeau,n,masculine,step ladder,,,
7741,escadre,n,feminine,squadron,,,
7742,escadrille,n,feminine,squadron,,,
7743,escadron,n,masculine,squadron,,,
7744,escalade,n,feminine,climbing/escalation,,,
7745,escalader,v,,to climb,,,
7746,escalope,n,feminine,escalope,,,
7747,escamoteur,n,masculine,conjuror,,,
7748,escamotage,n,masculine,conjuring/stealing,,,
7749,escamoter,v,,to conjure/steal,,,
7750,escapade,n,feminine,escapade,,,
7751,escargot,n,masculine,snail,,,
7752,escarpé,adj,,steep,,,
7753,escarpement,n,masculine,escarpment,,,
7754,escarpin,n,masculine,pump (shoe),,,
7755,escarre,n,feminine,bedsore,,,
7756,esclavage,n,masculine,slavery,,,
7757,esclavagiste,n/adj,masc / fem,slavery-related,,,
7758,esclandre,n,masculine,scandal/scene,,,
7759,escobar,n,masculine,(hypocritical person),,,
7760,escogriffe,n,masculine,lanky person,,,
7761,escompte,n,masculine,discount,,,
7762,escompteur,n,masculine,discounter,,,
7763,escorte,n,feminine,escort,,,
7764,escorter,v,,to escort,,,
7765,escouade,n,feminine,squad,,,
7766,escrime,n,feminine,fencing,,,
7767,escrimeur,n,masculine,fencer,,,
7768,escroc,n,masculine,crook,,,
7769,escroquer,v,,to swindle,,,
7770,escroquerie,n,feminine,swindle,,,
7771,esgourde,n,feminine,ear (slang),,,
7772,espacement,n,masculine,spacing,,,
7773,espacer,v,,to space,,,
7774,espalier,n,masculine,espalier,,,
7775,espérantiste,n,masc / fem,Esperantist,,,
7776,espéranto,n,masculine,Esperanto,,,
7777,espiègle,adj,,mischievous,,,
7778,espièglerie,n,feminine,mischief,,,
7779,espion,n,masculine,spy,,,
7780,espionnage,n,masculine,espionage,,,
7781,espionner,v,,to spy,,,
7782,esplanade,n,feminine,esplanade,,,
7783,esquif,n,masculine,skiff,,,
7784,esquille,n,feminine,bone fragment,,,
7785,esquimau,n,masculine,Eskimo,,,
7786,esquisse,n,feminine,sketch,,,
7787,esquisser,v,,to sketch,,,
7788,esquive,n,feminine,dodge,,,
7789,esquiver,v,,to dodge,,,
7790,essaim,n,masculine,swarm,,,
7791,essaimage,n,masculine,swarming/spin-off,,,
7792,essaimer,v,,to swarm,,,
7793,essanger,v,,to wash (soiled clothes),,,
7794,essartage,n,masculine,slash-and-burn,,,
7795,essarter,v,,to clear (land),,,
7796,essayage,n,,trying on,,,
7797,essayiste,n,masc / fem,essayist,,,
7798,essieu,n,masculine,axle,,,
7799,essorage,n,masculine,wringing out,,,
7800,essorer,v,,to wring out,,,
7801,essoreuse,n,feminine,spin dryer,,,
7802,essouchage,n,masculine,grubbing up,,,
7803,essoufflement,n,masculine,breathlessness,,,
7804,essouffler,v,,to make breathless,,,
7805,essuie-glace,n,masculine,wiper,,,
7806,essuie-mains,n,masculine,towel,,,
7807,essuyage,n,masculine,wiping,,,
7808,estacade,n,feminine,stockade/pier,,,
7809,estafette,n,feminine,courier/van,,,
7810,estagnon,n,masculine,oil container,,,
7811,estampe,n,feminine,engraving,,,
7812,estampillage,n,masculine,stamping,,,
7813,estampille,n,feminine,stamp,,,
7814,estampiller,v,,to stamp,,,
7815,estivant,n,masculine,summer visitor,,,
7816,estivation,n,feminine,aestivation (dormancy),,,
7817,estiver,v,,to summer,,,
7818,estoc,n,masculine,point (sword),,,
7819,estocade,n,feminine,sword thrust,,,
7820,estomac,n,masculine,stomach,,,
7821,estompe,n,feminine,stump (drawing),,,
7822,estomper,v,,to soften/blur,,,
7823,estouffade,n,feminine,braise,,,
7824,estrade,n,feminine,platform,,,
7825,estragon,n,masculine,tarragon,,,
7826,estran,n,masculine,foreshore,,,
7827,estropié,n/adj,masculine,crippled,,,
7828,estropier,v,,to cripple,,,
7829,estuaire,n,masculine,estuary,,,
7830,estuairien,adj,,estuarine,,,
7831,esthète,n,masc / fem,aesthete,,,
7832,esthéticien,n,masculine,beautician,,,
7833,esthétisme,n,masculine,aestheticism,,,
7834,estimable,adj,,estimable,,,
7835,estime,n,feminine,esteem,,,
7836,étable,n,feminine,stable (cows),,,
7837,établi,n,masculine,workbench,,,
7838,étagement,n,masculine,tiering,,,
7839,étager,v,,to tier,,,
7840,étagère,n,feminine,shelf,,,
7841,étai,n,masculine,support/strut,,,
7842,étayage,n,masculine,propping up,,,
7843,étain,n,masculine,tin,,,
7844,étal,n,masculine,stall (market),,,
7845,étalage,n,masculine,display/showing off,,,
7846,étalagiste,n,masc / fem,window dresser,,,
7847,étalement,n,masculine,spreading,,,
7848,étalon,n,masculine,stallion/standard,,,
7849,étalonnage,n,masculine,calibration,,,
7850,étalonner,v,,to calibrate,,,
7851,étamage,n,masculine,tinning,,,
7852,étamer,v,,to tin,,,
7853,étameur,n,masculine,tinner,,,
7854,étamine,n,feminine,cheesecloth,,,
7855,étanche,adj,,watertight,,,
7856,étanchéité,n,feminine,tightness/waterproofing,,,
7857,étancher,v,,to seal/quench,,,
7858,étançon,n,masculine,prop,,,
7859,étançonner,v,,to prop up,,,
7860,étang,n,masculine,pond,,,
7861,étatique,adj,,state (relating to),,,
7862,étatisation,n,feminine,nationalization,,,
7863,étatiser,v,,to nationalize,,,
7864,états-unien,adj,masculine,American (USA),,,
7865,étau,n,masculine,vise,,,
7866,étayements,n,masculine-plural,support/shoring,,,
7867,nord-est,n,,northeast,,,
7868,cohésion sociale,n,feminine,social cohesion,,,
7869,engagement citoyen,n,masculine,civic engagement,,,
7870,marché du travail,n,masculine,labor market,,,
7871,pénurie de main-d'œuvre,n,feminine,labor shortage,,,
7872,empreinte carbone,n,feminine,carbon footprint,,,
7873,changement climatique,n,masculine,climate change,,,
7874,neutralité carbone,n,feminine,carbon neutrality,,,
7875,déforestation,n,feminine,deforestation,,,
7876,biodiversité,n,feminine,biodiversity,,,
7877,économie circulaire,n,feminine,circular economy,,,
7878,intelligence artificielle,n,feminine,artificial intelligence,,,
7879,cybersécurité,n,feminine,cybersecurity,,,
7880,souveraineté numérique,n,feminine,digital sovereignty,,,
7881,fact-checking,n,masculine,fact-checking,,,
7882,liberté de la presse,n,feminine,freedom of the press,,,
7883,écotourisme,n,masculine,ecotourism,,,
7884,mobilité douce,n,feminine,sustainable transport,,,
7885,surtourisme,n,masculine,overtourism,,,
7886,patrimoine culturel,n,masculine,cultural heritage,,,
7887,changement de paradigme,n,masculine,paradigm shift,,,
7888,innovation de rupture,n,feminine,disruptive innovation,,,
7889,santé publique,n,feminine,public health,,,
7890,taux de mortalité,n,masculine,mortality rate,,,
7891,hygiène de vie,n,feminine,lifestyle,,,
7892,médecin traitant,n,masculine,primary care physician,,,
7893,assurance maladie,n,feminine,health insurance,,,
7894,maladie chronique,n,feminine,chronic disease,,,
7895,alimentation équilibrée,n,feminine,balanced diet,,,
7896,contrat à durée indéterminée,n,masculine,open-ended contract,,,
7897,climat de travail,n,feminine,work climate,,,
7898,montée en compétences,n,feminine,upskilling,,,
7899,pouvoir d'achat,n,masculine,purchasing power,,,
7900,effet de serre,n,masculine,greenhouse effect,,,
7901,tri sélectif,n,masculine,waste sorting,,,
7902,gaspillage alimentaire,n,masculine,food waste,,,
7903,développement durable,n,masculine,sustainable development,,,
7904,mobilité active,n,feminine,active transport,,,
7905,piste cyclable,n,feminine,bike lane,,,
7906,esprit d'équipe,n,masculine,team spirit,,,
7907,temps d'écran,n,masculine,screen time,,,
7908,addiction aux écrans,n,feminine,screen addiction,,,
7909,fracture numérique,n,feminine,digital divide,,,
7910,protection des données,n,feminine,data protection,,,
7911,obsolescence programmée,n,feminine,planned obsolescence,,,
7912,crise du logement,n,feminine,housing crisis,,,
7913,aménagement urbain,n,feminine,urban planning,,,
7914,logements sociaux,n,masculine-plural,social housing,,,
7915,efficacité énergétique,n,feminine,energy efficiency,,,
7916,système éducatif,n,masculine,educational system,,,
7917,enseignement supérieur,n,masculine,higher education,,,
7918,littératie numérique,n,feminine,digital literacy,,,
7919,débat public,n,masculine,public debate,,,
7920,famille monoparentale,n,feminine,single-parent family,,,
7921,égalité des sexes,n,feminine,gender equality,,,
7922,lutte contre les discriminations,n,feminine,anti-discrimination,,,
7923,société de consommation,n,feminine,consumer society,,,
7924,traçabilité,n,feminine,traceability,,,
7925,regroupement familial,n,masculine,family reunification,,,
7926,sécurité alimentaire,n,feminine,food security,,,
7927,agriculture biologique,n,feminine,organic farming,,,
7928,patrimoine immatériel,n,masculine,intangible heritage,,,
7929,arts numériques,n,masculine-plural,digital arts,,,
7930,équité salariale,n,feminine,pay equity,,,
7931,produit intérieur brut,n,masculine,GDP,,,
7932,politique budgétaire,n,feminine,budgetary policy,,,
7933,planification stratégique,n,feminine,strategic planning,,,
7934,droit à la déconnexion,n,masculine,right to disconnect,,,
7935,responsabilité sociétale,n,feminine,corporate social responsibility,,,
7936,transition écologique,n,feminine,ecological transition,,,
7937,gestion des émotions,n,feminine,emotional management,,,
7938,résilience psychologique,n,feminine,psychological resilience,,,
7939,état de droit,n,masculine,rule of law,,,
7940,droit d'asile,n,masculine,right of asylum,,,
7941,liberté d'opinion,n,feminine,freedom of opinion,,,
7942,modération de contenu,n,feminine,content moderation,,,
7943,gouvernance institutionnelle,n,feminine,institutional governance,,,
7944,transparence démocratique,n,feminine,democratic transparency,,,
7945,accord de libre-échange,n,masculine,free trade agreement,,,
7946,sécurité transfrontalière,n,feminine,cross-border security,,,
